run,pmt,nevents,calibration_constant,calibration_error,chi2,chi2_ndf
23839,3,2645,5.299010369575437,0.21692793049348574,95.79269630602171,1.2440609909872948
23839,4,5793,5.952752856638261,0.35204595833101543,368.0039981476577,4.779272703216334
23840,3,7649,5.037368068546455,0.10671405557606468,118.5741058673422,1.539923452822626
23840,4,17060,5.892760312933009,0.3274639509297111,954.6047152524737,12.397463834447711
23841,3,1961,5.15774522035657,0.21902834649981923,62.95678277651072,0.8176205555391003
23841,4,4392,6.4686663834531295,0.3621267314592235,230.8645373850078,2.9982407452598414
23842,3,3271,5.1949235895816654,0.1524535921445282,142.36733331342268,1.848926406667827
23842,4,7356,6.345341040257352,0.3734383118829694,378.4384394192516,4.914784927522748
23844,3,6310,4.960445555550202,0.11734041802025627,674.2394504909112,8.756356499881964
23844,4,14149,5.957499280889561,0.33975909350315814,814.7548488281869,10.581231802963467
23845,3,5584,5.115388720861129,0.10580028658248962,79.78772740211282,1.0362042519754913
23845,4,12650,6.2050366780543555,0.35791254300740205,629.1901341191884,8.171300443106343
23846,3,7319,5.224954627218008,0.14276606993196075,98.95689578119699,1.285154490664896
23846,4,16064,6.310188075504648,0.34973805819581444,804.602106030617,10.449378000397624
23847,3,5600,5.135963604241633,0.10162522209094493,65.16251131248212,0.846266380681586
23847,4,12673,6.192387590961561,0.33453215314944373,588.1361187033095,7.638131411731293
23848,3,4494,5.307337562227368,0.1346934343397903,1232.452719456978,16.005879473467246
23848,4,9921,6.090129478311789,0.34608108090988277,491.61643329481967,6.3846290038288265
23849,1,78,4.3368807104151745,0.9725324190070161,207.3474711134984,2.6928243001753036
23849,2,99,5.691737735933551,0.7712218719890295,44.966656644997336,0.5839825538311343
23849,3,568,4.345506564495187,0.3543322085168923,164.2079538041586,2.132570828625436
23849,4,1970,5.853297432599523,0.3746915122198391,111.12656341294468,1.4432021222460347
23850,1,83,6.367760055314909,1.3793733285565526,61.37262642929045,0.7970470964842915
23850,2,116,5.8719060069310975,0.8808411128675855,93.47006023564063,1.213896886177151
23850,3,676,4.990674933014233,0.2858261224791678,47.738535440629406,0.6199809797484338
23850,4,2147,6.01473653223021,0.3877855831908374,141.1373385252901,1.8329524483803907
23851,1,87,4.452243074134633,0.960774145433876,4384.397636467977,56.940229045038656
23851,2,116,5.172527338610568,0.7086066006165419,243.45448803562223,3.161746597865224
23851,3,745,4.848243780238316,0.3270287327588648,65.08689692155293,0.8452843756045836
23851,4,2363,5.409731817832848,0.35316735749123124,198.02970367352975,2.571814333422464
23861,1,838,5.269224116348189,0.3400317670218617,364.2755354770463,4.7308511100915105
23861,2,2927,7.043055132081796,0.2441904807941494,91.69234937200672,1.1908097321039834
23861,3,2158,5.177887714177634,0.1808247826151581,97.4455837519325,1.2655270617134091
23861,4,983,5.696028901486233,0.4041500023159994,143.5500781211329,1.864286728845882
23862,1,1035,6.624348540932587,0.5500358743487728,398.8241770362757,5.1795347667048794
23862,2,4119,7.4921602957987385,0.2873702361340475,121.12965017578063,1.573112339945203
23862,3,2858,5.1722162799305655,0.15484710813295502,141.9141529904553,1.843040947927991
23862,4,1318,6.777875896561859,0.5270829248828668,184.24989345647597,2.3928557591750126
23864,1,1139,6.242231201996004,0.36735254025765535,211.70547630413984,2.749421770183634
23864,2,3734,7.145037208774374,0.2954225067000698,133.21876249577664,1.7301137986464499
23864,3,2896,5.232358850952298,0.18029795020692635,265.4098630242121,3.44688133797678
23864,4,1249,6.483636364187349,0.4148871112422254,164.65466040029128,2.1383722129907956
23865,1,781,5.972478708291649,0.44669459973554804,439.403974451444,5.706545122746026
23865,2,2781,7.39204431901919,0.26160061261549516,66.61886541497256,0.865180070324319
23865,3,2085,4.963776725881512,0.15190594434904925,168.13273386076932,2.183541998191809
23865,4,898,5.578560222001808,0.3593438412051669,69.57097080432129,0.9035191013548219
23866,1,445,5.8547676907839525,0.5111219873671129,52.09843983508965,0.676603114741424
23866,2,1365,6.3335984537967125,0.3486202508078304,168.75579875926303,2.191633750120299
23866,3,928,5.4567015862199275,0.3632137216080909,81.78522810011967,1.0621458194820736
23866,4,480,5.024011788149789,0.39266181693449453,113.51377273579189,1.47420484072457
23867,1,749,6.361582598851433,0.4248987622745115,60.43823119026564,0.7849120933800733
23867,2,2233,7.314008578803307,0.357381164390901,121.76709208519205,1.5813908063011954
23867,3,1656,5.535190853732343,0.24662415558549478,247.4216546053451,3.2132682416278584
23867,4,780,7.281987741136487,0.6705648920302831,196.00576775492289,2.545529451362635
23868,1,914,6.0278752720335,0.4298188018596258,312.329414293985,4.056226159662143
23868,2,2768,6.752320718078145,0.31496631794986707,172.00804965608646,2.2338707747543696
23868,3,1936,4.672488790479206,0.17912091858037985,317.11998941834815,4.118441421017509
23868,4,910,7.110963485021748,0.64459511999401,108.3569258688018,1.4072328034909325
23876,1,287,7.648236831016208,1.0735065417705734,2817.1609341860762,36.58650563878021
23876,2,1063,7.6018352696125255,0.4181967127964566,125.62907294954607,1.6315464019421568
23876,3,822,4.228544014217049,0.3173803340964031,676.0617130523754,8.780022247433447
23876,4,298,5.916916823173803,0.7156085752729028,132.60181631324548,1.7221015105616295
23880,1,60,1.976761175297433,8276.706548873608,256759310689448.2,3334536502460.366
23880,2,157,4.715896374488321,4.57437729543073,8.15697363732536e+32,1.05934722562667e+31
23880,3,105,222.2794908857247,168638.51296849104,2091533497194.1501,27162772690.83312
23899,2,57,0.8615063500340151,0.8001114401245886,1.5527879558686928e+17,2016607734894406.2
23900,2,64,2.2417840102865236,2.071379939917937,833900125603.2491,10829871761.081158
23904,1,457,6.744189141779593,0.6294880183804525,74.90432927028417,0.9727834970166774
23904,2,1391,7.100670098802611,0.4398233168169856,182.98819836963065,2.376470108696502
23904,3,1016,5.073347678797301,0.2659878250191209,749.8319012944521,9.738076640187689
23904,4,434,6.640835564318,0.7318075874035945,437.7049504891227,5.684479876482113
23905,1,473,4.619177865314877,0.3658772345355734,89122.89628873274,1157.4402115419837
23905,2,1119,6.918829908627578,0.41016610280279175,214.16886088760475,2.7814137777611005
23905,3,832,4.783491199355896,0.30188236441874833,840.8304259423012,10.919875661588327
23905,4,294,4.858170451266237,0.5386357653969869,943.6303595356504,12.254939734229227
23906,1,427,4.666212742471719,0.29430214287414996,100.19424990470591,1.3012240247364404
23906,2,1062,7.4454586987849165,0.4661295877175955,157.21609151987664,2.0417674223360605
23906,3,814,5.266452556972805,0.25099507137011323,177.5842579073584,2.3062890637319273
23906,4,314,6.672916876841346,0.7369492110459589,161.53324320463497,2.097834327332922
23907,1,475,4.012781614146839,0.22647805671462012,32.277080324068095,0.4191828613515337
23907,2,1129,7.189870201950819,0.4390258996444403,109.29644262105084,1.419434319753907
23907,3,843,5.39635076367422,0.3579379258465238,96.13318028780797,1.248482860880623
23907,4,313,4.183614716366898,0.37324788657730396,4997.031206005278,64.89650916889971
23908,1,186,3.2650878657454436,0.2712227674354967,90.57823633266159,1.1763407315930077
23908,2,511,7.099498398419177,0.5566797492718892,139.35572702124347,1.8098146366395256
23908,3,347,6.255592020813106,0.652539699789502,149.64661685000283,1.9434625564935433
23908,4,141,9.162792137470408,1.4754465861744963,64.82702457024348,0.8419094100031621
23942,1,140,6.140736557862557,0.9288830393834557,71.3445081436135,0.9265520538131623
23942,2,428,6.377072294676321,0.5928636740772908,158.1838252321005,2.0543353926246817
23942,3,349,4.606578605241868,0.3896475423075243,169.80338983457798,2.205238829020493
23942,4,132,5.512337644112674,0.8614550172386096,1895.449127825864,24.616222439296937
23943,1,56,6.647134581504256,1.5791137523430991,316.82820695810346,4.114652038416928
23943,2,148,5.416799193936205,0.7474122078594346,122.85876277338939,1.5955683477063556
23943,3,94,5.443410357464279,0.7650972196664628,24.808798699101345,0.32219219089742007
23943,4,54,4.127734105290698,1.0592082182617397,112.92693080003053,1.4665835168835135
23944,1,465,7.322341045067126,0.5592640653920745,66.49556452446241,0.8635787600579534
23944,2,1362,7.233188084567724,0.34585963856109214,231.36172513203138,3.0046977289874204
23944,3,955,5.179399503410398,0.2746476155225297,190.00137786112873,2.4675503618328407
23944,4,378,5.7833466087047904,0.5791943973140593,535.5848156497456,6.955646956490202
23945,1,283,3.5352286886169946,0.29572348003119053,48.14123613564966,0.6252108589045411
23945,2,743,7.175847721811226,0.5498458616381221,180.0594526535356,2.338434450045917
23945,3,513,5.1898871558764945,0.40765383012117207,780.1056832089592,10.131242639077392
23945,4,213,6.950420931393613,0.8637399729568053,671.2133306361656,8.717056242028123
23946,1,475,4.394620939141024,0.27075039556723424,30.00390485346897,0.3896611019931035
23946,2,1126,6.739244545764982,0.34362180439829904,256.8486564651533,3.335696837209783
23946,3,873,4.981503395700786,0.2893670716491529,192.86620078882277,2.5047558544002957
23946,4,331,5.221726107918786,0.5954511004292047,164.01074528734796,2.130009679056467
23947,1,449,5.0368545180918955,0.3339738547421213,957059022.4600511,12429337.954026638
23947,2,1134,7.11846841362457,0.39992273807669776,184.40770390690096,2.394905245544168
23947,3,837,5.253796471794258,0.2683211266762838,137.89361885253203,1.7908262188640522
23947,4,352,6.043068435544738,0.6272034473896598,290.50873987770626,3.772840777632549
23948,1,503,4.696638822921749,0.30324767188599533,116.00942865913063,1.5066159566120862
23948,2,1234,6.400408565272467,0.3377716755302097,345.3065805483234,4.484501046082122
23948,3,999,5.1070449423698445,0.26229474989991125,96.88421229402752,1.2582365232990587
23948,4,387,5.031094835608671,0.6060727994541404,1089.5529593378035,14.150038432958487
23949,1,67,4.11620524032328,0.653722889402073,69.9561691065915,0.9085216767089805
23949,2,148,8.166836369063864,1.2183704541730596,56.56586650270883,0.7346216428923225
23949,3,106,4.763778596364934,0.6427063707910602,85.78098368678167,1.1140387491789827
23950,1,542,3.9614473588805574,0.2173327602801852,74.59962274057406,0.9688262693581047
23950,2,1360,6.389760204712852,0.26804778522048145,245.72113431310942,3.1911835625079146
23950,3,945,3.9286364841882433,0.21964854314256368,3931.5302359103484,51.058834232601924
23950,4,365,7.62680848131723,0.7858858630658722,58.58967118376053,0.7609048205683185
23951,1,577,3.7312684122273896,0.20113237761213826,11136544.095166072,144630.4427943646
23951,2,1534,6.814328379702363,0.3519775330749081,108.17207726633706,1.4048321722900916
23951,3,974,5.038202623021467,0.2978309126591901,179.90511901842828,2.336430117122445
23951,4,424,7.241998807337711,0.8863386532794126,158.36603008862843,2.056701689462707
23952,1,429,4.246208216576477,0.22339813070519796,20.34882742437459,0.26427048603083886
23952,2,1118,7.572832948158363,0.5385283669199974,110.2442145092738,1.4317430455749844
23952,3,862,4.808288217428687,0.22997901342585347,506.64886221621714,6.579855353457366
23952,4,323,6.0320553211787225,0.7415606126897593,1136.4354168729194,14.758901517830122
23953,1,463,4.029558530615812,0.27169930480439447,52.9738828880071,0.6879725050390532
23953,2,1117,7.535843491094986,0.5407719563137675,147.04837117403838,1.9097191061563425
23953,3,804,4.3673728947893276,0.2826378030520542,284.50336276957006,3.6948488671372735
23953,4,300,5.097470486811242,0.5432268567635816,1225.1707771227098,15.911308793801425
23954,1,165,4.632892755953545,0.47778278355651127,42.54050846971475,0.5524741359703215
23954,2,466,7.066459418531002,0.5926508727332307,90.9214229711315,1.1807977009237858
23954,3,344,4.652928194156427,0.4213503187781565,365.08484512414316,4.741361624988873
23954,4,152,5.940060397959678,0.8454263176411961,50.248308981066444,0.6525754413125512
23955,1,351,3.7832204531506703,0.19475937091990742,31.497329525485746,0.40905622760371096
23955,2,890,6.709388246869861,0.3618041798954897,107.42588003494426,1.3951412991551202
23955,3,662,4.733017898803194,0.24680780890760656,532.4624437087931,6.915096671542767
23955,4,273,6.451137098896139,1.0323625636866578,177.5376854902481,2.305684227146079
23956,1,78,5.259509044270685,0.9642812274688088,36.17707377962273,0.4698321270080874
23956,2,229,8.163890931640504,1.011841901280735,79.10977965418043,1.027399735768577
23956,3,165,5.067785916573901,0.46707905277216194,36.4201742158803,0.472989275530913
23956,4,59,2.392959090406885,0.4067860657610372,94387609.85393807,1225813.1149862087
23957,1,260,3.448986058479235,0.26849238309841494,31889107871261.555,414144258068.3319
23957,2,1654,7.490727297525202,0.4466951551668926,189.6467535280594,2.4629448510137584
23957,3,1409,4.8529859024011,0.22108810591479877,141.57895494609474,1.8386877265726589
23957,4,418,7.091287604289828,0.5933569779112647,49.60809725332282,0.6442610032899068
23960,1,837,7.864620408536842,0.5164606475677506,329.152957648118,4.274713735689844
23960,2,7030,6.9756967617648025,0.2654031809596405,208.27082379537245,2.7048158934463955
23960,3,5593,4.754000010021796,0.1115410603751155,363.090210435539,4.7154572783836235
23960,4,1768,6.615103846252146,0.4267494338272631,104.2440533765051,1.3538188750195466
23961,1,266,3.8877950469487734,0.23444052319001818,17.74386669386449,0.23043982719304532
23961,2,1644,6.578423433800327,0.303612011433052,61.51878541952493,0.7989452651886355
23961,3,1498,5.109978802427374,0.26502245672943164,1253.5701874213005,16.280132304172735
23961,4,450,6.30018791041621,0.4042654811932849,66.02992728195383,0.8575315231422576
23962,1,72,2.774094694155871,0.445600828747716,128.27481953982988,1.6659067472705178
23962,2,575,7.277098889897766,0.5874086356686681,81.34297351217415,1.0564022534048592
23962,3,579,5.07824814481684,0.28471858097646036,54.89859672407379,0.712968788624335
23962,4,204,4.158336842914082,0.5876878151817456,155.21240029789817,2.015745458414262
23964,1,1312,4.062071490095625,0.1747937077226228,80.7456416379406,1.0486446965966312
23964,2,9827,6.992562222950136,0.16724284861813932,130.09444234350516,1.6895382122533138
23964,3,7428,5.053524441382894,0.09026205708039278,6824.880549095152,88.63481232591106
23964,4,2168,6.751189364559627,0.3859416855799641,122.57450425161161,1.5918766785923586
23965,1,1200,4.006585988925989,0.1733406874612791,67.09183690906093,0.8713225572605315
23965,2,8587,6.798157178261703,0.19277214070070361,292.5480070682105,3.7993247671196166
23965,3,6611,5.11936473890709,0.10479144339504899,4238.52160037233,55.045735069770515
23965,4,1885,7.598836304719558,0.5201423366912851,135.49569651734024,1.759684370355068
23966,1,1304,3.85505155395735,0.12203980800955326,25442134.727257263,330417.3341202242
23966,2,9618,6.935961144206923,0.18371958898654694,125.96228994690472,1.635873895414347
23966,3,7425,4.77976165833145,0.10598696796008797,13265.923358980916,172.2847189478041
23966,4,2152,7.594645981036594,0.5214988787848883,136.82138608263006,1.7769011179562344
23967,1,699,3.6721570865066298,0.12239801558874326,2185595422.870468,28384356.141174912
23967,2,5605,6.963326011167266,0.27588840658620906,159.8864047863421,2.0764468154070403
23967,3,4429,5.048272189323448,0.18470308744979816,2625.0690193916753,34.09180544664513
23967,4,1241,7.5064727821748365,0.5070412369745466,85.25813940877904,1.1072485637503773
23969,1,1106,4.035491999535371,0.17404623879794928,639.8288793042575,8.309465964990357
23969,2,8963,6.8794178864113,0.2003649698114649,233.01497033578823,3.026168445919328
23969,3,7565,4.906978091720455,0.10494392363616091,8977.868452230217,116.59569418480802
23969,4,2056,6.86154383783607,0.42449277852352996,116.63396713120952,1.514726845859864
23970,1,1098,4.406773359170119,0.12564784896483192,14572168.50639477,189248.94164149053
23970,2,8401,6.826203806877746,0.203503228636536,130.70810347656428,1.6975078373579775
23970,3,7026,4.961206076113273,0.11435328328840608,183.1278868385337,2.3782842446562817
23970,4,1824,7.398546985401534,0.48487139381590244,123.91660040487227,1.6093064987645749
23972,1,734,3.7702983349062826,0.1505650815159775,1671.319353855122,21.705446153962622
23972,2,6372,6.945025612162971,0.2584204902848842,190.3501476560909,2.4720798396894925
23972,3,5900,4.776237665048812,0.09884041335232072,10057.736492515696,130.61995444825578
23972,4,1435,7.3773783638133965,0.5507879203503067,105.7278419166642,1.373088856060574
23973,1,256,3.0451942348525347,0.28794907482925414,41.865053028663866,0.543701987385245
23973,2,2036,6.989433205274772,0.28690531286141974,145.68781282783235,1.892049517244576
23973,3,1966,5.03744404658463,0.17147281286550586,19038.464157944953,247.25278127201238
23973,4,509,7.019222291828212,0.6240335192656101,68.89516545415694,0.8947424084955446
23974,1,852,8.534824502184888,0.6027384816522794,79.66164275633332,1.03456678904329
23974,2,7538,6.875332991057051,0.2334836078784451,149.82824823321792,1.9458214056262066
23974,3,7217,4.916637239294411,0.10310343793795994,6746.715042287834,87.61967587386798
23974,4,1839,7.482310144463989,0.5662111682518938,150.02423507388104,1.9483666892711824
23975,1,214,5.215825689801087,0.5669453027567308,37.406177205093236,0.485794509157055
23975,2,1671,6.8866172651986,0.325442837859581,61.27620561294116,0.7957948780901449
23975,3,1656,4.618433400110497,0.16691004259624076,89.10555900644249,1.1572150520317206
23975,4,452,5.996878733563627,0.6172297132095296,85.3796666618193,1.108826839763887
23977,1,1259,7.50202057217957,0.3418371901034565,161.30701863625882,2.0948963459254393
23977,2,4091,6.8224132415091265,0.2676333170322919,277.03101545300524,3.5978053954935745
23977,3,2325,5.297900833619959,0.19932347334854508,139.83316952297736,1.8160151886100955
23977,4,802,6.685708365059667,0.6246311509645661,87.00875728921183,1.1299838608988548
23979,1,10320,3.9538073523525177,0.04225066924376917,24662514867.32968,320292400.87441146
23979,2,30036,7.0473700944987545,0.2201354926418331,553.3800162740697,7.186753458104802
23979,3,17026,5.157263702458637,0.08143380358845177,1619.3881277579858,21.03101464620761
23979,4,5814,6.724728983044224,0.3471825074211732,237.00377786583658,3.077971141114761
23980,1,747,3.8924826720129566,0.16168316818375716,26.93242123713567,0.34977170437838534
23980,2,2280,7.1302012824090415,0.29911680046908873,108.4863935899098,1.408914202466361
23980,3,1379,5.036333106967455,0.23427926312462874,234.04976298968555,3.0396073115543576
23980,4,465,7.348724104760915,0.8253673104859645,96.50257794586679,1.2532802330632051
23981,1,1607,5.795220790951801,0.2582725146406128,298.5265403134538,3.8769680560188804
23981,2,5077,6.849295523519125,0.2352175197841316,210.39359278240016,2.7323843218493526
23981,3,3040,5.084205854499515,0.1850395102526991,4008.701217175813,52.06105476851705
23981,4,1056,6.429556876119208,0.4016673436605725,70.81350219122125,0.919655872613263
23982,1,440,3.755358167346095,0.20101797382750403,25.584367875335474,0.3322645178614997
23982,2,1326,6.618553509645332,0.34406125833167667,282.1421942952601,3.664184341496884
23982,3,837,5.437424928405531,0.31641763769833925,68.42845296713573,0.888681207365399
23982,4,271,6.635605314137034,0.758784099510941,63.997865188665045,0.8311411063462993
23983,1,2048,8.91083192824329,0.37398901445355537,87.72529007666239,1.139289481515096
23983,2,7298,6.895134676567956,0.24688678034194633,257.90230414170617,3.3493805732689115
23983,3,4497,5.329147390157793,0.1342314272946403,465.90330992087013,6.050692336634677
23983,4,1525,7.367675740590435,0.5116829447530203,130.10532045591592,1.6896794864404665
23984,1,1249,4.105135873399423,0.12344348694123124,828236.5555026566,10756.318902631903
23984,2,4016,6.821204689244004,0.19444496773793896,154.21322578983705,2.00276916610178
23984,3,2616,4.917655187673252,0.18884226310031488,27075.872098887503,351.63470258295456
23984,4,818,7.185193141864256,0.5575217920762037,79.85255686839571,1.0370461930960482
23985,1,1298,3.8486820659825645,0.09752383160942989,1852666.3015709666,24060.60131910346
23985,2,3862,6.674236715743558,0.245460309512472,319.68821485899707,4.151794998168793
23985,3,2243,4.909452887394037,0.16470767853465312,1118.6646038823949,14.5281117387324
23985,4,787,6.873363800066201,0.5493270939533723,78.15041521288292,1.0149404573101677
23986,1,1217,3.9562570366643106,0.12073783178642117,74488.58065360086,967.3841643324787
23986,2,3679,6.874129740719409,0.2299115085307271,152.75133963006505,1.9837836315592863
23986,3,2015,4.97111217990491,0.18507802023097686,12425.331065064445,161.36793590992787
23986,4,687,6.745125072165369,0.5559993824007265,148.4851938750856,1.9283791412348779
23987,1,1065,3.841130699646435,0.14557948642564453,188919222.48693287,2453496.3959341934
23987,2,3295,6.681601960727756,0.3025134975970094,260.5369106354038,3.383596242018231
23987,3,1944,4.670779594892982,0.15683920223412623,16106.918995467242,209.18076617489925
23987,4,648,7.202256978244848,0.730804358631665,96.3138513035777,1.2508292377088013
23988,1,1224,3.999942025521309,0.09769707512065433,66178610739499.88,859462477136.362
23988,2,3572,6.989826413656358,0.29762893535367474,188.9297544082928,2.4536331741336728
23988,3,2025,4.774795095083721,0.18485010671892343,178.11476195658219,2.3131787267088595
23988,4,686,6.525726512737944,0.5329056811658412,79.13596795750593,1.027739843603973
23989,1,1534,4.784807489868874,0.19627825876416022,279435011.9575527,3629026.129318866
23989,2,4579,7.0312222943939515,0.2559744750919513,399.0986980791613,5.183099975054043
23989,3,2624,5.126391696380704,0.18013491106728022,209.19982195814626,2.7168808046512503
23989,4,903,7.366943201970697,0.47271405148239615,160.66233514433662,2.0865238330433327
23990,1,932,3.7525740902866422,0.12341553430457247,41.63167982435763,0.5406711665500992
23990,2,2827,6.926743068991285,0.3650759013887967,199.96560167511572,2.596955865910594
23990,3,1543,5.14609788315767,0.20008548924126493,78.96893550252719,1.0255705909419115
23990,4,572,6.96818701923785,0.7049855287215145,124.11706095948801,1.6119098825907534
23991,1,417,3.5820083465885633,0.20940588792299258,3793.484833743191,49.26603680185962
23991,2,1170,6.868302274061968,0.48564421100903665,103.16698125675805,1.3398309254124423
23991,3,604,4.2442669487322995,0.2739077278798817,517321.459025686,6718.460506827091
23991,4,196,4.5941760758715535,0.6715333803946011,204.44286479045485,2.655102140135777
23992,1,1958,3.6330144473364023,0.0909600239165799,1874577.976128909,24345.168521154665
23992,2,6076,6.9023886121187426,0.2389679136767066,241.32744249058152,3.1341226297478118
23992,3,3536,4.9137610927918836,0.13538876495876845,249.17601735307267,3.236052173416528
23992,4,1182,7.53905456054723,0.5580922592148829,106.66427852736938,1.3852503704853165
23993,1,2330,4.119572149042731,0.06775965018474259,14507.661401230487,188.41118702896736
23993,2,7141,6.65155541414088,0.18998457634809413,552.0661645060214,7.169690448130148
23993,3,4023,5.011882627515983,0.15109130747149424,199.49795342408783,2.5908825120011407
23993,4,1366,7.21219320719005,0.5277569037239963,114.26403133192082,1.4839484588561145
23994,1,2741,3.969848176545665,0.12465963383354435,664631.1015023218,8631.5727467834
23994,2,8598,6.92138251145126,0.18768550713913604,224.38988296187122,2.9141543241801457
23994,3,4937,4.911378949717159,0.1523928905519631,2038.5162706693138,26.47423728141966
23994,4,1562,7.224664514487861,0.4351660689604021,108.35493576001417,1.407206957922262
23995,1,1757,3.9177573615556307,0.09386853865267464,324317564232.7161,4211916418.606703
23995,2,5547,7.144194778568888,0.21901594118159562,180.83853748464276,2.3485524348654905
23995,3,3128,4.9792054944619695,0.11808655679511683,3984.4394456546656,51.74596682668397
23995,4,1118,6.2751608555942155,0.47924018019881903,234.77491742627518,3.0490249016399376
23996,1,1839,3.687274029798969,0.08994702032232114,14556.310792081342,189.04299729975767
23996,2,5758,6.680674113013775,0.27708761398246406,316.2351342732797,4.106949795756879
23996,3,3267,4.603723841633693,0.1376835087573191,3002.074711276259,38.98798326332804
23996,4,1092,7.028932714595617,0.5363103592527692,104.4742688775886,1.3568086867219298
23998,1,1172,3.818948686345673,0.1245213809616831,16769.8310236822,217.79001329457404
23998,2,3697,6.987730766342484,0.30570621656371255,118.45157677638224,1.5383321659270421
23998,3,2068,4.675471072137268,0.17117098542828088,152.0524584854873,1.9747072530582768
23998,4,711,7.0961581253687775,0.5720526673177627,74.31527288182295,0.9651334140496487
23999,1,1394,3.5127669775410655,0.08981889630658596,127889.48764558995,1660.9024369557137
23999,2,4394,6.858146628184458,0.2848667251476103,315.95467736863463,4.103307498293956
23999,3,2566,5.06061613411132,0.16666163411180737,79.38433775625273,1.0309654254058798
23999,4,817,6.771582572295431,0.41956311218545506,51.29710505319744,0.6661961695220447
24001,1,1949,3.9554763707929825,0.07130516434625438,6031007341181.975,78324770664.70097
24001,2,5842,6.9223595631513914,0.2684518237559966,574.452666880251,7.460424245198064
24001,3,3499,4.939303117699006,0.16659140602184674,108.95901925589376,1.4150521981284905
24001,4,1193,6.170353421519028,0.42986291526446624,118.30631829393427,1.5364456921290164
24002,1,2051,3.8700840084011987,0.10121307611462114,4146.1547127272825,53.84616510035432
24002,2,6208,6.7033109948480325,0.20923863475539983,215.268385212835,2.7956933144524028
24002,3,3771,4.908049040187294,0.13684340219335228,3568.871601836257,46.34898184202931
24002,4,1257,7.038964429245784,0.533333775035978,100.49555495251315,1.3051370773053654
24003,1,1972,3.8078006191451266,0.09101715617429303,41039998527.55378,532986993.8643348
24003,2,5818,6.697704866104502,0.18798110489612338,238.29224075440965,3.0947044253819436
24003,3,3374,4.9804186800633845,0.16645036500753604,351.99421349450995,4.571353422006623
24003,4,1198,6.906222335559717,0.4630696341402019,109.64689974895765,1.423985711025424
24004,1,1261,3.670651599064172,0.11435851706133472,29981.96119549745,389.3761194220448
24004,2,3767,7.545660187759009,0.31996787860192377,121.24215644898355,1.5745734603764097
24004,3,2287,5.185591431112921,0.11367543293374383,285.5126585564135,3.707956604628747
24004,4,787,6.781362640869453,0.5219251803040784,73.59512286351344,0.9557808164092655
24005,1,1715,3.7969166514120705,0.12145487939547163,31113057898445.73,404065686992.8017
24005,2,5589,6.790379334246092,0.2306720930881389,229.19790093075812,2.9765961159838716
24005,3,3561,4.894223969824062,0.11373123187040757,253.63275309199986,3.2939318583376607
24005,4,1187,7.446047083618887,0.6063653064368364,151.5278153670953,1.9678937060661725
24006,1,1471,3.979010264303803,0.11979505452193143,980.1157779473536,12.728776336978619
24006,2,5033,6.901156028266069,0.22162059160423453,360.7360057093319,4.684883191030284
24006,3,3054,5.232931539516202,0.12031533168815538,713.8150704340698,9.270325590052854
24006,4,988,6.701052248449678,0.5238266005758511,114.77315250988094,1.490560422206246
24007,1,1436,3.69249997264995,0.12442732963027943,28.88110371665266,0.37507926904743716
24007,2,4999,6.740052790246551,0.2299509205986535,304.87183208660247,3.9593744426831488
24007,3,3150,5.114400182499419,0.14217153695369134,141.87750404478822,1.8425649875946524
24007,4,1013,6.745386004190559,0.4736710892292405,84.58578109390336,1.0985166375831605
24008,1,432,4.137994707608184,0.239711845233708,60.48246402952892,0.7854865458380379
24008,2,1478,6.351802086182687,0.3159574849442449,192.3022787499391,2.4974321915576505
24008,3,841,5.519040039846734,0.28807658276257225,43.577332836382865,0.5659393874854918
24008,4,308,6.937952370057147,0.6095919766311633,42.278427722703384,0.5490704899052388
24009,1,2161,3.883487981590669,0.10560190037751505,4662016.919944329,60545.67428499129
24009,2,7049,6.6418762898824815,0.20616979767842736,568.964633255597,7.38915108124152
24009,3,4406,4.92406063349403,0.14776835918648515,143.88542582136864,1.8686418937840084
24009,4,1423,6.580703809111551,0.5302401790540929,151.01799921385594,1.9612727170630642
24010,1,1882,3.7905962844942818,0.09246921022270799,949.1589470293081,12.326739571809197
24010,2,6384,6.568603373428373,0.2066889214930261,216.99612230612115,2.8181314585210537
24010,3,3965,5.0532006543538275,0.14510982770119715,179.21923385961378,2.327522517657322
24010,4,1276,7.818819461855534,0.6280897387551221,135.6485150833435,1.7616690270564093
24011,1,1391,3.844231174545275,0.15954500533941224,710.0528717711838,9.221465867158232
24011,2,3888,6.688120972480934,0.2554320209718933,307.0329238093466,3.987440568952553
24011,3,2224,4.658135514281264,0.14411957315349888,55723.26423348366,723.6787562790086
24011,4,748,7.644480097795488,0.673077906918558,81.34315359214672,1.0564045921058016
24012,1,1291,3.6506850338969707,0.14772739427269496,49.33884702017288,0.6407642470152322
24012,2,4003,6.516191040523934,0.2551496650468967,120.8274429606816,1.5691875709179428
24012,3,2267,4.811622127472205,0.18749979008221335,525.5892750922931,6.825834741458351
24012,4,743,7.333348733015004,0.5955300997120334,72.05762032344454,0.9358132509538252
24013,1,1393,3.6533632023565787,0.1275549916700922,2.853393641076224e+16,370570602737171.94
24013,2,4310,6.834563501537361,0.2860864853498368,287.4768504576677,3.733465590359321
24013,3,2388,5.031431758728906,0.15998504470260339,262.4668733906557,3.408660693385139
24013,4,791,7.4206292216567675,0.6611316099640618,166.38333541498383,2.160822537856933
24014,1,1374,3.619051591037914,0.11504495862165484,152823444145.40924,1984720053.8364837
24014,2,4175,6.980330432690572,0.26279970079818626,223.09750977877613,2.8973702568672226
24014,3,2401,4.970360093703068,0.147069021024163,480.73521022349576,6.243314418486958
24014,4,769,6.722845068750973,0.5246877465131402,73.1269414422299,0.949700538210778
24015,1,1173,3.920168449212888,0.15092549296945007,307.5673030098084,3.9943805585689405
24015,2,3686,7.3674423299372345,0.26803001618932254,208.44441389341662,2.707070310304112
24015,3,2056,5.114539261012181,0.20051047359623123,124.78206101480865,1.620546246945567
24015,4,635,5.840780822320858,0.42283363040116945,107.30092893867865,1.3935185576451774
24016,1,609,3.5552779507805394,0.11993226080488027,26.025392851867586,0.3379921149593193
24016,2,1892,6.953701215879847,0.3635625349526263,90.64460973823853,1.1772027238732277
24016,3,993,5.0947280779833575,0.3180758476657699,102.46380752771888,1.3306987990612842
24016,4,380,6.08234438999851,0.688335273696141,94.98297837648016,1.2335451737205216
24019,1,2097,3.639857816147445,0.09180154094681695,10264.610660323531,133.30663195225364
24019,2,6755,6.320787229207184,0.16158969408636825,530.2267449841315,6.886061623170539
24019,3,4033,4.786346376873383,0.140863540260814,1827.0310391446653,23.727675833047602
24019,4,1322,6.6889661892407615,0.5432761541514082,136.34157969773207,1.7706698662043125
24020,1,1979,3.77790861995796,0.12329706711486935,8525374422.522093,110719148.34444277
24020,2,6083,6.485345856552377,0.21600778366997925,540.9177774645389,7.024906200838167
24020,3,3549,4.730365390377878,0.12943661692181796,3771.073912767031,48.97498588009131
24020,4,1224,7.382669206672329,0.6136623473042897,114.3470785384679,1.4850269940060765
24021,1,2279,3.899730147043329,0.09238914162729443,8919549578828077.0,115838306218546.45
24021,2,6823,6.451565455603349,0.22513817457991514,464.98876265504276,6.03881509941614
24021,3,4093,4.577198417253426,0.13941353236776952,1245.1802662669093,16.17117228918064
24021,4,1336,7.053944883744082,0.5994192413543327,129.2952933125296,1.6791596534094753
24022,1,2301,3.7998118568614956,0.12514437630046796,248.39938322269592,3.225966015879168
24022,2,7049,6.791875263704105,0.2095393848062121,204.91869090058816,2.6612817000076383
24022,3,4088,4.742460729299259,0.14563941041023423,1038.9442803839734,13.492782862129523
24022,4,1255,6.911787055498996,0.5484721817017771,105.10356859088148,1.3649814102711881
24023,1,366,3.2020116011691484,0.19771566635625268,50.57495633599697,0.6568176147532074
24023,2,1115,6.717111319460614,0.3978146103406715,68.62436714533933,0.8912255473420693
24023,3,675,5.340051974807358,0.35117139260792823,55.39110365704483,0.7193649825590238
24023,4,222,8.160816370540745,1.1587967464221605,59.701552224727,0.7753448340873637
24024,1,1854,3.996672793741021,0.12621120281743067,31.61284966696252,0.4105564891813315
24024,2,5498,6.553788976853221,0.2554782227209798,226.0928333201863,2.9362705625998218
24024,3,3217,5.140076077348383,0.19136521396347828,187.4568562824515,2.4345046270448245
24024,4,1060,6.635589235604862,0.5987986405730964,111.08646683205507,1.4426813874292865
24026,1,1313,8.502397871080683,0.40865745460029584,92.89487265069774,1.206426917541529
24026,2,4675,7.045445395464339,0.2654775723199537,102.816068892524,1.3352736219808312
24026,3,2674,5.025697292971626,0.16773999722976005,339.7667496459928,4.412555190207699
24026,4,931,6.374221722181585,0.6133045699883776,134.38657669957828,1.74528021687764
24032,1,1734,9.159127381245993,0.42406265569790635,96.72389761583469,1.2561545144913595
24032,2,6056,6.501222549492792,0.2154316351261958,188.54442121000548,2.4486288468831883
24032,3,3647,4.80242915258079,0.1380664523029334,315.9026295013734,4.102631551965888
24032,4,1260,7.164036951265851,0.4760841449065982,104.95781072012498,1.363088450910714
24039,1,312,6.1540370483519915,0.5069300300267684,508.6220377515863,6.605481009760861
24039,2,1122,6.156273825927593,0.32508777956466484,275.3316314172239,3.5757354729509596
24039,3,721,5.125263525690516,0.23323037758477497,69.63517018853952,0.9043528595914223
24039,4,272,6.5465462190720975,0.6993366087704374,58.96090952882613,0.7657260977769627
24040,1,1810,6.087201796937357,0.22906188308696834,182.41121754905518,2.368976851286431
24040,2,6303,6.346520813336534,0.1687866343872956,511.22028301881477,6.639224454789802
24040,3,3819,4.775709786233495,0.16784891553882206,732.1569580577111,9.508531922827418
24040,4,1298,6.935827062174154,0.5637345857476045,149.44519617657085,1.940846703591829
24041,1,2231,9.774953697803637,0.49153752815883833,119.17456423252786,1.5477216134094527
24041,2,8460,6.45067490908965,0.1765654269543144,444.8737663626419,5.777581381333012
24041,3,5093,4.815807787761751,0.15554904161221397,3047.891594146409,39.583007716187126
24041,4,1714,6.962025961956475,0.4085009301225359,98.93533905858996,1.284874533228441
24042,1,1566,3.3471300058069926,0.13221046369645736,301.87456377432886,3.9204488801860893
24042,2,4812,6.089629817630519,0.25193633251769215,907.5955714572693,11.78695547347103
24042,3,2915,4.4678606230421956,0.11447215103936462,8309.133552886688,107.91082536216477
24042,4,932,6.711970683912889,0.41444941074010966,119.08236280754531,1.5465241923057833
24043,1,1108,3.339961828409544,0.12969123354085468,1594.712187041142,20.710547883651195
24043,2,3602,6.5117455192837905,0.2483967076887581,107.20713852995986,1.3923005003890891
24043,3,2182,4.672469331038784,0.1387826736140493,830.3598260884883,10.783893845305043
24043,4,738,6.066704079203227,0.5706038342807732,505.86599904069845,6.56968829922985
24047,1,1650,3.530337369042593,0.11434736589935567,179914.58443204453,2336.553044572007
24047,2,5184,6.920179736854457,0.2258966234810883,172.7186162937406,2.2430989129057224
24047,3,3351,4.906976700735371,0.16028973604288413,2666.853417065269,34.634459961886606
24047,4,1100,7.60647624322628,0.5278751294074177,93.60766145531912,1.2156839150041443
24048,1,1535,4.15986342226549,0.11632771114156064,34.26001534203637,0.4449352641822905
24048,2,5040,6.095113316985664,0.23269907891421332,398.9840572643051,5.181611133302663
24048,3,3195,4.936795090114351,0.16293320067284323,914.858940000449,11.881284935070767
24048,4,1007,7.347252006362584,0.455504796262276,77.0823975267412,1.0010700977498859
24049,1,1756,3.979692111901407,0.10142813769264336,15785501.176959272,205006.50879167888
24049,2,5540,6.705977036306955,0.23619191442465312,495.0126783391369,6.428736082326454
24049,3,3498,4.775057097712184,0.11057954645685916,877.9664205373473,11.402161305679835
24049,4,1131,7.144884278342156,0.591073025920499,118.42781351630636,1.538023552159823
24050,1,1730,3.9141478903731364,0.09484908822116224,15275003284156.445,198376666028.0058
24050,2,5622,6.209464462194429,0.2258721966139081,597.1654582438438,7.755395561608361
24050,3,3573,5.1255902015336865,0.139331884788303,8441.09946274646,109.62466834735663
24050,4,1062,6.677686036124819,0.45315212742954186,88.45996705465171,1.1488307409695027
24051,1,1487,3.611728742476101,0.09154521966224043,16951.000857722527,220.14286828211075
24051,2,4928,6.702629015092483,0.21077778220703397,318.9493864269896,4.142199823727138
24051,3,3053,5.007635957072681,0.15693492897236103,29280.8397047112,380.2706455157299
24051,4,979,6.430408161825081,0.45506830243414687,104.65797591524827,1.3591944924058217
24054,1,1351,3.7516750988587075,0.15070381255807572,112544200.19245934,1461612.989512459
24054,2,3973,6.26452371494727,0.23082672496926196,395.02920480231415,5.130249413017067
24054,3,2158,4.763389590000888,0.18555906008535972,7827.544395289464,101.65642071804498
24054,4,703,7.1788259160821415,0.6230630888692398,112.63075164883833,1.4627370344004977
24055,1,1308,3.850542492504606,0.11285387459823387,413.76465708485966,5.373566975128048
24055,2,4006,6.7187020449739325,0.27438712124999115,356.0506700399867,4.624034675843983
24055,3,2298,4.824696657705682,0.1296226714645358,85.56065480632861,1.1111773351471248
24055,4,750,7.126004626787989,0.6210852222987086,89.91961832525004,1.1677872509772733
24056,1,1422,3.7558452977052066,0.11880953694666298,1261696045.5800283,16385662.929610757
24056,2,4014,6.518868233603112,0.24159102165198956,132.50908131826031,1.7208971599774068
24056,3,2322,4.961952876097,0.1814255559596917,143.89711155921066,1.8687936566131254
24056,4,807,7.102672857504515,0.6032314485036949,92.48443265976286,1.2010965280488684
24057,1,1295,3.574086114317933,0.11415029409522677,1287451532826740.8,16720149776970.658
24057,2,3779,6.5939694425300575,0.22529760947405567,749.0582253923411,9.728028901199234
24057,3,2130,4.81662289809948,0.17133923204415177,6346.118504345011,82.4171234330521
24057,4,751,6.454715514917194,0.5230314997073781,87.42545395266981,1.1353955058788288
24058,1,1042,4.342587733528278,0.13310057370462058,35.18361015502301,0.4569300020132859
24058,2,3067,6.5930988810669175,0.2564564050546335,296.35784435510186,3.848803173442881
24058,3,1792,4.338176513569807,0.19919236321748693,4439.597854868617,57.65711499829373
24058,4,642,6.272995419383892,0.536183990361493,57.91522771559802,0.752145814488286
24059,1,596,3.9391772101645444,0.17858671570246293,34.57457838528219,0.4490204985101583
24059,2,1766,6.6733798153808905,0.3247969121924572,96.03741418212151,1.2472391452223572
24059,3,969,4.936467837608059,0.2756034589598258,94.46488118803867,1.2268166388056971
24059,4,385,7.316323963244642,0.884147483181965,80.86733860967347,1.050225176749006
24060,1,2038,3.4752289133626557,0.10968158399397547,2001117668531763.5,25988541149763.164
24060,2,6231,6.678362459300547,0.21127696854815625,249.37650615922473,3.2386559241457755
24060,3,3641,5.006934926479231,0.13639991123942516,1014.8131066991805,13.179390996093254
24060,4,1165,7.356684932220025,0.5773529360144147,101.44592883200812,1.3174795952208846
24061,1,2367,3.4671494985509757,0.08770895550583631,7652.063764906792,99.377451492296
24061,2,7207,6.605289636024123,0.24019744609799498,447.87119394447575,5.816509012265919
24061,3,4335,4.908203088150048,0.14885485165958742,11959.775724211866,155.32176265210217
24061,4,1482,7.3583326719885545,0.515378439522645,108.36868571700694,1.4073855287922978
24062,1,2255,3.5602540914090723,0.08552888126942429,120598582106939.62,1566215352038.177
24062,2,7118,6.5553344758932335,0.1894869481440783,635.0351605831804,8.247209877703641
24062,3,4160,4.9334801632757745,0.11775431514194862,5537.9756364558225,71.92176151241328
24062,4,1393,7.099213418049043,0.572740959974251,151.50024379651768,1.9675356337210088
24063,1,2057,3.5134296831357044,0.08005185507214306,846.2660223656445,10.990467822930448
24063,2,6591,6.4286859856476175,0.22374117157424517,443.73632408326125,5.762809403678718
24063,3,3760,5.20940088677815,0.14519539195606046,215.43809127852234,2.797897289331459
24063,4,1166,7.195943730484524,0.6393898451343446,128.18656479387874,1.664760581738685
24064,1,1675,3.654934909839622,0.12523311391487665,11938.690951762559,155.04793443847478
24064,2,5253,6.5021541867301895,0.28149887384365285,409.790015670226,5.321948255457481
24064,3,2937,4.887918577544246,0.12902417464206642,121.41615150117647,1.5768331363789152
24064,4,956,6.923533451019204,0.5337381468494836,109.01895829514699,1.4158306272097012
24065,1,1146,3.625925285830845,0.10998457829840953,1153.5957249983458,14.981762662316179
24065,2,3779,6.747203133819879,0.24204372704868657,115.81412909517721,1.504079598638665
24065,3,2109,4.923791563596962,0.14280302301084802,78.40855103853177,1.0182928706302827
24065,4,758,6.681798101486532,0.4465352171841364,62.609823341069,0.8131145888450519
24066,1,1178,3.952444703597766,0.15020854059840524,686911.7068963104,8920.931258393643
24066,2,3677,6.3343445889600885,0.2263900414829391,336.2428554213566,4.366790330147488
24066,3,2210,4.583936836992368,0.17606488914051482,146.01307640082968,1.8962737194912944
24066,4,797,7.431325237833863,0.6131243794960048,87.11075886763041,1.1313085567224728
24067,1,1748,3.922069703317061,0.11224419677034603,73.62439652464681,0.9561609938265819
24067,2,5218,6.602141610702973,0.20428715301869563,240.47513361784817,3.1230536833486777
24067,3,3147,4.915979948760513,0.14595777120290448,496.4567558227733,6.447490335360692
24067,4,1009,7.068436156106207,0.5438029409510328,111.29917313720857,1.4454438069767346
24068,1,1739,3.8200853065886995,0.11682402441344761,18781487816.677082,243915426.19061145
24068,2,5347,6.402092085163266,0.1987280781642593,220.8807236068177,2.8685808260625674
24068,3,3174,5.237157671014225,0.1732855410807746,105.50483963654607,1.3701927225525463
24068,4,961,7.081273467769972,0.5856184359920508,110.86615055035115,1.4398201370175474
24069,1,2256,3.7407722627916145,0.09152588530618185,344846742.9994701,4478529.129863248
24069,2,6780,6.169994125682729,0.24086180139051447,988.1193896491666,12.832719346093073
24069,3,3988,4.5722989099685725,0.1157179368915878,889.836828716421,11.556322450862611
24069,4,1402,7.210746605021686,0.4444951849501044,94.27718767354096,1.2243790606953373
24070,1,1275,3.3189669059610614,0.10711634985266012,21028773.29043085,273100.9518237773
24070,2,3975,6.451348486134797,0.25830255995714013,208.99675891492112,2.714243622271703
24070,3,2414,4.610769431609079,0.14841225689055781,75.46209210985404,0.9800271702578447
24070,4,826,6.488013281558278,0.47275872611950936,70.80707531866022,0.9195724067358471
24071,1,2334,16.17899165409553,1.0187862214325658,193.3864786300568,2.5115127094812575
24071,2,9129,6.439720054163174,0.1793517483371652,226.31259083873096,2.939124556347155
24071,3,5950,4.812137420777703,0.11223190786141664,446.23666779289556,5.795281399907735
24071,4,1987,7.015784222364631,0.47632230461116265,161.42838503983836,2.096472532984914
24072,1,1626,4.060758886535819,0.08097799452137497,1194513487.9073575,15513162.180615032
24072,2,5291,6.456400155003331,0.22656766389271837,501.5312577837576,6.513392958230618
24072,3,3438,5.10107932466,0.17080723905951736,118.97411574713742,1.54511838632646
24072,4,1106,7.468112422235926,0.5920712588695247,112.8257224230918,1.4652691223778156
24073,1,1673,3.7471366723815542,0.11764117621437235,59122317025.01781,767822299.0262053
24073,2,5325,6.261568617419913,0.2743067394759062,324.34818268365024,4.2123140608266265
24073,3,3375,4.951755446223376,0.16355282618825454,534.9505953970729,6.947410329832116
24073,4,1034,6.94917836667477,0.44146330358374875,79.23513775205782,1.0290277630137379
24074,1,1681,3.5799112002104474,0.10088736991964183,328.876632339104,4.271125095313039
24074,2,5461,6.1058869489905385,0.21294569753810016,625.4812843145647,8.123133562526816
24074,3,3499,4.9461621176050325,0.13303994700498425,1753.8996524636952,22.777917564463575
24074,4,1139,6.57481168863941,0.42616924146355406,94.63279869711657,1.2289973856768386
24075,1,1565,3.552109737524311,0.10225227647843524,248446.594447908,3226.5791486741296
24075,2,5013,6.1997739805438075,0.2151930778540723,1163.698453345062,15.112966926559247
24075,3,3226,4.989880266405062,0.14862317690487836,518.9805050535437,6.740006559136931
24075,4,1033,7.321750198444689,0.624635396902999,109.33557651945897,1.4199425522007658
24076,1,1615,3.904952640588604,0.10656686044850172,126396129597560.53,1641508176591.6953
24076,2,5307,6.2584672480479595,0.2715692277418238,512.4473198172823,6.655159997627043
24076,3,3372,4.686917127308851,0.15185208720138335,155.1572188925384,2.015028816786213
24076,4,1073,7.955060226621342,0.7156472311010059,134.46727017101347,1.746328184039136
24079,1,1638,3.5623374583489764,0.12729318326319752,137017028908771.14,1779441933880.1448
24079,2,5192,6.537476362527321,0.2026170890988816,226.92570874813515,2.9470871265991576
24079,3,3340,4.7044142134756814,0.14096742156498027,866.404536915396,11.252006972927221
24079,4,1106,6.8621645608462485,0.4627597163474469,142.38979836470767,1.849218160580619
24080,1,1823,4.024220245260194,0.12306049996906304,13672.512631687012,177.56509911281833
24080,2,5762,6.472690314903098,0.2367256207855906,433.70793877345295,5.632570633421467
24080,3,3766,4.790157193334779,0.13774864555191266,673.7312521701763,8.749756521690601
24080,4,1192,6.806692455252879,0.5691726177273095,297.74563725586705,3.8668264578684033
24081,1,1480,3.628814340357249,0.09222757917079402,7.821149920105075e+16,1015733755857802.0
24081,2,4182,6.261505877440197,0.24583852715815674,375.65354130102907,4.878617419493884
24081,3,2424,4.48510151772889,0.12492619426956289,107.44913325672523,1.3954432890483797
24081,4,814,7.647496196168849,0.6734646462227875,100.8928244139422,1.3102964209602883
24082,1,1372,3.6009112962123773,0.08362984021651754,2157.8282203239924,28.02374312109081
24082,2,3842,6.4395506636794195,0.2897346641989922,762.4615695289845,9.902098305571227
24082,3,2175,4.709937886813313,0.118694565587878,406.2694865496478,5.276227098047374
24082,4,685,7.233186356496665,0.6421186202163771,84.39755095646359,1.096072090343683
24084,1,1410,3.449493510826327,0.09613641829179441,295862423.61835873,3842369.1379007627
24084,2,4338,6.306229810551827,0.2599724007268346,560.2431278425101,7.275884777175457
24084,3,2595,5.028970109335408,0.14994337485873965,61.56314812592689,0.7995214042328167
24084,4,785,5.762469904329112,0.5725416257416673,127.81108421822663,1.6598842106263199
24085,1,1465,3.603191602933291,0.07176264216230425,284989.1650473769,3701.1579876282713
24085,2,4482,6.45719475921988,0.23085129495097664,268.1103589538334,3.4819527136861477
24085,3,2541,4.987116047512817,0.15560691110863292,461.66587224105297,5.995660678455233
24085,4,878,6.954893034398807,0.608044574273405,97.98005163550141,1.27246820305846
24086,1,1510,3.1438094891908213,0.11362855074527109,774622137155.0267,10060027755.260088
24086,2,4437,6.030075661014495,0.21308232341563563,550.1241989582985,7.144470116341539
24086,3,2643,4.727501313450259,0.14315386775292563,1621.9838312392087,21.064725081028683
24086,4,795,7.743429956953097,0.7383168905425204,149.06843302958458,1.9359536757088907
24087,1,2100,3.4457424973534603,0.07895964448057011,15546150.650350519,201898.06039416257
24087,2,6590,6.562706728347673,0.19794553246246757,293.4913774396255,3.811576330384747
24087,3,3827,4.839187427651917,0.13625982329876088,1881.8733012818898,24.439913003660905
24087,4,1242,6.8523789759080085,0.5695893328946746,182.29733995592147,2.367497921505474
24089,1,735,4.006334241144783,0.18202088899989033,36987833192322.19,480361470030.15826
24089,2,1994,6.496564840303262,0.28316150818638997,83.15192571489015,1.0798951391544176
24089,3,1350,4.899368010680191,0.18173166701404012,61481.04500888118,798.4551299854699
24089,4,471,7.157190328038885,0.6893868292941087,58.78793499042913,0.7634796752003783
24091,1,6906,3.686761486673656,0.04073024278681844,1839049633.6980934,23883761.476598617
24091,2,18332,6.5862581445687205,0.19892595238662447,887.0976993781585,11.520749342573486
24091,3,11675,4.741525615002769,0.0769207408808255,2752.9320976870804,35.752364905027015
24091,4,4069,6.495218812706673,0.4322319552845644,434.12878915494593,5.638036222791506
24092,1,925,3.621895588201945,0.1473473464363914,77.98522338476049,1.0127951088929934
24092,2,2505,6.300374364909617,0.24944472387631994,483.6067237700737,6.28060680220875
24092,3,1741,5.140086116461142,0.17728018491377961,108.22867625818043,1.4055672241322132
24092,4,534,7.37512910823958,0.6535934755642236,89.62625886758384,1.1639773878906992
24093,1,846,3.4707902113201428,0.15508416574520867,11641257.23579284,151185.15890640052
24093,2,2369,6.331519595368851,0.2348586894352799,176.58243832248888,2.293278419772583
24093,3,1504,4.859302782153804,0.2272986832360911,122.47177153803028,1.5905424875068868
24093,4,499,7.153436166894159,0.7165921604437462,78.65348706010218,1.0214738579234048
24094,1,818,3.932366550779991,0.15007238288576694,43.93665017699749,0.5706058464545128
24094,2,2253,6.18690328348413,0.2833389822483795,206.96445272295824,2.687850035363094
24094,3,1525,5.110367541357453,0.2520037730679965,214.23639876526005,2.7822908930553254
24094,4,564,6.441976034966822,0.4529696635532901,128.0381227871856,1.6628327634699431
24095,1,564,4.1128243715041295,0.2145783079287155,35.18237081150795,0.4569139066429604
24095,2,1538,6.562943389415598,0.3796666048746162,115.76002262630658,1.5033769172247609
24095,3,951,5.319827339465401,0.3102443658001896,102.76526057561809,1.3346137737093258
24095,4,330,6.097983634787612,0.561634921630475,371.8146716053843,4.828761968901095
24096,1,256,3.7088478701302754,0.26109134481422214,31.05532495271399,0.40331590847680504
24096,2,708,5.860381264325063,0.4669986265734904,511.9043427079918,6.648108346857037
24096,3,482,4.711392346463945,0.28018004424430876,90.52947576179537,1.175707477425914
24096,4,198,7.274517041922182,1.0454559859391483,58.102676565058985,0.7545802151306362
24097,1,112,3.1232335978627694,0.37680403677875257,54.68380294730898,0.7101792590559608
24097,2,256,6.725384515383664,0.7449068883787495,88.6815439563131,1.1517083630690015
24097,3,185,5.2372585690845055,0.6532657493053386,81.11398340475733,1.0534283559059394
24097,4,69,7.210391278453797,1.680995879488349,58.42441777227342,0.7587586723671873
24098,1,1223,3.9544914838245115,0.08881513641816507,25.033491344555948,0.3251102772020253
24098,2,3325,6.618875300202717,0.319906030781114,206.79580498170742,2.6856598049572393
24098,3,2134,4.909410122859733,0.1625996237536902,2321.9865573142724,30.155669575510032
24098,4,730,6.641347703003901,0.5602508108088745,117.89950783446804,1.5311624394086758
24099,1,1242,3.242387152263165,0.09831074801703095,58.553989415754295,0.7604414209838221
24099,2,3531,6.755223990826195,0.3126960525115269,352.2726415598223,4.574969370906784
24099,3,2132,5.130382346542513,0.16725428430684053,19190.227839953135,249.22373818120954
24099,4,779,5.39052283521627,0.4255542275503704,711.5485717531847,9.24089054224915
24100,1,1118,3.6036032754934766,0.0858236795442907,2.6783814537185972e+16,347841747236181.44
24100,2,2983,6.535323257994955,0.2879746972394299,181.67250159605464,2.359383137611099
24100,3,1934,5.317087720360653,0.25894818035274764,323.0676436953731,4.195683684355495
24100,4,690,5.897636849955268,0.5711500473421887,623.6438934037249,8.099271342905517
24101,1,1243,3.6445654746266447,0.08664821694477859,43.53715060053886,0.5654175402667384
24101,2,3342,6.471070246918503,0.3215500408368213,471.1555635467631,6.118903422685236
24101,3,2224,4.716874798260597,0.17852188595619572,404.11472511375723,5.248243183295548
24101,4,817,7.356964445629407,0.5830835848962443,133.67240459733208,1.7360052545108062
24103,1,918,3.483601273775352,0.18928939614229418,5321157525.79249,69105941.89340895
24103,2,2371,6.516345142321445,0.305681239399434,161.67929073111463,2.099731048456034
24103,3,1508,4.951843336741792,0.2589072605635144,15345.226080661052,199.28865039819547
24103,4,582,6.1417325409963475,0.528550154999152,542.583107739784,7.046533866750442
24104,1,1632,3.8731252387631465,0.10728513513809887,668.0175180383949,8.675552182316817
24104,2,4685,6.3943318986190825,0.24337437528115402,264.5137495221698,3.4352435002879194
24104,3,3009,4.912400295902018,0.18692669852161473,3158.0098675329295,41.01311516276532
24104,4,1084,6.371288010901035,0.47576755142038296,94.08360854388822,1.2218650460245224
24110,1,1104,7.952080490609383,0.53228796591321,142.12874461900162,1.8458278521948264
24110,2,3979,6.1619063705470785,0.25542958865330384,277.6582764210593,3.6059516418319393
24110,3,2709,5.157802588719372,0.11759262198869291,172.5825260430542,2.241331507052652
24110,4,1021,6.452800705732535,0.4853776099186648,430.41698690759983,5.5898309987999975
24111,1,1298,5.241857268980072,0.24114166504986045,133.99186952384042,1.7401541496602653
24111,2,4150,6.800986064473758,0.23226007963467069,144.72957598367793,1.8796048829049081
24111,3,2713,4.97002104569014,0.15899095661021365,620.2353201873361,8.055004158277093
24111,4,1044,6.827924676480578,0.47351357634056357,123.78504549062356,1.6075979933847215
24112,1,1229,3.7012354974527253,0.10438200645982455,57408.974688667775,745.5710998528283
24112,2,3481,6.656725870715563,0.30020691895293455,353.3062257564948,4.588392542292141
24112,3,2252,4.428914604090367,0.1720060494124931,553.5449329412064,7.188895233002681
24112,4,769,5.58480297788261,0.38971302634909966,895.6454026333539,11.631758475757843
24113,1,783,3.9540765946865357,0.1639594000325199,68.30612356325136,0.8870925138084592
24113,2,2139,6.36417004749292,0.2911168303695053,103.49085030042255,1.3440370168886047
24113,3,1453,4.541199923363684,0.19958686005714563,229.83242087494398,2.984836634739532
24113,4,526,5.596062945907419,0.48405351377883427,66.2050650086956,0.8598060390739688
24116,1,869,3.5747190637229385,0.12271218698741158,21.831073466706783,0.2835204346325556
24116,2,2447,6.625806929871476,0.2697438554533621,149.24155014720253,1.9382019499636693
24116,3,1592,4.915290699555599,0.20277031698833628,654.3807858328104,8.498451764062473
24116,4,614,6.118177617478438,0.4608366866931927,65.70268246976747,0.8532815905164606
24117,1,891,3.730395832823558,0.12268797677608406,9821.917834498705,127.55737447400915
24117,2,2458,6.316754514178408,0.32641270097419417,254.76859491074526,3.3086830507888996
24117,3,1640,4.609048184197716,0.19839830466173827,724.1724231645071,9.404836664474118
24117,4,559,7.0712009300791845,0.5724146913525958,105.76494453216328,1.3735707082099127
24120,1,1475,3.5641471187178224,0.08582453631004792,1713176974387847.8,22249051615426.594
24120,2,4237,6.68291382513565,0.24249407360870145,142.369492706754,1.8489544507370648
24120,3,2821,4.824913386773127,0.17482405637839707,3965.163688549951,51.49563231883053
24120,4,968,6.812877774784737,0.4573933232715865,82.56100815225088,1.0722208850941672
24121,1,1399,3.581519838442874,0.13668391171459066,93.8960736764652,1.2194295282657819
24121,2,3779,6.651794825726412,0.2600520195303667,292.0211547807563,3.792482529620212
24121,3,2558,4.72472124184618,0.13886881257046824,316.1441759949824,4.1057685194153555
24121,4,902,6.585927946522389,0.4599189651967949,95.0075622370974,1.2338644446376286
24122,1,1358,3.5905997056160563,0.08265761675136736,6137.457074007161,79.70723472736573
24122,2,3573,6.746342617524933,0.26339839213636357,204.3701332131291,2.6541575741964816
24122,3,2368,4.415806027217465,0.13662163178060235,566.1485219597379,7.352578207269323
24122,4,832,6.340542248921379,0.5552040200758237,138.20998430336243,1.794934861082629
24123,1,1303,3.649481960698725,0.09578728218909274,29.091540783351633,0.3778122179656056
24123,2,3360,6.563446346816302,0.24344055496838035,276.2460427837283,3.5876109452432243
24123,3,2342,4.834295172840683,0.1752886758745892,377.68543418973013,4.905005638827664
24123,4,827,6.120330894925288,0.41162716772972757,187.99499149953755,2.4414933960978904
24125,1,528,2.961860413462905,0.15308330745734916,46.30151255018816,0.6013183448076383
24125,2,1507,6.539787198435954,0.3469405707080542,443.85450920493827,5.764344275388809
24125,3,1020,5.7599950580771315,0.3498639573834921,62.71156374428201,0.8144358927828832
24125,4,347,4.934024046069308,0.6348717551802779,518.7306795918083,6.736762072620888
24126,1,1062,3.9275622759133513,0.15709652999988605,139.98968960706569,1.818047916974879
24126,2,3075,6.1809069565665915,0.23663282245799921,282.7031228120976,3.671469127429839
24126,3,2172,5.440019932099477,0.17706797120866147,273.3234986808243,3.549655827023692
24126,4,737,5.650316926763493,0.3866645682045123,866.5166110712811,11.25346248144521
24127,1,973,4.51934949437219,0.17544645527389183,28.965292371030227,0.37617262819519776
24127,2,2825,6.284050310490142,0.24446538265802684,305.5746659741036,3.968502155507839
24127,3,1974,4.90097444819621,0.17207033413261252,618.9344225407626,8.038109383646267
24127,4,677,6.714886560967685,0.5299561032796221,235.64605205611488,3.0603383383911025
24128,1,1221,3.533980367399228,0.1378182332227313,39422139266.29343,511975834.6271874
24128,2,3322,5.638712392542723,0.24490874513004757,1167.9180980660296,15.167767507351034
24128,3,2303,4.746659836452142,0.15476071415298684,400.58576542498014,5.202412537986755
24128,4,826,7.941338065264514,0.7055747077562906,90.07999114792746,1.169870014908149
24129,1,1103,4.046819310121797,0.13756227697939516,416.3134208890168,5.406667803753465
24129,2,3142,6.713497882364987,0.25048544440298354,165.95973109527648,2.1553211830555385
24129,3,2159,4.911950697130656,0.16506368219940182,335.86004188604613,4.361818725792807
24129,4,710,6.712148555440653,0.5158061773880511,104.0382474989278,1.3511460714146468
24130,1,985,3.6857302171626163,0.14735202957989385,74.67340217376619,0.9697844438151454
24130,2,2690,6.864572519918921,0.27052040840805136,211.64900203566114,2.7486883381254694
24130,3,1824,4.851006160128089,0.16287264439831575,386.4996751571247,5.0194763007418794
24130,4,640,6.651313179042737,0.5439177447105168,154.65307208665752,2.0084814556708768
24131,1,916,3.486001363126232,0.2001839035386092,57.52415214034541,0.7470669109135767
24131,2,2424,6.16124584692529,0.2703213512469473,273.32557979178273,3.549682854438737
24131,3,1679,4.867544890341102,0.1905708414985098,197.59249876371945,2.566136347580772
24131,4,564,6.341405813720511,0.6073254205817764,88.00759309408755,1.1429557544686695
24132,1,642,3.098269926103201,0.08791606739471793,1094603259306.3638,14215626744.238491
24132,2,1779,6.479461343143214,0.28458443938904343,272.3987793964588,3.537646485668296
24132,3,1193,4.943981582995166,0.2733297328063101,301.3319183533917,3.913401537057035
24132,4,411,7.640479768297086,0.7363204908788958,65.702841270188,0.8532836528595844
24133,1,892,3.7018060827614265,0.17111940170979104,27798394.98947072,361018.116746373
24133,2,2437,6.798620572551477,0.24169497750482932,311.7771734123676,4.049054200160618
24133,3,1582,5.064582094795488,0.31365511061813967,130.02558416117458,1.6886439501451245
24133,4,582,7.082450093999845,0.637091233929835,142.72600756569673,1.8535845138402174
24134,1,674,3.8622473028954327,0.14861485642584932,14849278801.946371,192847776.64865416
24134,2,1782,6.686654739697088,0.3001216966992896,415.48889012784053,5.395959612049877
24134,3,1145,4.619466074481468,0.2510298830174909,315.30542858866824,4.0948756959567305
24134,4,414,7.426782752085437,0.8136276630399758,105.11302912022855,1.3651042742886825
24135,1,264,3.516662159540047,0.2013725881320409,33.38770441178082,0.4336065508023483
24135,2,659,6.739083768657154,0.5214630605907847,187.37435659807386,2.4334332025723877
24135,3,397,4.737364480849113,0.36690431742873897,72.03861355252641,0.9355664097730703
24135,4,171,6.48551933988534,0.8731543719619838,45.42636979503342,0.5899528544809536
24138,1,1503,3.868647937344975,0.12767831520592,846.1233856586382,10.988615398164132
24138,2,4007,6.220794207140911,0.2391379633015941,247.17859938998265,3.210111680389385
24138,3,2639,5.148842156478217,0.22163719596863307,305.9590430124589,3.973494065096869
24138,4,950,7.054260241474317,0.5897918287939881,120.02603404741612,1.558779662953456
24139,1,1630,3.768609361041598,0.1370617733104796,1207.5980428194628,15.683091465187829
24139,2,4330,6.424399605383265,0.19367842023749152,639.4992704131423,8.305185330040809
24139,3,2853,4.753941025547747,0.12447477378972417,5227.15803046652,67.88516922683793
24139,4,976,7.492618957545834,0.6800772932599021,115.19212840577802,1.4960016676075067
24140,1,1641,3.947824498402708,0.16138567710645324,51475612335637.195,668514445917.3662
24140,2,4381,6.120729684788437,0.23200112534831996,1639.9148183076788,21.297595042956868
24140,3,3011,4.865358355272069,0.14257918806409728,2923.7620041137284,37.97093511836011
24140,4,1038,7.149956114574961,0.5125951747307775,92.49255918305823,1.2012020673124446
24141,1,1592,3.5084481505876077,0.05685965379449395,180867222225.36218,2348924963.9657426
24141,2,4231,6.378947685770706,0.1890420501061956,371.08083302196275,4.8192315976878275
24141,3,2813,4.847979472008059,0.18089090358267415,711.2183939004218,9.236602518187295
24141,4,927,7.092653906489462,0.5808536857300748,134.03192790808387,1.7406743884166738
24144,1,1122,4.140343967191979,0.16683771801876038,69.58404713929329,0.9036889238869258
24144,2,3289,6.2082445524591074,0.22677836995622325,1285.388674807351,16.69335941308248
24144,3,2199,4.69375154477364,0.16964864536017732,355.2213502533046,4.613264289003956
24144,4,759,7.1479408011511385,0.5227240616126041,81.17985092564477,1.0542837782551269
24145,1,1110,4.1687137879773255,0.14062413312408314,31.244396868102704,0.4057713878974377
24145,2,3164,5.878622736454075,0.2194968188286905,1817.842629899604,23.608345842852
24145,3,2217,4.960639478303956,0.18210399180761735,418.89618303638326,5.440210169303679
24145,4,806,5.935486298263591,0.5113352846210503,89.45702098022146,1.1617794932496293
24146,1,1030,3.7353192891152553,0.12424253599241052,1976632.3009130927,25670.549362507696
24146,2,3056,6.275214070735078,0.25381754743196727,156.02490773494458,2.0262975030512282
24146,3,2137,5.350332257946783,0.19810877630597193,147.78440650231528,1.919278006523575
24146,4,788,6.95446995731399,0.6110548276731042,123.72051320369283,1.6067599117362705
24147,1,1199,3.6952389622162727,0.10441774804627116,1.8592680779441702e+17,2414633867459961.5
24147,2,3243,6.315330031376434,0.27398551423466255,167.23570012977393,2.1718922094775834
24147,3,2124,4.464959812251493,0.19073470010030666,6923.178870367536,89.91141390087708
24147,4,734,7.839770620856586,0.5333355356892236,53.8602390226446,0.699483623670709
24150,1,967,3.467586773263095,0.10582871519395931,435764.61931824725,5659.280770366848
24150,2,2609,6.2261709766046485,0.27217995167916886,450.10197721784493,5.845480223608376
24150,3,1587,4.564714172172494,0.16008007244137404,459.28563119270376,5.964748457048101
24150,4,575,5.9023807466361635,0.5625478827915199,706.9038731378607,9.180569781011178
24151,1,959,3.3897813104932437,0.12855244680632655,10429940534357.955,135453773173.47993
24151,2,2686,6.274009229294735,0.2728255134971364,321.9379801976424,4.181012729839511
24151,3,1712,5.131805622586523,0.26109182798192226,354.99375196834717,4.610308467121392
24151,4,628,7.86984807725634,0.720409588962003,110.58080543915315,1.4361143563526384
24153,1,941,3.7245861857080893,0.1001726569330267,4449414241144.663,57784600534.346275
24153,2,2465,5.982404870716704,0.21867910056432638,1147.128632093261,14.897774442769625
24153,3,1684,4.964508234614699,0.17689720064786538,205.61424083279806,2.6703148160103645
24153,4,542,6.894000608098129,0.511042147183208,68.73599302813494,0.8926752341316226
24155,1,885,3.4755008308036466,0.10238258378858524,918080953.0408723,11923129.260271069
24155,2,2200,5.926152508406403,0.2797376323427429,2079.3642305429757,27.004730266791892
24155,3,1445,4.877310280790727,0.22978642375510824,246.83350227658224,3.2056298996958734
24155,4,540,7.470410905504978,0.9391774697216309,128.35351651168105,1.6669287858659876
24156,1,649,2.6536068903981374,0.12055063740766829,483070.6274300288,6273.644512078296
24156,2,1790,6.495517750199093,0.3318260847631143,421.5073817318124,5.474121840672889
24156,3,1119,4.882473525290077,0.2238273996396875,94.54234910470295,1.2278227156454928
24156,4,401,7.298995538259302,0.7755356010972647,72.22273002019647,0.9379575327298242
24157,1,215,2.279515923834728,0.20995785213285753,3018.2048054222105,39.19746500548325
24157,2,650,6.849770681311627,0.4139866421257468,108.81291266269908,1.4131547099051829
24157,3,440,4.565794289634955,0.2740080056424017,59.90536701577412,0.7779917794256379
24157,4,156,6.5048675774638145,1.0319062576190317,84.61668078090395,1.0989179322195317
24158,1,1285,3.800978924561069,0.18805747261918548,98.72423512269813,1.2821329236714043
24158,2,3569,6.407482121102512,0.21973299577991087,229.18827003668105,2.976471039437416
24158,3,2423,4.7341675727734085,0.1610167255416283,325.2154421290765,4.223577170507487
24158,4,826,6.879079357022875,0.5219968807105233,160.835489225683,2.0887725873465324
24159,1,1270,3.617995841928884,0.11333956958647257,420.16696281106965,5.456713802741164
24159,2,3518,6.559698339355996,0.2593108858485885,133.5523355621811,1.7344459163919623
24159,3,2273,5.021220768947052,0.1429806189987385,686.3075014688613,8.913084434660536
24159,4,840,6.564269467927124,0.479497976870624,129.9796019378014,1.688046778413005
24160,1,1328,3.555858637805407,0.12269293775256913,78.51178994824105,1.0196336356914422
24160,2,3594,6.637304345560527,0.2327847235270725,724.0635871678694,9.40342320997233
24160,3,2385,4.971792532651945,0.17221801404445372,3123.328321714124,40.562705476806805
24160,4,775,8.005518009225367,0.6820718984857638,77.79643276838084,1.0103432827062446
24161,1,1266,3.6014263947791245,0.10521157883367885,7045651.347138896,91501.96554725838
24161,2,3328,6.13264143046684,0.20586129934828126,139.54470701066074,1.8122689222163733
24161,3,2089,4.681008110775885,0.20810372635798902,1024.29148417901,13.30248680751961
24161,4,815,6.953462864254099,0.5290446870343674,160.4458935144695,2.0837129027853183
24162,1,1183,3.73949024007641,0.1337530780705964,44.306502392570565,0.5754091219814359
24162,2,3294,6.514422526207436,0.23433636217057463,94.014871200745,1.2209723532564287
24162,3,2165,4.9754069263737435,0.1617261314119499,209.19742409735412,2.7168496636020016
24162,4,789,6.41232053248586,0.4990027584839945,151.9671229266159,1.9735989990469598
24163,1,1212,3.2322021991623826,0.1318927230762604,88666.79530077518,1151.5168220879893
24163,2,3214,6.4422750199456065,0.24059823067514427,153.2301693483931,1.9900021993297805
24163,3,2176,5.030312050735289,0.17949951648826215,129.67372655398566,1.6840743708309827
24163,4,757,7.227672148350342,0.5986425922955669,79.44544198314563,1.031758986794099
24164,1,1222,3.492613628046785,0.09497573494000908,387573219490.9904,5033418434.947927
24164,2,3127,5.917654999450256,0.27770311033664696,655.0734303037325,8.50744714680172
24164,3,2106,4.718224133777091,0.1682064502348311,50554.722584935844,656.5548387654005
24164,4,747,7.058987009725582,0.4491768219840833,106.80480721887662,1.3870754184269691
24165,1,1355,3.3919728206276774,0.07134010012734324,67.08486760540183,0.8712320468234004
24165,2,3734,6.3312588663405664,0.23895575471427,142.05477738371405,1.844867238749533
24165,3,2439,4.915523748708411,0.17265966576585873,296.00046151738843,3.8441618378881612
24165,4,846,7.021838547637497,0.6921367287264648,143.16874900901433,1.8593344027144718
24166,1,639,3.962881943052848,0.20364071011186666,82.46212048210944,1.070936629637785
24166,2,1592,6.128286457870401,0.3445018657579796,84.96972150903602,1.1035028767407276
24166,3,1042,4.876736703283412,0.2560340123193758,205.01501518561344,2.6625326647482264
24166,4,404,7.2475349804751215,0.6373999016745381,59.76280873235808,0.7761403731475075
24167,1,1002,3.1746444263803837,0.059135559513658745,45.76510810541075,0.5943520533170227
24167,2,2851,6.192238750689371,0.25678751406447686,397.15300884578267,5.157831283711463
24167,3,1970,4.603699151328271,0.21171882897468677,530.4735419664606,6.889266778785203
24167,4,660,5.892301897654336,0.49712738890540664,351.3804590315301,4.563382584825066
24168,1,1097,3.294035333026791,0.1166663743650732,1.9676594327814616e+16,255540186075514.5
24168,2,3226,6.24562319332523,0.2536247232362808,136.3090556873845,1.770247476459539
24168,3,2247,4.789318889203178,0.12763317774258964,2034.283691568106,26.419268721663713
24168,4,759,6.093331097362926,0.6225301882227692,153.7953750687161,1.9973425333599495
24169,1,1171,3.4986814796324825,0.0960144731624864,35417.746965597966,459.9707398129606
24169,2,3266,5.775276409989567,0.265338541071522,2018.3627221391926,26.21250288492458
24169,3,2279,4.895204217061775,0.16780165473664269,304.3967290488884,3.953204273362187
24169,4,774,6.435285749673091,0.4127654876956319,338.3704327871929,4.394421205028479
24170,1,1031,3.5669269366945655,0.15782684705516564,37.98745693967376,0.4933435966191398
24170,2,3063,6.223431786858679,0.17371583462908902,823.3472735583068,10.692821734523465
24170,3,2133,5.018810659355931,0.16712254773072355,801.1735003179549,10.404850653479933
24170,4,653,6.572535623563366,0.5077804944194849,126.16539945244907,1.6385116812006373
24171,1,782,3.65747322717057,0.13418375435866586,993.6024549394557,12.903927986226698
24171,2,2190,6.743881354042255,0.37313265541767815,167.42577101975778,2.174360662594257
24171,3,1372,4.424514701835476,0.1572888195216376,1258.3959717462765,16.34280482787372
24171,4,459,6.951838348158629,0.6523704583192265,79.30999087161156,1.0299998814495008
24172,1,1007,3.960072800538698,0.1566963888777739,44.04087324620933,0.5719593928079134
24172,2,2580,6.354585686742308,0.30997049873043947,198.50557520364413,2.5779944831642094
24172,3,1778,4.761528600198889,0.1900579637139534,487.8147461461168,6.335256443456062
24172,4,550,6.909745048898809,0.588555055022209,83.69807472369246,1.0869879834245775
24173,1,898,3.783331819134076,0.08892164662242782,19.38935412531395,0.2518097938352461
24173,2,2634,5.992438829683004,0.2538307209889695,286.81099873511187,3.724818165391063
24173,3,1795,4.983956752861993,0.2029412616626546,278.3589177604292,3.6150508800055743
24173,4,629,6.97383311027205,0.7211574179297812,90.52513447542643,1.1756510970834602
24174,1,1104,3.6567790943015113,0.09151390328679042,55.833853260949965,0.7251149774149346
24174,2,3128,6.011951888789557,0.2806947375884003,1306.811642296267,16.97157977008139
24174,3,2253,4.862288581802079,0.15702670127059576,640.667049736099,8.320351295274012
24174,4,766,7.43329272124111,0.6779742363606792,114.72578500944735,1.4899452598629526
24175,1,1157,3.4626373122742753,0.11398585977060854,179.9488742304095,2.336998366628695
24175,2,3068,6.3720020108364315,0.24501282832481266,249.76627875293357,3.2437179058822543
24175,3,2101,4.976143236448367,0.17868548914901405,336.08610058895454,4.364754553103306
24175,4,715,6.44077652134421,0.5129665873664975,136.51959670103258,1.7729817753380854
24176,1,1145,3.4938483854328926,0.1284024972655401,6445812862416.321,83711855356.05612
24176,2,3128,6.270273520367698,0.2608409672057701,254.53437014344482,3.3056411706940887
24176,3,2119,5.105213766767691,0.20799959297833193,276786.2017067588,3594.625996191673
24176,4,750,6.310158309036286,0.6024105794602335,160.18421655414653,2.0803145007032016
24177,1,921,3.7486493902782336,0.11467137329213502,48.43328144603088,0.6290036551432582
24177,2,2836,6.5495684852483675,0.2603554562300917,137.0288519496201,1.779595479865196
24177,3,1959,5.056704726397874,0.1810407121011101,910.1232162174015,11.819782028797421
24177,4,671,5.9551013574419835,0.5297331317524876,128.9716083055091,1.674955952019599
24178,1,804,3.9366506782368536,0.16039011240627382,1209319.700357132,15705.450653988726
24178,2,2310,6.290487815123359,0.24441156136955103,94.49271267847328,1.2271780867334192
24178,3,1502,4.726695913090053,0.2235602787370971,141.1985973537077,1.8337480175806193
24178,4,534,7.786634373903741,0.693426882458096,96.63195336243686,1.2549604332784008
24179,1,973,3.6417010869559734,0.11095908125558748,56.774686959606655,0.7373335968780085
24179,2,2596,5.825075760752852,0.24696421410198252,1724.0830346228006,22.390688761335074
24179,3,1633,4.798123824917249,0.20111993518620516,307.5871743094867,3.9946386273959313
24179,4,542,7.319913034653173,0.639411957249336,63.4366252807728,0.8238522763736728
24185,1,1314,3.853936392456142,0.14010725920440764,659472.2378643395,8564.574517718695
24185,2,3375,6.203950045481916,0.2585856003852712,487.08911645513666,6.325832681235541
24185,3,2211,4.656193598459086,0.1749013657226644,192326.33289434205,2497.744583043403
24185,4,779,6.415889224030783,0.4481597355339818,80.79807096307908,1.049325596923105
24187,3,61,0.5687260473714898,0.053495414260155985,2.6434570370931823e+139,3.433061087134003e+137
24188,1,72,0.9402718151994689,0.06064437941953096,7.382607283770616e+91,9.587801667234565e+89
24188,2,494,4.000056420846194,0.19944874309972765,618392222.2520527,8031067.821455229
24188,3,324,1.2537054721811405,0.062187565656930906,3.366620734084709e+75,4.3722347195905306e+73
24188,4,120,2.369289007763209,0.2569018210808887,3.288915046598241e+45,4.2713182423353776e+43
24189,2,51,1.386491659817794,0.19124147420407636,5.596247861728526e+28,7.267854365881203e+26
24190,2,64,3.8111233253058416,0.5929552484606365,22875.674400675718,297.08668052825607
24192,2,60,1.6243507174931386,0.2007683346061985,194655.0814626672,2527.98807094373
24194,2,59,4.715258241288551,0.7596703094965189,93301237025.29634,1211704376.9519005
24201,2,89,3.868915540695258,0.38927493211497194,2305.4692120372974,29.94115859788698
24201,3,74,0.6484690729890138,0.08814697037121676,2.8919841401003765e+89,3.7558235585719176e+87
24203,2,163,4.1750415122634115,0.40230697498311085,45.19097205049408,0.5868957409155076
24203,3,138,1.064902056174755,0.050563068881500445,1.2434739703067039e+58,1.6149012601385764e+56
24204,2,67,2.5756762003379077,0.24955032855124828,26805.76102209554,348.1267665207213
24207,2,63,4.091397424240795,0.5007591198300597,199.24815592472754,2.587638388632825
24208,2,50,3.348256104017281,0.5973625516354593,17204983151.23097,223441339.6263762
24213,1,117,2484.1597221095194,11431197.31344599,35.22691548755124,0.45749240892923687
24213,2,121,0.7019200485319677,0.09817498656175087,1.9063260129342493e+75,2.4757480687457784e+73
24213,3,244,0.7279627953972886,0.09923007415885207,6.190389532206869e+121,8.039466924943986e+119
24213,4,109,1.9849949486195084,0.3668379410430334,1.0738413663853515e+53,1.3945991771238331e+51
24214,1,108,0.5585544121543566,0.06242788302762396,4.521984072431847e+16,587270658757382.8
24214,2,97,2.436042740075156,0.5253621353309204,9.973641798692324e+42,1.2952781556743278e+41
24214,3,186,2.813836596914814,4.791498094308359,17519713.332435925,227528.74457708994
24214,4,91,1.2627509095928462,0.19554307914925592,1.4477506344342764e+42,1.880195629135424e+40
24215,1,131,0.6549408043923992,0.09252952349802167,3.1110222819581565e+20,4.0402886778677356e+18
24215,2,132,0.4982984824960563,0.07243433230737456,4.944750743486677e+134,6.42175421232036e+132
24215,3,286,1.482300001026077,0.1886695894096559,7.961319121153073e+46,1.0339375482016978e+45
24215,4,110,1.0411808846713504,0.1290894666384249,6.731485248336458e+152,8.742188634203192e+150
24216,1,136,3.802654000285843,0.5828715367196484,2935.1240307969256,38.11849390645358
24216,2,168,1.0890811782811156,0.11246551495121337,7.192171014571685e+71,9.340481837106085e+69
24216,3,317,0.5700010800281463,0.0680464357403309,2.5932265937630768e+126,3.367826745146853e+124
24216,4,114,0.9011309868688747,0.1575145160225394,8.71496268248922e+75,1.1318133353882103e+74
24217,1,124,1.123389774643696,0.1764794639484782,1.0960420473955508e+96,1.4234312303838322e+94
24217,2,155,1.0425316474452675,0.1189306483845032,1.183579296784055e+94,1.5371159698494222e+92
24217,3,286,1.6102848299911372,0.24318106205650056,4.31833721624817e+49,5.60823015097165e+47
24217,4,83,1888.5621755109053,11827444.56004583,204700.8499042293,2658.4525961588224
24218,1,143,4.443200616319129,0.5712469614434398,5.0482373994423035,0.06556152466808186
24218,2,121,2.3521305079924897,7.291534085403188,29855603443.982033,387735109.6621043
24218,3,245,2.2926155823766585,3.200237660755881,932026544.6061364,12104240.839040734
24218,4,88,0.5094748744279183,0.04971495904307575,7.573810816689083e+136,9.836117943752056e+134
24219,1,62,1.0129516406421941,27068.402888110602,-1.0025183366882354e+26,-1.3019718658288772e+24
24219,2,66,0.9309215892688564,0.9126741929611542,1.1628201749772553e+23,1.510156071399033e+21
24219,3,127,0.8915169452693363,0.704486138473848,6.871429057753225e+18,8.923933841237955e+16
24219,4,52,0.5240802380859813,0.06615910598329197,2.823293752330271e+150,3.666615262766586e+148
24222,1,59,65.92868887703446,261.79925592255375,22.76590151029439,0.2956610585752518
24222,2,51,0.5008939549512471,0.08440993802593195,1.2038026118260213e+138,1.5633800153584692e+136
24222,3,85,0.5104699786623427,0.053420162524580754,2.4988169822205982e+85,3.245216860026751e+83
24223,1,309,1.8768710431890927,0.20667486325687526,46253677.84328756,600697.1148478903
24223,2,309,0.6626610152014815,0.06445772045612222,1.5983798481257905e+103,2.0758179845789487e+101
24223,3,495,0.9165853567593094,0.09260473335267229,7.716267948585302e+141,1.0021127205954938e+140
24223,4,198,1.4201296431918085,0.15991688380666672,1.2611357350329365e+69,1.6378386169258914e+67
24224,2,52,2.080500958842801,4.962179982103927,21318558645.517704,276864397.9937364
24224,3,78,45.40522942093393,41.20161867714978,28.890142864704515,0.3751966605805781
24226,1,58,1.2573260771268748,2822.357903629884,1.5033828695583808e+17,1952445285140754.2
24226,2,72,2.5898634287270657,0.6387295429999098,3.788148421472072e+41,4.919673274639055e+39
24226,3,101,0.5212398127125435,0.07334623131590559,1.5746287512641353e+138,2.0449724042391368e+136
24227,1,61,2.3800737887677483,0.4186908224954525,1820.0185593700362,23.636604667143327
24227,2,60,1651.2538295689806,7102253.249903368,26100.733263712642,338.97056186639793
24227,3,114,0.7350235865375451,0.13562924902453039,1.0605088898654104e+69,1.377284272552481e+67
24228,1,53,0.9246241759791622,2.2112051619626967,5.992371132133589e+21,7.782300171602064e+19
24228,2,52,2906.6272259687057,15042198.135967975,111.24201620289377,1.4447015091284905
24228,3,83,0.9035504680659387,1.852619857952612,2.5689086114578235e+20,3.336244949945225e+18
24236,1,59,3.1991308697179934,0.8190242137041277,2148.928720228028,27.908165197766596
24236,2,86,1.6270089983423,0.24339100063677507,2.1531809374952152e+31,2.796338879863916e+29
24236,3,155,1366.3313912310741,2377397.8463550014,917.4625189217011,11.91509764833378
24236,4,56,0.9401467818889185,3.5024569235057363,4.805911151484204e+21,6.24144305387559e+19
24237,1,65,0.933611868719151,7.092548158614247,1.6804127601160497e+23,2.1823542339169477e+21
24237,2,72,3.7463481568747588,1.2545555556366417,77032850525401.97,1000426630200.0255
24237,3,121,2435.5914005293243,17750934.538014024,1784.6648026344792,23.17746496927895
24237,4,63,1.5471823689635225,0.31228750818668877,9.744435744846458e+36,1.2655111356943453e+35
24238,1,78,1238.728388473015,1339864.7499553573,45.24612192607196,0.5876119730658695
24238,2,88,0.7841731631467265,0.1233573227706115,1.286940922585584e+153,1.6713518475137455e+151
24238,3,168,2.6307889843839782,1.8698546054273437,10380983.117541956,134817.96256547995
24238,4,53,1605.96913971922,4126258.4935379513,173.2421747682108,2.249898373613127
24239,1,64,8.408594951069064,6.115537152623162,914.7808233646787,11.880270433307516
24239,2,84,1380.7652756234631,4918045.089718637,24852.87488368106,322.7646088789748
24239,3,155,0.7159096828825052,0.05471280450412978,3.544134928623909e+104,4.602772634576505e+102
24240,1,77,18.91005838355664,13.733697306261316,18.447380679435675,0.23957637246020358
24240,2,69,0.637967602427963,0.08446660781498669,2.4581879593319176e+107,3.1924518952362567e+105
24240,3,175,4457.07050217218,23110094.327252243,156.44929348658764,2.03180900631932
24240,4,72,0.9601563194345221,1.746051027265335,4.617884121426724e+26,5.997252105748993e+24
24243,2,53,5.934652028377513,3.4665763278591806,5022632280.773709,65228990.659398824
24243,3,86,3049.1433180445297,15539563.776917018,248.84892632967686,3.231804238047751
24244,1,52,3.8805855560624454,0.9781956650247382,46.45229462094576,0.6032765535187761
24244,2,62,5930.1192957600215,36716444.10669444,53.873046493150866,0.6996499544565048
24244,3,102,3305.85843361626,32774904.018992398,1430.4806174992862,18.577670357133588
24245,2,56,1.0250135971004561,0.22896032855579906,3.709758123106111e+45,4.817867692345599e+43
24245,3,112,4.5243840874736785,2.070573605491332,56511.33641222103,733.9134598989745
24246,2,79,6925.943250647994,38846004.65858878,59.48022492343362,0.7724704535510859
24246,3,102,0.9215489212862794,0.43271770493082296,6.653567399896353e+20,8.640996623242018e+18
24247,1,61,50.651565048369235,150.05469231899605,31.520919504495087,0.40936259096746863
24247,2,59,0.5581390084743032,0.11493930261770494,2.589578120316802e+106,3.3630884679438984e+104
24247,3,91,3.272381933243482,1.8343449137082766,210226.60338474746,2730.215628373344
24248,1,57,1.0115001802029693,15036.097402356685,-3.73867693426661e+23,-4.855424589956636e+21
24248,2,57,1.1727181983653239,0.3058151152865769,2.8746933298166496e+62,3.7333679608008436e+60
24248,3,105,7320.237629810878,42577431.57233984,90.66782528663134,1.1775042245017058
24250,1,112,1.8550784622571974,0.36173058056112695,5.874603514101043e+66,7.629355213118237e+64
24250,2,115,0.5225043867719259,0.058816870964664786,1.8959063816233294e+114,2.462216080030298e+112
24250,3,242,2291.897638367864,9724037.603252223,1558.393901445047,20.238881836948664
24250,4,108,0.7887114336599783,0.12505046373160655,8.62434051285409e+131,1.120044222448583e+130
24251,1,121,1.0062023489833112,27202.266580607207,-1.517872120032615e+25,-1.9712624935488507e+23
24251,2,147,0.8091934809244982,0.09148880264322795,4.049906475999135e+83,5.259618799998877e+81
24251,3,231,0.637931931100791,0.08224184129036033,2.0232546069375745e+120,2.627603385633214e+118
24251,4,109,1.058792072725008,0.13487535186798474,1.1711188858484924e+54,1.520933617985055e+52
24252,1,114,3.435404235913314,0.49129835026074814,398.29766841128514,5.172696992354353
24252,2,143,1.2157856762475687,0.14611915603783343,2.196618265751943e+62,2.852750994483043e+60
24252,3,290,2060.6559889845953,5997012.88245628,6693.584746535876,86.92967203293345
24252,4,100,0.8951303464370233,0.11470039916814173,1.2183220747497781e+87,1.5822364607139976e+85
24253,1,117,2480.040084412253,19308886.94492817,15363.120623911203,199.52104706378185
24253,2,135,0.9057517082743637,1.2170649888706404,2.9976462665266663e+19,3.893047099385281e+17
24253,3,283,2.8300828713044734,0.41548822713971295,4.1380749995332084e+27,5.374123376017154e+25
24253,4,99,0.9530726459335626,0.7748843595659911,1.6617384121253463e+25,2.1581018339290212e+23
24254,1,119,3.899432466490014,0.6651779873421583,353.64715852372467,4.592820240567852
24254,2,139,0.8100820339995345,0.09953852543747582,9.601010597733413e+125,1.2468844932121316e+124
24254,3,288,1.0437711361907949,0.10316959131043504,3.946183216851377e+60,5.124913268638151e+58
24254,4,124,0.9114177199722641,0.1400401379784043,2.420811701704485e+99,3.1439113009149154e+97
24255,1,121,1.1074718316465955,0.1690858693957145,5.0508807174938e+50,6.559585347394546e+48
24255,2,128,1.271115133152517,0.15759371042096448,3.337382539211144e+71,4.334263037936551e+69
24255,3,267,1.157085043406854,0.1119360621631974,7.32703096136638e+78,9.515624625151143e+76
24255,4,105,0.9096293237547667,0.6797612836628867,6.556590793244247e+20,8.515052978239282e+18
24257,1,64,3.8071428182913234,0.9692260364584294,6090.643140375856,79.09926156332281
24257,2,62,0.9425403471501637,1.0996104945113234,1.3266515693775744e+22,1.722924116074772e+20
24257,3,97,0.5362291517202148,0.12051693821062334,4.045580700794881e+123,5.254000910123222e+121
24258,1,50,6.413200028042894,2.467744758005303,3902909.138324509,50687.131666552064
24258,2,53,1.1455035779911906,1.0788006712916616,3100195204205532.0,40262275379292.625
24258,3,93,1.8123514636119327,0.41729007820699154,3.507090363523758e+30,4.5546628097711145e+28
24259,1,51,3473.2835787384997,19780753.096873425,79.23206861312624,1.0289879040665746
24259,2,58,0.8594302831204915,0.8717363433380558,4.87386872284734e+16,632969964006148.0
24259,3,81,0.7219524533230561,0.0892076268167842,2.1312304573668814e+78,2.7678317628141318e+76
24260,1,53,0.907436184906728,0.20781433830537194,1.454946586726401e+22,1.8895410217225988e+20
24260,2,52,0.9177223665813738,1.1717641586944052,4.4555121820310746e+20,5.786379457183214e+18
24260,3,83,0.9052954366006531,0.6805600618015926,6.0217006920319525e+19,7.820390509132406e+17
24261,3,63,1.8801088677038034,0.9905510231370742,352196270.1127315,4573977.5339315785
24262,3,66,0.5262364695789439,0.09929420324897477,1.209002576579993e+99,1.5701332163376532e+97
24263,3,52,3.7858599639759682,1.660627302875159,52832632344792.87,686138082399.9073
24266,1,61,0.5250447427641622,0.05847070508151299,2.3190332587690916e+55,3.0117315048949243e+53
24266,2,68,0.7150589695267594,0.12383533017895937,3.0236428823197552e+137,3.926808938077604e+135
24266,3,127,0.5184488880925976,0.07627680322002822,8.337006668700396e+125,1.0827281387922592e+124
24266,4,59,1.8537838599867082,0.3694615926280673,3.8664524804670673e+27,5.021366857749438e+25
24270,1,75,2431.707474152231,6444982.514091777,18.257392966170713,0.23710899956065862
24270,2,78,1.0362661194205105,0.12579727960729892,7.621397042224218e+63,9.897918236654829e+61
24270,3,142,0.6573271151654976,0.08060876699646288,2.4111734365559806e+113,3.1313940734493256e+111
24270,4,69,0.4998155792285607,0.07293462388429504,1.415055934377281e+114,1.8377349797107547e+112
24271,1,83,1.7272640430817183,0.5773425163448616,240052403911874.0,3117563687167.195
24271,2,72,606.7312108401849,448736.1977680326,10169.624924736081,132.07305097059844
24271,3,148,1.7165847362181195,0.37051230519221207,6.241643059256132e+58,8.106029947085885e+56
24273,1,70,8.95767890164916,3.228769635641804,18.717494715588032,0.24308434695568873
24273,2,84,0.5708346044732824,0.06678611253797326,6.76338594655922e+137,8.783618112414572e+135
24273,3,174,1.3329949841759756,0.25168955027525847,2.0211820287676687e+45,2.624911725672297e+43
24273,4,63,0.5409801310791656,0.08826877584981747,4.040055710973992e+118,5.246825598667522e+116
24274,1,77,27.784293315292793,25.720511126608205,69.74434165663413,0.9057706708653783
24274,2,91,1.51155410472489,0.3241912286424981,2.921067536853326e+49,3.793594203705618e+47
24274,3,139,1038.6670466437326,2351447.194255849,96119.74626772612,1248.3083930873522
24274,4,61,0.885670290150725,0.6374635308524637,8.7486302429688e+17,1.1361857458401038e+16
24275,1,68,0.4713718566488042,0.06641437477988936,2.83259427467759e+71,3.678693863217649e+69
24275,2,80,0.47175994013619554,0.1043011612307439,2.029063344521954e+132,2.6351472006778623e+130
24275,3,157,4596.55148129697,17889186.091770317,68.71338997096542,0.8923816879346159
24275,4,71,1019.5273585027221,2850490.913927799,198649.06994753127,2579.85805126664
24277,1,53,1.1462208855548444,14259.203629960686,3.314941582376328e+19,4.305118938151075e+17
24277,2,63,76.72250572130544,135.53538480597925,77.88091203936924,1.0114404160957045
24277,3,120,5671.4041766729415,25566117.710879177,90.89997978213343,1.1805192179497848
24278,1,67,2.8053067618485255,0.4223676659390134,24525365.60237942,318511.2415893431
24278,2,73,1.539050100407688,0.9224347159889665,43225733305.2576,561373159.8085402
24278,3,109,4144.123848655273,11187617.518543428,53.77184012969052,0.6983355860998769
24279,1,60,44.94634373885325,106.32868279559031,21.20496846239267,0.27538920081029444
24279,2,64,2800.005665089209,29657541.369792014,7904.0265244284665,102.64969512244761
24279,3,98,5616.779002037038,21140430.145349685,71.67047683825916,0.9307854134838852
24280,1,58,7.318364609063609,1.5945425474950528,10.334177876382759,0.13421010229068517
24280,2,59,1721.217306283934,8202411.4720182,1744.3460268157864,22.653844504101123
24280,3,110,1.5903656351881492,0.9766670608149859,615470738543.0688,7993126474.58531
24281,1,71,0.5987633315170933,0.13006674780882854,234769.4690126628,3048.954143021595
24281,2,84,6430.888498226293,40915075.7264903,66.60384080327341,0.8649849454970573
24281,3,126,5039.575510245194,17001398.43733362,129.88014581966644,1.6867551405151486
24282,1,58,15.913425966739757,7.5233967153984125,158540.3526881307,2058.9656193263727
24282,2,68,0.6174805397754306,0.13617676171439422,3.6923297969455164e+149,4.795233502526645e+147
24282,3,108,2.606423388763202,1.4164819143886118,3574549.3581313184,46422.71893677037
24282,4,50,1.8864840184657805,2.1852625811056217,1252127067129.7588,16261390482.20466
24283,2,55,0.9632911722103388,0.18647945952838282,4.5128578608352466e+91,5.860854364721099e+89
24283,3,108,1.4058710145618782,0.7929910079757039,59762606631302.66,776137748458.4761
24310,2,68,0.4973007508984144,0.10082649726291641,4.659832494425806e+145,6.051730512241307e+143
24310,3,111,1.3595903605265043,0.3068087799634615,6.053890183523151e+88,7.86219504353656e+86
24310,4,58,2.5823154043861294,3.5968639444704604,387740689.53377223,5035593.37056847
24311,2,82,0.49467647316629015,0.07655564475943871,1.404850265404339e+118,1.8244808641614794e+116
24311,3,110,1.666378316161155,0.5060744045617763,4.6532154603426855e+54,6.043136961484007e+52
24311,4,76,4753.678788364928,68484478.75641818,823.1741690653444,10.690573624225252
24312,1,59,0.5275478809357377,0.08334883422357808,1.0705349390760211e+107,1.3903051156831444e+105
24312,2,101,0.9150272005896167,0.9583868561948959,6.61679170047177e+20,8.593235974638663e+18
24312,3,144,0.5218246724308478,0.054420384884198814,7.619961395871874e+148,9.896053760872564e+146
24312,4,68,0.4846777352985087,0.08607854230598051,8.932160999169467e+149,1.1600209089830476e+148
24313,2,110,1.8999871978464486,0.44057281472806376,1.9634457332495406e+32,2.549929523700702e+30
24313,3,154,967.2240581929033,2587198.0291893417,142596336.4063207,1851900.4728093597
24313,4,67,1.4364881550461528,0.2507426639253843,5.176989440857529e+45,6.723362910204583e+43
24314,2,65,2659.8303244097738,21071677.02824713,776.5310674358595,10.084819057608566
24314,3,101,0.6291853458364468,0.10524171358898733,1.006811604672054e+88,1.307547538535135e+86
24314,4,56,0.9589574819024396,0.58838105950012,1.946468190270893e+26,2.5278807665855753e+24
24315,2,67,0.5158205811146335,0.14433415375011668,2.199721140667365e+145,2.856780702165409e+143
24315,3,94,0.6821743158561316,0.11823349017116658,1.1973583496157078e+99,1.5550108436567632e+97
24316,2,80,0.8060501468182117,0.13583075887663285,1.0063252251574513e+65,1.3069158768278588e+63
24316,3,101,6775.072341240127,58105219.406478316,81.94280783931082,1.0641923096014392
24316,4,51,1.127622397523113,0.298088023457325,1.541654621733885e+82,2.002148859394656e+80
24317,1,62,1.7210611718693964,0.7157286552857105,1.0675724756768748e+35,1.386457760619318e+33
24317,2,83,0.910978295645711,0.7813995261006179,2.6266652472978917e+21,3.41125356791934e+19
24317,3,117,5576.16811256274,26009238.803931795,90.28574952032176,1.1725422015626203
24322,2,76,0.5846701620708693,0.10184175440678807,6.040929603613832e+82,7.845363121576406e+80
24322,3,107,1575.6216785402355,7667125.101083255,38573.1138485798,500.94953050103635
24322,4,57,0.6073168194941382,0.06762433415882232,5.584326961594656e+118,7.252372677395657e+116
24323,1,287,0.5521007298309794,0.05471854406521434,9.817563298612322e+134,1.2750082205990028e+133
24323,2,523,0.9794513718420613,0.1216792059898534,7.868332539776692e+168,1.0218613688021678e+167
24323,3,635,1923.378644970987,9556728.957421556,11189.50902558989,145.31829903363493
24323,4,303,2.220141512067123,0.4102253832895527,7.428610111508032e+41,9.64754559936108e+39
24324,1,59,2.3073034831820345,4.112363280606432,3248072517.4710927,42182759.96715705
24324,2,75,0.8673055355766248,0.21576982324206714,3.4060986329822146e+92,4.42350471815872e+90
24324,3,85,0.8238677654563278,0.11992238465756978,1.0587718033261198e+104,1.3750283160079478e+102
24325,1,57,25.140265836158854,22.55361084120858,19.851677768196602,0.25781399698956625
24325,2,65,5295.41008768263,22895764.956501506,55.29976139093952,0.7181787193628509
24325,3,97,0.5045781293687811,0.08894590541135139,1.6289519693396596e+121,2.115522038103454e+119
24326,1,56,0.5965491236259611,0.16249938387106672,6.510099821488309e+34,8.454675092841959e+32
24326,2,50,0.6412426473086434,0.10130369262043278,8.348931591881233e+97,1.0842768301144459e+96
24326,3,68,1.2554209931199218,0.32902616269373547,7.2397698475805526e+53,9.402298503351368e+51
24327,2,59,3945.522455423181,9612097.118178409,58.048850963538,0.7538811813446493
24327,3,75,0.5300531253089891,0.12437548993149027,3.774453067003354e+105,4.9018871000043556e+103
24328,1,56,2012.7087556186118,9692898.981744237,31.712282322907065,0.41184782237541645
24328,2,72,0.946950137836225,0.12355224391134165,6.173577925313712e+66,8.017633669238587e+64
24328,3,90,0.9276030802979194,0.2126133728092055,2.629261133004495e+88,3.4146248480577855e+86
24329,2,67,1.9199317561161522,1.9964369687361576,4178666832.335759,54268400.41994493
24329,3,73,0.8821345457336585,0.5519935077323275,2.780522184648208e+16,361106777227040.0
24330,2,54,0.4892294299423907,0.07227346293430413,6.904668641299214e+105,8.967102131557421e+103
24330,3,50,0.6870620495861768,0.12414384362426174,1.1700791322948417e+104,1.5195832886945997e+102
24336,2,83,1.2587393645930152,0.1602932813530741,4.097873498687644e+42,5.321913634659278e+40
24336,3,124,2.3441615787071983,0.7248992567922511,5.745791180465851e+36,7.462066468137468e+34
24336,4,59,0.5014907724733696,0.1124206544410509,5.426783975596405e+127,7.047771396878448e+125
24337,2,79,1.4052343256439532,1.4164053467415325,3887611192159.4365,50488457041.03165
24337,3,126,2650.1443528689906,11521798.35917797,699.3037748331265,9.081867205625018
24337,4,59,3265.882277010803,19551779.116857264,283.45325579377055,3.6812111142048125
24338,1,55,2.0512046228180405,0.6138893838589198,7.770014108686037e+16,1009092741387797.0
24338,2,85,5715.4629414128885,23682449.665779125,64.09441164867143,0.8323949564762523
24338,3,139,0.8695443748828563,0.10213735639757891,4.4076951646446947e+64,5.7242794346035e+62
24338,4,58,0.5239787947138276,0.09986901822661785,3.552823810694599e+122,4.6140568970059725e+120
24339,1,58,1.0508636525578425,0.2370628473764892,1468082.506203718,19066.00657407426
24339,2,65,3860.4257065493275,9811577.119951785,61.741537293883056,0.8018381466738059
24339,3,107,1.2657041867881986,0.2118971731153592,3.3628903303635245e+57,4.3673900394331486e+55
24342,1,79,1503.9503126125942,1623158.6232995584,63.44991792011917,0.8240249080534957
24342,2,91,3008.287590948176,35242701.66468862,410757.62794931023,5334.51464869234
24342,3,161,0.8631155206679368,0.18560101797213463,1.2404401074314801e+80,1.6109611784824418e+78
24343,1,63,30.730534272750486,34.92883019929495,24.25865751142312,0.3150475001483522
24343,2,68,3236.132265600746,20201602.61258971,189.15201578385683,2.456519685504634
24343,3,128,6912.033741207559,48680316.85482292,70.665062088506,0.9177280790715066
24343,4,58,1236.0987842779855,3615057.973991394,157141.3518770136,2040.7967776235532
24344,1,67,1.3675152428015396,0.2521138122748335,19207439.239359863,249447.26284882938
24344,2,88,4687.93427396108,14110418.744221693,46.906570288751,0.6091762375162467
24344,3,121,0.5072990959420753,0.07284543856064213,1.4401539722299184e+132,1.870329834064829e+130
24344,4,57,0.9533286337921563,0.7040230574228882,9.820540239189474e+24,1.2753948362583733e+23
24345,1,64,10.201496972334295,2.6836362964997282,12.511869016390879,0.16249180540767375
24345,2,85,1.0166403095114973,0.5924291515880676,3.160321512579394e+17,4104313652700511.5
24345,3,163,5598.036152734614,74002309.64795595,302.5964743411182,3.929824342092444
24345,4,71,0.47987284474304936,0.08885068352991826,1.097726374175249e+138,1.4256186677600637e+136
24346,1,71,12.369841325898252,6.282670034988806,20.164297977568996,0.26187399970868824
24346,2,67,5827.207155847362,17999396.82123276,66.11044651681902,0.8585772274911562
24346,3,140,5474.810723932292,31117503.22024981,79.32501655035782,1.0301950201345171
24346,4,69,0.9637272861801225,1.41644270257592,5.352834731231289e+24,6.951733417183492e+22
24347,1,65,18.776817712853685,8.99484442251717,15.737880047640475,0.20438805256675943
24347,2,69,2431.639136414918,18166385.0489215,1305.7195006047352,16.95739611174981
24347,3,143,1806.2808518339616,7088312.795259155,9932.736826643015,128.996582164195
24347,4,66,0.490766860046975,0.08338217003451437,2.7709276130648545e+81,3.5986072896946164e+79
24348,1,64,8.87252703342596,2.434912051798011,47.55163665659426,0.6175537228129125
24348,2,74,0.7627766526042509,0.13431850597787032,1.013028034018863e+85,1.3156208234011208e+83
24348,3,146,5800.867162697752,28354393.2712966,101.12756736984437,1.3133450307771997
24348,4,61,208.56459251364112,30896.44305712185,83462.67438184933,1083.9308361279134
24352,2,91,74.44964979104044,81.91061598219568,59.4735012288014,0.7723831328415767
24352,3,163,807.5079007541686,1087868.188497756,22585.56139612652,293.3189791704743
24352,4,65,0.6843207666339732,0.16614004629623885,6.961556084345872e+127,9.040981927721912e+125
24353,1,60,1952.2450252098529,7240426.76375177,252.38952745881352,3.277786070893682
24353,2,113,3.052314754886699,1.4383628966128796,1365732.0626971482,17736.7800350279
24353,3,157,2.975091044497074,0.9450760242493979,1274522.7461781169,16552.24345685866
24353,4,64,3.5598538905923163,4.092032321265506,64298697.26885578,835048.0164786465
24354,1,59,7.795168103602737,3.4189755688976358,19.20415423127276,0.24940460040613974
24354,2,82,39.74804742326328,24.339734691195353,55.00115678813708,0.7143007375082738
24354,3,120,5191.296019223685,24961949.184678376,121.11972532428048,1.5729834457698764
24354,4,54,1817.0611452003761,16422613.766260128,61671.78155530932,800.9322279910301
24355,1,63,4.029945568138058,1.236950036535466,185.60513391049807,2.410456284551923
24355,2,81,1.0870887764494495,0.5256498342213528,1.1898653920080858e+18,1.5452797298806308e+16
24355,3,147,5252.7060735270625,14233842.896893512,65.00689925843174,0.844245444914698
24355,4,57,4242.410112772914,37651802.85556221,186.6376138957909,2.423865115529752
24356,1,58,3307.0469764183954,30877215.80092833,47.539992418970655,0.6174024989476709
24356,2,63,4581.077765344048,17707108.210794978,80.09957130894765,1.040254172843476
24356,3,136,5486.375853477191,23179181.307041142,111.99920170668074,1.4545350870997498
24357,1,56,1.7608426918035083,0.2552639674300002,3.0915826253687207e+20,4.015042370608728e+18
24357,2,58,76.52366896203914,127.6077884144073,76.04641339622587,0.9876157583925438
24357,3,99,0.8781774750099797,0.4315438885881794,5.415034018912736e+16,703251171287368.2
24359,2,80,0.9278505522874155,0.5631338206489085,1.501293238997755e+22,1.9497314792178637e+20
24359,3,127,229.52903131870946,1537.210554882345,68.39167900250908,0.8882036234092088
24359,4,52,2.8391730255464247,2.0002976911414874,3291397911.3578653,42745427.42023202
24360,1,55,39.49006026738507,39.69360994179034,29.990405153815615,0.3894857812183846
24360,2,79,1.0771619643468655,0.2509750478865993,3.3926530021497575e+65,4.40604285993475e+63
24360,3,159,147.43075298351192,486.11512004482,108.04074000330118,1.403126493549366
24360,4,57,0.48598929356816706,0.07805025633751116,4.0785830946744305e+143,5.2968611619148446e+141
24376,3,87,5211.97259317286,23394434.84313442,74.65481077838488,0.9695429971218816
24377,1,59,0.8614130621819737,0.16317640915278814,5.2765026843018384e+101,6.852600888703686e+99
24377,2,73,0.6396611468369472,0.11545321355330747,9.552419349274725e+159,1.24057394146425e+158
24377,3,117,1755.586009886027,9826320.174934898,4992.947229560712,64.84347051377549
24378,2,68,1.1203913462601813,0.1775175244690991,4.0025342630101657e+51,5.198096445467748e+49
24378,3,88,0.48804901355079305,0.09424704463377234,2.1564158549701254e+147,2.8005400713897733e+145
24379,1,54,1.8047244077949665,0.5946872171899802,4.063961316336298e+28,5.27787183939779e+26
24379,2,86,0.7898079053620525,0.14520004395200578,2.8359016996663118e+119,3.682989220345859e+117
24379,3,121,1831.8895495919985,8920219.755017214,6432.558312237605,83.53971834074811
24380,2,76,1266.3423585313294,4431981.97948794,74453.11173265024,966.9235289954577
24380,3,99,514.5618774141874,689778.6814568989,250326059.64498886,3250987.787597258
24381,2,70,1.573983559368058,1.3917468228029655,246613528407.8994,3202773096.2064857
24381,3,136,0.7007139249399494,0.12186635971678646,3.463896306341251e+108,4.498566631612014e+106
24382,2,73,1.5242252569124004,0.43724839534140514,3.375905083918264e+40,4.384292316776966e+38
24382,3,109,1.9577495610973892,1.6948155386008632,1.769564549522898e+17,2298135778601166.0
24382,4,63,1.8004094919213067,0.5001011569702634,4.8861520956641595e+34,6.345652072291116e+32
24383,1,53,0.9326758035439967,0.870082132567017,2.4747576529444923e+23,3.21397097784999e+21
24383,2,85,0.5033176410353679,0.07688059523174423,1.7150575932166847e+136,2.227347523658032e+134
24383,3,127,,inf,,
24383,4,60,0.6980522706810836,0.19138992438632635,3.7629238535679207e+142,4.886914095542754e+140
24386,1,58,0.582597968423435,0.0829965864364303,1.3685673855004356e+100,1.7773602409096565e+98
24386,2,104,0.49549452522247894,0.1227541476508363,7.36931570512344e+141,9.57053987678369e+139
24386,3,110,5723.126052002136,71435398.39324124,161.51682663174174,2.097621125087555
24386,4,61,4.012470649600027,4.370783453726115,1593456.7021330104,20694.24288484429
24387,2,69,0.5067455427466216,0.08940635410380236,1.5600906527923826e+124,2.0260917568732242e+122
24387,3,96,0.9068381745254355,0.5552894256438169,9.196853045681965e+19,1.194396499439216e+18
24388,1,68,0.6102534398487478,0.06368833366044123,2.491892999989859e+142,3.2362246753115054e+140
24388,2,69,106.74397781144324,3977.3831126429714,45660.441382317586,592.9927452249037
24388,3,102,5917.691634411021,80574335.86124948,342.8561161016701,4.452676832489223
24389,2,61,0.9534596841421401,0.11862989113995114,1.5138609890619488e+79,1.9660532325479856e+77
24389,3,79,4287.857720056164,17377129.625515014,66.04550406333011,0.8577338190042872
24390,2,79,0.9086950348544824,0.798723301241555,1.926754116963871e+17,2502278073979053.5
24390,3,88,3181.4772251234535,16060077.488294285,304.67016191919623,3.956755349599951
24396,1,51,0.9177221872456975,45574.393427039504,5.5939228581043555e+28,7.264834880655007e+26
24396,2,68,1248.5732536922173,216789.73694080795,61.167856256580166,0.7943877435919502
24396,3,106,4.861185357294374,4.043787781997041,1.7748781897566206e+19,2.305036610073533e+17
24396,4,53,0.5296294984604426,0.10206676015136072,7.371647058759667e+115,9.573567608778788e+113
24397,2,85,191.70717920434555,41606.28288822956,1176115417.9017673,15274226.206516458
24397,3,98,5817.003862062446,45448274.6760187,122.4404677705562,1.5901359450721584
24400,2,55,5507.8131217724995,20510313.38493918,71.66062992164262,0.9306575314499042
24400,3,98,4.326798581544759,3.909365819155361,108293.53744152177,1406.4095771626203
24401,2,61,6118.461241730069,26018951.85409393,91.76698759500434,1.191779059675381
24401,3,125,0.9288709818567924,0.6235005028586322,6.893960311818873e+22,8.95319521015438e+20
24402,1,52,0.9565260412001366,1.0648974276529235,6.016668167709378e+25,7.813854763258932e+23
24402,2,77,737.9285908310569,1275776.3526022725,378442898.5104858,4914842.837798517
24402,3,158,1.4160850967172764,0.9948592117844268,1950935923816475.5,25336830179434.746
24402,4,54,0.47433268893462255,0.11573009336396124,4.005268739501851e+130,5.201647713638768e+128
24404,1,54,0.9101859960055955,1.7090645665184123,6.562332672965751e+17,8522509964890586.0
24404,2,105,529.3152968230216,539037.459845342,1340345186.8685052,17407080.348941628
24404,3,162,1.0564700503224835,0.25331711668133594,1.0892685513308238e+84,1.4146344822478231e+82
24404,4,60,1.4882328749579925,1.4197897871701775,6.3345712405751064e+16,822671589685078.8
24406,1,57,0.7203830322394843,0.13888962827805817,5.2891825167763454e+95,6.869068203605644e+93
24406,2,103,8033.888507419676,52482116.948878475,100.77790663934758,1.3088039823291893
24406,3,163,3.958597011664942,1.3929088880291578,80046.10403972663,1039.5597927237225
24406,4,75,5211.997796755281,17487820.62701936,78.15633474119498,1.0150173343012336
24407,2,95,1122.7893366881283,122519.36756478211,72.64789098815905,0.9434791037423254
24407,3,170,2387.8324155051164,11176104.872554863,1728.1560921112725,22.44358561183471
24407,4,60,41.680324378014774,35.46367046333002,68.53895649859425,0.8901163181635616
24408,1,76,18.18252450727586,10.515292164096453,34.611389677267546,0.44949856723724085
24408,2,123,4808.923085445892,41627432.363967,216.42722434067852,2.810743173255565
24408,3,185,0.9946679534198369,0.18446797790142283,1.1049539173495638e+71,1.435005087466966e+69
24408,4,69,5267.7418745173745,23643100.782573834,77.96806385087197,1.012572257803532
24409,1,67,45.21023398237355,75.03934942910011,35.90732453768073,0.4663288900997497
24409,2,72,73.9233214599415,86.42506437866507,52.54163231601706,0.6823588612469748
24409,3,131,2.261290828821713,0.7721862852638027,107624278.02379285,1397717.8964128941
24409,4,61,5147.613503532252,30924586.15939082,124.16679861726291,1.6125558261982196
24410,1,61,11.278478032221264,5.008911496426811,25.10950738251533,0.32609749847422503
24410,2,73,2.148585585896878,1.2974627906090952,909821319.3664273,11815861.290473081
24410,3,124,1054.0911689859179,3400131.482414861,167944.89279332414,2181.1025038094044
24410,4,64,1281.4945955162157,3297167.27062043,5941.453059628395,77.16172804712201
24416,2,77,0.9243347029054542,0.16632717127267466,4.3401863612531054e+64,5.636605663965072e+62
24416,3,115,2183.965492484511,12876080.154454611,3972.794066271154,51.59472813339161
24416,4,56,0.6441875398384198,0.06345203735261586,3.9346278935486325e+152,5.109906355257965e+150
24417,1,57,1.2237258497136292,3.047877468739592,1.6904813935794812e+22,2.1954303812720535e+20
24417,2,100,2128.499547628227,12760771.414230146,23932.787290187884,310.8154193530894
24417,3,130,0.6894984651331771,0.08082151569862818,9.558364721049946e+157,1.2413460676688241e+156
24417,4,61,1.8791842082098777,0.44987787963634374,1.2190782441622411e+44,1.5832184989120016e+42
24418,1,62,2853.8206936349043,13180603.762517666,406.4526844443831,5.278606291485495
24418,2,97,0.9569032447888641,0.11658526210099922,1.371647442502188e+89,1.7813603149379063e+87
24418,3,183,1.2138324285847317,0.26067591776991555,2.3008789549257968e+64,2.988154486916619e+62
24418,4,77,2.6469217555431883,0.7610328799458417,6.929736261782331e+27,8.999657482834196e+25
24419,2,68,0.49212254985539705,0.08274911922107492,3.5347665843762015e+94,4.5906059537353265e+92
24419,3,118,0.9079692200745259,0.15273355500036792,1.0379189841371395e+82,1.3479467326456357e+80
24419,4,62,0.9115157020084866,0.7970416624312235,3.5007981838031585e+20,4.54649114779631e+18
24422,3,82,1.7682188335027644,0.5617605705014239,9.624036358854265e+53,1.2498748517992553e+52
24424,1,56,0.7961759660964967,0.08433478549007055,8.942840974666055e+73,1.1614079187877995e+72
24424,2,83,0.49239031767403973,0.08175834638469548,6.433388497875791e+133,8.355049997241288e+131
24424,3,100,1820.27362056341,9458420.937375782,4066.766679118973,52.81515167686978
24424,4,53,1.535494895556863,1.2477818958595197,123410894887.88222,1602738894.647821
24425,2,68,0.4590662977309043,0.13598126499560073,1.050715190640151e+153,1.3645651826495467e+151
24425,3,93,0.9645334263868112,0.1824501722963864,7.799333969259027e+59,1.0129005154881854e+58
24425,4,51,0.4921157343728895,0.08214704914299197,2.492787257408951e+144,3.237386048583053e+142
24428,1,53,1.081352497394581,0.1650266872943897,4.384771397560613e+109,5.694508308520277e+107
24428,2,81,8633.892559746153,77957054.43551181,100.59310105464809,1.3064039098006246
24428,3,60,4674.883499104212,13251957.027895564,51.11427455869068,0.6638217475154634
24429,1,51,1.0775206536728394,0.3805152442019998,3.0362813794524507e+74,3.943222570717469e+72
24429,2,66,17.85345172538546,7.13469824614174,83.48349076298403,1.0842011787400523
24429,3,64,1.2816590997364778,0.24856515717260233,3.8314564241082303e+59,4.9759174339067926e+57
24430,2,56,2602.1057711024114,11033956.522771237,489.40022259095804,6.355847046635819
24430,3,61,749.6485560478667,1624099.4278911024,20670.975359725126,268.4542254509757
24431,2,59,0.5005049629622612,0.1205384655488984,1.9589308675357106e+133,2.5440660617346892e+131
24431,3,68,4321.905008221347,13377937.513701282,79.5672858063301,1.0333413741081832
24431,4,55,26.537488086490885,14.326355827538247,52.11666766660945,0.6768398398260967
24432,3,54,0.9201070592491845,0.5319184584104715,3.428687483279915e+19,4.452840887376513e+17
24433,2,83,4.154174885370024,1.9013089989106762,43712.831243252935,567.699107055233
24433,3,77,3123.596717953398,3609348.332122541,69.43189559520675,0.9017129298078799
24433,4,54,1.4766553192583127,0.35624930548219286,1.300682301449888e+75,1.6891977940907635e+73
24434,1,53,1.4845457130538218,2.884656254925731,9.8994468463862e+16,1285642447582623.5
24434,2,77,5907.923852704994,32091003.88734118,69.43606683716736,0.9017671017813943
24434,3,84,2.952433152106848,1.6119546319008133,154994.84801073844,2012.9201040355642
24434,4,55,8222.695227286316,102790923.77655321,132.72442863060584,1.7236938783195563
24435,2,78,2.3435775739169165,1.2320997190078344,1607631148.3008106,20878326.60130923
24435,3,77,874.1482184585597,60553.577869142406,64.80884848283345,0.841673356919915
24436,1,54,0.9697459291620406,1.34720595275685,8.606643959009157e+27,1.117745968702488e+26
24436,2,75,6347.322401777576,42006576.02828961,98.09477619449875,1.2739581323960876
24436,3,90,1.4344448998820822,0.6521779255788178,2960981974845.523,38454311361.630165
24437,1,50,0.9530471180469806,1.277817985123227,5.153153799767673e+25,6.69240753216581e+23
24437,2,73,1.5655379174766388,0.2643294635532373,2.5516498219395258e+64,3.3138309375837996e+62
24437,3,65,2.7030004695944863,1.6531514616005556,11469452.198150035,148953.92465129917
24442,3,55,26.042219437847056,15.008871473811515,52.99339246911794,0.6882258762223109
24443,1,510,1.268095426577603,0.15652475376340186,7.318373684646167e+76,9.504381408631386e+74
24443,2,616,2033.4322741377964,8513530.943719324,15300.506040734677,198.70787065889192
24443,3,622,5684.414733603669,15441646.259730704,257.6153548993077,3.3456539597312687
24443,4,405,0.9463339187112251,0.14231106023974832,8.494342545797852e+92,1.1031613695841367e+91
24444,3,53,3.2993802446109255,1.4036780854336584,3148949.728423478,40895.451018486725
24447,3,61,3.1449800329052775,1.8578809249833426,5893746.58768638,76542.1634764465
24449,2,56,5.52927978717871,2.5560532090745722,6497.578003511063,84.3841299157281
24450,1,50,3.0996272853893947,4.387445121661083,5609333304.444067,72848484.47329958
24450,2,59,1541.8448867466827,6436895.0029162755,40144.006677237696,521.350736068022
24450,3,65,4519.68435800264,14120233.162202818,106.87468556727683,1.3879829294451536
24451,2,56,3890.1685589859694,25598065.581107263,148.6902300505854,1.9310419487089012
24452,1,55,1.821916812773588,1.2988831723437237,45300707757.732735,588320879.970555
24452,2,80,850.9008612748887,3325284.063726819,15397328.751018714,199965.3084547885
24452,3,51,0.4555555951833382,0.135608723948503,1.0086963401210935e+144,1.309995246910511e+142
24453,2,56,1717.404411050859,8100123.85844086,174121.86609860777,2261.3229363455557
24460,1,56,1.2975329925022583,0.2685852954587593,8.600598566824611e+70,1.1169608528343651e+69
24460,2,58,1223.2304384633032,4825873.432107003,23096.15639704054,299.9500830784486
24464,2,56,1894.473801104857,5086519.946366103,918.2052004179764,11.924742862571122
24464,3,70,138.422331552978,490.18759991359536,74.44822327421319,0.9668600425222492
24469,2,52,0.7249990197845505,0.11471808544066366,1.7321484832981605e+123,2.2495434848028056e+121
24469,3,54,7542.528036998777,50085909.30422991,57.78678601193912,0.7504777404147938
24470,2,59,0.9754475260981317,0.9741748281308595,2484665774092819.5,32268386676530.125
24470,3,72,0.5715003373929917,0.09465791635127035,1.4254727941714758e+112,1.8512633690538647e+110
24471,2,56,1.7497362643801317,1.4520522381244716,26761650826.997105,347553906.84411824
24471,3,75,6.944642515269999,2.5320177955063135,992.4528406625711,12.888997930682741
24474,2,75,1660.3715373524813,7712707.587139012,46930.29948332038,609.4844088742906
24474,3,71,2.346149467168999,0.8461893630010671,20220173.203358844,262599.6519916733
24475,2,65,1.0553792514370965,0.21473615520199277,7.352458801066327e+59,9.548647793592632e+57
24475,3,64,80.78455539753845,136.27178967264385,68.30603812996067,0.8870914042852035
24476,2,59,2185.685310588474,14039195.851790553,2568.153048980407,33.35263699974555
24476,3,58,2.3982613862187194,0.8714491288670695,4757082.466870262,61780.29177753587
24477,2,60,0.5723082496556599,0.0947185193805653,6.076409607043779e+129,7.891441048108804e+127
24477,3,60,84.52839860356379,147.42377496321035,70.49751121258402,0.9155520936699223
24478,2,61,1.0419833622391244,0.22387934278740848,1.3344441085552975e+94,1.7330442968250616e+92
24478,3,81,2984.003530099121,2459090.7377030104,63.72206856316648,0.8275593319891751
24479,2,51,1.7573793784760803,1.6247716651864306,261399332113.20078,3394796520.9506593
24479,3,50,0.5259532282034657,0.1233394031963667,6.128245173319016e+125,7.958759965349371e+123
24485,3,67,6581.633293476976,40599752.594769016,74.87331622117952,0.9723807301451886
24486,2,55,0.8627290516877643,0.48750644790966885,4.1690708458833976e+18,5.4143777219264904e+16
24486,3,72,3.54515791245091,1.5791127777270266,277104.6437840368,3598.7616075848937
24487,3,55,60.98015528434388,65.30889323775624,59.697031449249295,0.7752861227175233
24488,2,50,5484.972353864177,33130723.572502896,76.12688921909154,0.9886608989492408
24488,3,61,6.456908092928836,2.2448692647856685,906.555443629938,11.773447319869325
24490,2,53,3748.0932438953255,5555430.609935847,52.169824800894695,0.6775301922194116
24490,3,56,0.8870295687973635,0.34132185496902223,1.1169522161427602e+17,1450587293691896.2
24491,3,57,77.99763356044393,131.98237027303264,71.68909287461454,0.9310271801897992
24492,2,59,6.014181978869642,2.692669627591587,5516.392646424792,71.6414629405817
24492,3,64,32.321302878887415,15.276720884663932,57.38975344942556,0.7453214733691631
24493,2,63,5108.397634151356,14912450.956720864,66.74713325315031,0.8668458864045495
24493,3,68,6.390690835217403,2.073788619050537,1363.7436197962484,17.71095610124998
24494,2,51,0.9283380240579467,0.5581639726209977,6.805365366470955e+21,8.838136839572668e+19
24494,3,52,4.053840521285979,1.7703799351748815,127190.04939892427,1651.818823362653
24499,2,90,57.2534533003925,56.410435811067394,70.49585757826873,0.9155306178995939
24499,3,78,2.850181240856323,0.784041582181254,834134.7838096224,10832.919270254837
24500,2,105,1.8619618653212333,1.4214394145942282,85576340078.37744,1111381039.9789279
24500,3,102,6588.887657305926,27339184.648745485,79.82362752554835,1.0366704873447836
24500,4,54,184.13557010604973,1216.480908540533,79.05490522334776,1.0266870808226982
24501,2,52,0.6592153978789871,0.17113494267211055,1.963743261966784e+172,2.5503159246321874e+170
24501,3,58,81.11172939211461,142.94685532018707,62.908372424074784,0.8169918496633088
24502,1,55,6717.143354783171,49775911.43888255,84.32032268904996,1.0950691258318177
24502,2,70,0.5109199365865661,0.10126611476778662,5.160361616066674e+140,6.701768332554122e+138
24502,3,63,0.8268347235590693,0.12348573903779887,4.474209296893528e+92,5.810661424537049e+90
24503,2,66,1184.6618547110495,3510008.7412859877,3879.030254067527,50.37701628659126
24503,3,74,5578.357273314977,24854837.496903423,89.0375519701083,1.1563318437676402
24504,2,64,4503.726070145028,13519538.172659675,82.4576922201794,1.0708791197425895
24504,3,65,0.44369479746106916,0.3806661641092523,1.401504434431269e+153,1.820135629131518e+151
24504,4,52,2.7915013461340634,2.766140069655603,797718750.7574213,10359983.776070407
24505,2,68,1.470936781775171,0.5493023391791156,2.503826259280893e+44,3.25172241465051e+42
24505,3,67,4620.257799498991,21411337.823618196,92.1755048192824,1.1970844781724987
24505,4,52,1041.3640614001206,111767.6275002734,65.63219632053597,0.8523661859809866
24506,1,55,0.4928223009504825,0.09134931797573649,1.1422060251579695e+129,1.4833844482571033e+127
24506,2,64,3.459183719117795,2.757412857878947,3476871.7731308383,45154.17887182907
24506,3,71,5.252247173770685,3.4163627299732076,38963.24679187842,506.0161921023171
24506,4,53,0.4954250442302144,0.10407790986827825,7.961220351843405e+136,1.0339247210186241e+135
24507,2,61,143.28448254635288,462.82153219470456,62.881068180610825,0.8166372490988418
24507,3,81,184.03094497310977,790.7971308448961,63.322817604401166,0.8223742546026126
24507,4,51,0.5358224618338527,0.12022825017480511,3.791661709554629e+119,4.9242359864345825e+117
24509,3,58,0.6367038275250305,0.2146508810661258,3.8142054222198356e+124,4.953513535350436e+122
24510,2,54,5406.512030628312,17709714.317326162,64.4975228075427,0.8376301663317233
24510,3,53,68.01372537157668,91.13045863499802,54.06793144782944,0.7021809278938888
24511,1,52,3957.68782964255,39440167.75303128,546.683153104732,7.099781209152364
24513,2,55,5738.200534528392,37815387.899356395,89.66201298829465,1.1644417271207097
24513,3,57,2.335108882475023,1.0895420098471058,322774021.66856486,4191870.411280063
24514,2,51,1345.7057794331988,3746106.6182392444,8549.68937291373,111.03492692095753
24514,3,65,0.90795567222386,0.31900506012551616,5.069156400696188e+19,6.583320000904141e+17
24515,2,64,0.46414191893201506,0.09886157995217579,9.363836191771576e+148,1.2160826223079968e+147
24515,3,64,74.56408036894688,104.50577800286084,57.186320743241254,0.7426794901719643
24516,3,52,16.353432141578704,5.252815407330465,36.80318149911881,0.47796339609245203
24521,2,52,1811.3790964419466,7965584.377379969,4492.0724943348105,58.338603822530004
24521,3,62,2.4774003313421145,2.0386246022825296,4529316.186503716,58822.288136411895
24522,2,66,1.7454580086947447,1.368027685571017,151956729893.15393,1973464024.5864146
24522,3,52,2.4374866389568237,0.9724113441849702,3675526.3773812116,47734.108797158595
24523,3,55,5691.747401791216,63329283.72235037,123.76301485015242,1.6073118811708107
24524,2,75,4958.028235976836,35216890.88125849,253.94505679443967,3.2979877505771387
24524,3,73,55.16694923471347,48.9520179483685,63.889002223567346,0.8297273016047707
24526,1,59,3.561572148506465,7.325943252285174,89015179671.66754,1156041294.4372408
24526,2,78,480.42392261068716,12667.586631473496,95.23183127252157,1.2367770295132672
24526,3,96,36.1739198910715,21.13776928426005,94.41063809751925,1.2261121830846657
24526,4,58,4091.9207891778588,7348001.799742975,77.29900908514975,1.0038832348720748
24527,1,57,2822.1957639613356,19290643.344686896,2041.4343822166547,26.51213483398253
24527,2,102,4270.488605476351,18091729.044856586,278.92734326621417,3.622433029431353
24527,3,84,3.0049678791628747,1.0981766013310876,2038947.6885333895,26479.84011082324
24527,4,53,2943.0173225210715,3139091.250955222,81.16413662256991,1.0540796963970118
24528,2,71,3.3910941310685523,1.3089860726928064,657893.6341195477,8544.073170383735
24528,3,86,67.96164008779236,79.17779260116917,51.905759972699684,0.6741007788662297
24529,1,53,0.5361442423357076,0.08843429085677829,1.8919494648745128e+102,2.4570772271097567e+100
24529,2,94,55.942234632300234,49.962528365106216,95.98868420479135,1.2466062883739137
24529,3,115,2264.0596232869793,901389.2617558353,69.8176930513303,0.9067232863809129
24529,4,58,0.9223252214650932,0.6093135241697192,6.135467257519141e+16,796813929547940.4
24530,1,55,3.887091944740785,3.6159745050057435,6311238.591249708,81964.1375486975
24530,2,98,80.41244118175176,101.22240231190949,72.4392247100514,0.9407691520785897
24530,3,94,3.070034934167073,0.821404371489179,1375974.3535769125,17869.79679970016
24531,2,91,3.681210085782783,1.8012758466771166,201266.0290939249,2613.8445336873365
24531,3,81,65.34217991335281,80.95282306060129,72.10768691420722,0.9364634664182756
24532,1,54,4242.9199273559125,36570753.38294044,411.56295927514674,5.3449734970798275
24532,2,74,458.3705599337443,10668.21933547942,68.0709551694278,0.8840383788237377
24532,3,87,15.284046860379522,4.524338354302161,74.43010009566652,0.9666246765670976
24532,4,50,1.1922349506035652,0.3962471600474238,2.5474629696952986e+56,3.3083934671367516e+54
24533,2,95,5692.710009503956,23566232.75559756,82.81230303993118,1.0754844550640412
24533,3,76,3.5787019007971184,1.0053637146622856,44060.58345951951,572.2153696041495
24534,2,97,3701.453987377431,3601631.995041197,51.75011016753747,0.672079352825162
24534,3,102,248.60587490533212,1773.044627631025,86.05371525287147,1.1175807175697594
24534,4,54,2.7551573655019315,1.8289622552750406,21023326.412372418,273030.2131476937
24535,1,54,3.1416662362825227,1.4430204289412625,427274.1153189311,5549.014484661443
24535,2,84,146.4571355037655,473.378942026388,78.00121158580835,1.0130027478676409
24535,3,89,3.4792069010441367,1.197852762973388,268399.89923371037,3485.7129770611737
24536,2,104,3.106034873289338,0.24851360369129372,3301.6772432322628,42.878925236782635
24553,1,85,0.5606478997503338,0.1323027938204506,3.843761670788942e+47,4.991898273751873e+45
24553,2,109,3.134662435431089,3.917386350402889,58201708.10110724,755866.3389754187
24553,3,225,2.359522084055158,0.47750162712370303,1.5058445541746645e+50,1.955642278148915e+48
24553,4,78,0.48336132539713966,0.08136068082939808,1.7017130552635367e+140,2.21001695488771e+138
24554,1,88,2.1592726341750423,13847.88507938254,-51559603372551.016,-669605238604.5586
24554,2,88,0.6420131073331143,0.08656408742409714,1.1584058669394109e+82,1.5044232038174168e+80
24554,3,158,0.9175176219271756,0.1212016983076877,4.6539119448137415e+64,6.044041486771093e+62
24554,4,60,1464.013548790601,588953.9566686796,25.289093354901816,0.3284297838298937
24556,1,74,0.543587868889679,0.10294609686105367,1.0885890337729036e+19,1.4137519919128619e+17
24556,2,77,1884.126267619703,7160800.231945264,7768.346371870228,100.88761521909387
24556,3,153,0.5021444879110641,0.06917181117639612,1.3960505399217076e+113,1.813052649248971e+111
24556,4,73,0.49753345241216024,0.07195706877887342,2.0195321347396889e+130,2.62276900615544e+128
24557,2,59,2874.284108070595,4974593.2157713445,48.216373855764814,0.6261866734514911
24557,3,127,6311.859806721743,22276053.46405048,61.14625573855816,0.7941072173838722
24557,4,50,0.7750069340320257,0.1289846360632854,3.2642944103340046e+74,4.239343390044162e+72
24558,1,109,0.8591084552483879,0.09020757755117083,2.6021575427948997e+25,3.3794253802531166e+23
24558,2,121,1586.1356120735934,6427364.874091716,74128.85996849109,962.7124671232609
24558,3,214,3266.9784549344427,26342673.330475617,456.81713362102823,5.932690047026341
24558,4,93,1659.5565590204883,3822034.250033517,4598.910368695686,59.72610868435956
24559,1,154,3.903553326778025,0.41077673552500027,2.0082952723147584e+18,2.608175678330855e+16
24559,2,136,2139.842493835204,10154643.895409081,1596.5145322045178,20.733954963695037
24559,3,212,3.443631507144674,2.2571032146903214,2992020.0083405767,38857.402705721775
24559,4,84,0.4902815953984809,0.07943810707586917,4.803919543074366e+145,6.238856549447229e+143
24560,1,104,6.944773219223885,2.026659069208407,22.028166293922453,0.28608008173925265
24560,2,102,0.9486724314510144,0.15806696768782805,2.8945243801609565e+151,3.759122571637606e+149
24560,3,186,2291.0986425390224,9136607.879072977,463.8539068908531,6.024076712868222
24560,4,73,1.0362877950389389,0.18358652214204363,1.665504644175125e+78,2.162993044383279e+76
24561,1,131,11.898180288354194,3.8721268542408733,21.54701197240172,0.27983132431690544
24561,2,119,1970.8345348836342,9202654.20538402,110395.43719766467,1433.7069765930476
24561,3,250,1338.0787977654159,3947246.5746915126,19720.30950864067,256.10791569663206
24561,4,112,6961.526896222562,38302561.4414907,64.39477589122268,0.8362957907950997
24562,1,94,21.050716443848113,18.09254349797812,13.439005893386874,0.1745325440699594
24562,2,138,642.887555680922,27767.963575514485,94.19272799132193,1.2232821817054795
24562,3,206,0.9313201993102574,0.17519449856280825,1.8329917509877223e+158,2.3805087675165225e+156
24562,4,80,2.7764632745384774,2.3811371584147234,640647137.8297857,8320092.699088126
24563,3,78,3963.395157628948,10775394.666223383,86.12720370886939,1.1185351131021999
24564,1,83,2417.586468331172,10913829.382126376,363.0911049235088,4.7154688951105035
24564,2,120,0.619859878742571,0.08003883181593072,1.0611470994482418e+132,1.3781131161665478e+130
24564,3,134,106.52729995354794,224.0933543692562,86.49244312390019,1.123278482128574
24564,4,85,4.146712335164492,1.8129767694114052,4.796382210429153e+20,6.229067805752147e+18
24566,1,115,1.9559230586424015,0.44635351986687083,9.204156082086663e+52,1.1953449457255406e+51
24566,2,154,4462.527502002329,16628882.79191322,128.92390896971912,1.6743364801262224
24566,3,145,472.5510331255208,11080.464207951858,89.97174356722519,1.1684642021717557
24566,4,88,1959.808700796697,13285332.741874687,78657.81899440776,1021.5301168104904
24567,1,80,0.8941668780500639,1.830459731558173,4.31160081068262e+19,5.599481572315091e+17
24567,2,146,2004.732233034237,11220668.568397142,3984.096224068967,51.741509403493076
24567,3,130,126.53183050906374,292.8749934484132,83.34385351637872,1.0823877080049185
24567,4,76,0.5079899121827702,0.09505823667087342,6.690072741931978e+142,8.688406158353218e+140
24568,2,54,2.833527877993014,3.409961010552347,106655313.90444455,1385133.9468109682
24568,3,79,3.157429848664157,1.6125553745968115,1668705.5410092482,21671.50053258764
24568,4,51,7452.23787181235,59062311.8070121,75.43622888398845,0.9796912842076422
24570,1,125,1.7463698736743993,0.3952015662101727,1.0795131458295915e+50,1.401965124454015e+48
24570,2,198,7673.979023216845,51703585.68445817,127.3134591865641,1.6534215478774559
24570,3,233,153.97302703075275,426.4314196543392,141.05884894362188,1.8319331031639206
24570,4,127,0.6299592051102769,0.14051250278044816,5.255140905702491e+134,6.824858319094145e+132
24572,1,1345,8.385011661800267,0.4294143862052537,109.0880833754517,1.4167283555253467
24572,2,12658,6.262908995763504,0.1650701237720224,658.6710528196895,8.554169517138824
24572,3,9844,4.75766672156588,0.06586522297403098,4707.829225973161,61.14063929835274
24572,4,3026,7.689899548691934,0.4495341655591327,172.3840758160498,2.2387542313772704
24574,1,1199,4.19070080791887,0.13680660646376266,26.45617449486079,0.3435866817514388
24574,2,8424,6.121715554416246,0.19629974967336442,328.8281261487122,4.2704951447884705
24574,3,5796,4.848327166878442,0.11093658080393186,790.3343226043269,10.264082111744505
24574,4,1670,7.502599287440081,0.5967447318784375,131.36776952979426,1.706074928958367
24576,1,618,3.0810251013823615,0.12176303879935226,51.11965456597429,0.6638916177399258
24576,2,4906,6.0966391257537165,0.20828197913227106,245.9675842041931,3.194384210444066
24576,3,3900,4.6528980689355866,0.09238513821689112,5247.184878848315,68.14525816686123
24576,4,1110,7.467692237871543,0.6359626093062367,109.25800900213633,1.4189351818459264
24578,1,1302,3.7678507863091144,0.11099612151723316,116.59250343266233,1.5141883562683418
24578,2,9678,5.756232463383966,0.1874434118367978,820.9361736600208,10.661508748831439
24578,3,7820,4.956470486595395,0.09804875982496679,17359.214246034502,225.44434085759093
24578,4,2229,8.046322821961258,0.5745489179601301,170.98835634451245,2.2206280044741877
24580,1,416,4.018120325752489,0.21526892232869216,25.626317106710665,0.3328093130741645
24580,2,3387,5.935837646765801,0.27029587748014205,417.66067020132243,5.424164548069123
24580,3,2982,4.864106143572056,0.2150195415982684,204457.66187718554,2655.294310093319
24580,4,828,7.077511556084023,0.5638740974789573,87.39206364129566,1.1349618654713722
24582,1,2173,3.6102216469810124,0.06392343605349737,53.98794211265398,0.7011421053591427
24582,2,6925,6.032044300383792,0.18306048297546473,572.5788264896509,7.436088655709751
24582,3,4214,4.7065315082137005,0.11206496989525824,1629.2666284574682,21.159306863084
24582,4,1404,7.442898249203528,0.5058902796187991,148.8933802571422,1.933680263079769
24583,1,1878,3.8626274283973494,0.11460470336259157,100257406.5036857,1302044.2403076065
24583,2,5746,6.031233518420374,0.1958444697044617,1327.2891749825594,17.237521753020253
24583,3,3276,4.615894966319585,0.13820257695702903,1596.172396452607,20.72951164224165
24583,4,1062,7.168785119136834,0.5553834836531797,193.40753167781662,2.51178612568593
24584,1,2639,3.6136315845757214,0.09362849411814414,45700.753648904065,593.5162811545982
24584,2,8067,5.75275611229996,0.1617665163145203,2817.053379232788,36.58510882120504
24584,3,4453,4.786470215654994,0.10795302573779407,76286.01194070333,990.7274278013421
24584,4,1475,7.823413682376343,0.5161052260962585,106.23577237172564,1.3796853554769564
24585,1,982,3.5535638621584575,0.13102848132944844,260.66606749487045,3.385273603829486
24585,2,3038,6.312668331236013,0.2363326958251348,568.1116354355779,7.378073187475038
24585,3,1760,4.583540997900881,0.1680341601306761,109.90259723196941,1.4273064575580443
24585,4,571,6.936654059942581,0.5901183464647421,84.77156404855313,1.1009294032279628
24587,1,805,5.991640207266222,0.46521259255841885,136.68150236074175,1.7750844462433992
24587,2,3348,6.254918986530685,0.23382096879108183,524.7783445155807,6.8153031755270215
24587,3,1928,4.585259377675439,0.14636909626428615,487.86732198402757,6.335939246545813
24587,4,713,7.091889181977417,0.5611858562076181,139.42679002892504,1.8107375328431823
24588,1,3523,10.422513712218404,0.5122137520489265,243.58553501386265,3.163448506673541
24588,2,12014,5.8312221866357286,0.15520244373349582,2490.305766271516,32.3416333282015
24588,3,7307,4.776211246726197,0.08225642612874892,19295.274434597653,250.5879796700994
24588,4,2420,7.627820557012106,0.5050352118748823,324.95357082898624,4.220176244532289
24589,1,2378,3.6166958029116967,0.10847156114456906,2355.8897041423807,30.59597018366728
24589,2,6321,6.491043606497188,0.21834757278642028,186.22652106899062,2.4185262476492286
24589,3,4189,4.787643969967216,0.10674194864102468,83355.61117786674,1082.5404049073602
24589,4,1458,7.380572911329202,0.5688408587153315,312.2788955017312,4.055570071451054
24590,1,2508,3.2506929046994224,0.060595803119618395,827203.4993166854,10742.90258852838
24590,2,6757,6.327360030752846,0.2064935172097379,284.101235718285,3.6896264378998054
24590,3,4397,4.738426663059041,0.09465787476535538,2022.1565445816054,26.261773306254614
24590,4,1477,6.867996687589614,0.5194840125025075,193.88783732601945,2.518023861376876
24591,1,2538,3.4232323332449357,0.07718630366257515,601.8759156505987,7.816570333124658
24591,2,6711,5.695772781489682,0.17984379685811253,869.1968445558466,11.288270708517489
24591,3,4440,4.692110765212723,0.1083132623529492,493.7512807833642,6.412354295887847
24591,4,1491,7.909487417353424,0.5644737819236617,163.55607515779892,2.1241048721792066
24592,1,2211,3.507591217915657,0.07470619372280009,98.1974041773193,1.275290963341809
24592,2,6120,6.167547248531279,0.1702294441798073,397.17698685954696,5.158142686487623
24592,3,3802,4.670125678250637,0.1380963535664318,295.8143637757374,3.8417449841004854
24592,4,1465,7.115230489239833,0.5265086156171186,339.4543927458469,4.408498607088921
24593,1,1990,3.6877134842969195,0.1137058329828433,156723446.87527686,2035369.4399386605
24593,2,5625,6.298376115667329,0.1992589982444112,401.6114660572154,5.215733325418382
24593,3,3614,4.784140405925343,0.18037590271252477,156.1802647628749,2.0283151267905835
24593,4,1285,7.646899425122873,0.5360908296756566,114.28613268841048,1.4842354894598764
24594,1,2421,3.4390360758530645,0.05654563628774921,377.4401448020065,4.901820062363721
24594,2,6239,6.118989635452546,0.1636661630510713,754.4625087518216,9.798214399374306
24594,3,4101,4.516015507046378,0.12155171416710546,1025.7271441392306,13.32113174206793
24594,4,1422,6.857847712603681,0.5365506921510492,247.76322938388623,3.217704277712808
24595,1,1637,3.5808344093252615,0.10552112963813126,367.1198471516783,4.767790222749069
24595,2,4245,6.459054223956433,0.21154434554574236,405.28670119976977,5.263463651945062
24595,3,2705,5.294507009487186,0.15943570750239727,193.30911529863863,2.5105079908914107
24595,4,945,7.040680594120846,0.5196044581716591,130.612115806539,1.6962612442407663
24596,1,2232,3.8167233273896017,0.09379788258335892,293.6291705003357,3.8133658506537103
24596,2,6114,5.980047782893415,0.19172338329700683,678.9641715721971,8.817716513924637
24596,3,4240,4.847839783644434,0.13348878724298652,1455.2911965114113,18.899885668979366
24596,4,1416,7.335939399344975,0.4953221392935872,104.43315364331862,1.3562747226405016
24597,1,2187,3.7311873416059282,0.0809042601437685,373058.35238441627,4844.913667330082
24597,2,6012,6.348813414564326,0.18333747165913447,433.55519835032106,5.630586991562611
24597,3,4113,4.833766129188115,0.15628425185244532,29990.311193502657,389.48456095458
24597,4,1456,6.65033075660188,0.43889492073639963,166.11038957959084,2.157277786747933
24598,1,1636,3.9187292407619445,0.11902028345181025,40.01133792581554,0.5196277652703317
24598,2,4096,6.304645408676223,0.25780654047485646,451.82491956194474,5.867856098207074
24598,3,2906,4.58569712939515,0.1525854709854481,1289.897062121343,16.751909897679777
24598,4,1088,7.187195344197147,0.5954082867822481,429.9232450184944,5.583418766473954
24599,1,1599,3.7156885746739055,0.14475499500502442,62901620837174.445,816904166716.5513
24599,2,4000,5.9345227670949185,0.24250162943154044,741.8036965879535,9.633814241401993
24599,3,2862,4.653269858375272,0.14182625358509038,2127.3408178993486,27.627802829861672
24599,4,1104,6.469951655664447,0.44003744731622935,640.4188682467004,8.317128159048057
24690,1,1232,5.770044606617981,0.35006811697660745,770.461813905064,10.00599758318265
24690,2,3970,6.3466126115969566,0.22635218449732455,282.4928205761807,3.668737929560788
24690,3,2809,5.0912506314910875,0.15738775701425703,346.8881154585904,4.505040460501174
24690,4,1298,6.990959063269416,0.4627552463936832,131.69570525165767,1.7103338344371126
24691,1,12671,5.2087349526070525,0.09339094760799059,901.9363688421645,11.713459335612527
24691,2,36342,6.0729231546114955,0.1729001425346555,938.5495953240353,12.18895578342903
24691,3,24971,4.499980860682562,0.06080871616588258,4099.990846623601,53.24663437173508
24691,4,11317,7.463496177296358,0.42943844668666714,574.692309464511,7.4635364865520915
24692,1,1334,4.706342683282281,0.21605143551823147,93.27126675326548,1.2113151526398114
24692,2,3729,6.409896854519266,0.2836431076266875,378.69266765257817,4.918086592890625
24692,3,2527,4.6135815751228675,0.10839443370186516,312.87526289796756,4.063315102571007
24692,4,1149,6.643723897818677,0.44275201828730454,92.56641125858263,1.2021611851763978
24693,1,1280,4.531925418133331,0.2011707710620765,2045.9938201579168,26.57134831373918
24693,2,3644,6.468761789452921,0.26705307646499105,324.0483992124779,4.20842076899322
24693,3,2480,4.691643716684731,0.17129953960806857,1143.8634178273694,14.855369062693109
24693,4,1144,6.286578082115911,0.47606949405141225,203.01003742290098,2.6364939925052076
24694,1,1448,4.512293396146244,0.172129561700186,56.590295133371825,0.7349388978359978
24694,2,3848,5.973242979646736,0.20613940461802263,442.42715238845517,5.745807173876041
24694,3,2643,4.297192112523201,0.15464033424059978,507.1704112409778,6.586628717415296
24694,4,1175,7.115279144864002,0.4419075135069622,84.33600020627267,1.0952727299515932
24695,1,1696,4.502067979921923,0.15804887105790477,17134.665124809104,222.52811850401434
24695,2,4554,6.348897514771364,0.22927043393876792,166.25842984253836,2.1592003875654333
24695,3,2998,4.7485590874185615,0.15969990786635846,1803.7833734416258,23.42575809664449
24695,4,1309,7.172896170786957,0.565453057651345,150.1392676655941,1.9498606190336896
24696,1,125,4.15467161587333,0.4604657379089532,26.548944335569995,0.3447914848775324
24696,2,330,6.578612632075663,0.7651593853529843,68.75765246915898,0.8929565255734933
24696,3,221,6.076275566628819,0.5587411023242548,55.65386389957536,0.7227774532412384
24696,4,101,9.224596197095986,2.0258400887424406,67.52101943932536,0.8768963563548747
24697,1,1369,3.5298282037682194,0.08545911432746618,321421846.8631216,4174309.69952106
24697,2,3463,5.8917812892051336,0.23813697199227432,1401.9755351866675,18.207474482943734
24697,3,2277,4.833787737588121,0.1849781570329014,211.7610588362209,2.7501436212496224
24697,4,981,6.737500237739557,0.4618555061739339,128.54368156464875,1.6693984618785551
24698,1,1315,3.4380675634636204,0.086379140915632,1447.7103521155937,18.80143314435836
24698,2,3114,6.406512655108585,0.26310615629028394,436.4532924643126,5.668224577458605
24698,3,2168,4.66217799036291,0.1412512558368341,266.31480781619956,3.4586338677428516
24698,4,1003,6.19745455303067,0.43936121878780227,89.57303648441126,1.1632861881092371
24699,1,1462,3.5104036074192786,0.10268500479973028,7246581.966686452,94111.45411281106
24699,2,3614,6.057134947809462,0.2519130121979451,176.65342512353308,2.2942003262796504
24699,3,2343,4.8485260079780765,0.14385655724695573,62.99446595240597,0.8181099474338437
24699,4,1002,7.35493663125152,0.5278244025171267,110.9832390902607,1.441340767405983
24701,1,1550,3.3799478305450474,0.08602319329932237,77.18849737181576,1.002448017815789
24701,2,3886,5.947562905596883,0.22580785680737023,478.6555063110692,6.216305276767132
24701,3,2443,4.9625542765117725,0.15063521867676033,490.36709073951124,6.368403775837808
24701,4,1068,6.895330722838639,0.515149287790669,146.94853810095796,1.9084225727397137
24702,1,978,3.3888565265337776,0.1026013203715991,54.99349404377259,0.714201221347696
24702,2,2324,6.519609496386979,0.34234127258578295,363.76217569187816,4.724184099894521
24702,3,1586,4.708574200945418,0.17970997044193923,128.63477100396165,1.6705814416098914
24702,4,692,6.230247703549707,0.5065570407287605,70.8005327307585,0.9194874380617988
24703,1,449,4.272686194767439,0.19718070839348228,24.095057467730587,0.3129228242562414
24703,2,1085,5.524070129633509,0.3361670749721663,113.7548437653171,1.4773356333158065
24703,3,725,4.54087154018485,0.316124778213034,204.53772798866393,2.656334129722908
24703,4,324,6.897572050569734,0.8385558446277404,85.89943538864918,1.1155770829694698
24707,1,768,4.323977922216072,0.27778321032271464,134.0005693974116,1.7402671350313195
24707,2,2183,6.584547084782946,0.20800315440972178,50.738539798872736,0.6589420753100356
24707,3,1467,4.252754398862327,0.17563404882667952,471.8335682624877,6.127708678733606
24707,4,738,7.04126871733803,0.600238221307811,74.75330212240225,0.9708221054857434
24708,1,702,5.039370484369174,0.3811207931981207,179.1951379544612,2.327209583824171
24708,2,2175,5.828934312078712,0.22637986199542667,180.43394165660067,2.3432979435922165
24708,3,1475,4.4176369813829846,0.20564358247421105,25901.505508426002,336.3831884211169
24708,4,693,5.802310127079038,0.5256982841057103,161.3412195251047,2.095340513313048
24709,1,754,5.2511335750657535,0.2314960132219302,53.841125609228854,0.6992353975224527
24709,2,2289,6.150364892523408,0.29774683480211345,224.23607208569427,2.912156780333692
24709,3,1517,4.548362358584282,0.1474778648769382,173.70548708588424,2.2559154166997955
24709,4,708,6.050041327275206,0.6179343982653764,124.71493168847235,1.619674437512628
24710,1,210,5.325156864409698,0.5914973370479565,58.897015543931865,0.7648963057653488
24710,2,724,6.216638370174095,0.36150746203146406,65.00216513035699,0.8441839627319089
24710,3,442,4.802438183246999,0.22952355935701516,59.22171767839428,0.7691132166025231
24710,4,204,7.093724342330145,0.8394666532385012,61.06149113814777,0.7930063784175035
24713,1,1591,5.61375156211187,0.25552550124582396,65.52907166635251,0.8510269047578247
24713,2,4874,6.419873203750753,0.22327236615078788,169.24662046755202,2.198008058020156
24713,3,3125,4.632725081048559,0.151596379042114,141.27485269787843,1.834738346725694
24713,4,1540,6.854164389443457,0.42625628538074245,161.76217972188198,2.10080752885561
24714,1,1824,4.518130847649015,0.14378776361429713,1304.2586460990708,16.93842397531261
24714,2,5083,6.124610420622342,0.23122697174983523,578.2539829416298,7.509791986254933
24714,3,3346,4.799214571891174,0.09807774318074453,2339.0797404675436,30.377658967110957
24714,4,1577,5.853552089058688,0.39319061597635285,207.7096408283706,2.697527802965852
24715,1,1746,4.736659466834867,0.2123716320162984,75.5372637126092,0.9810034248390805
24715,2,4594,6.0655040988035545,0.23249593565190033,206.91258457906412,2.6871764231047286
24715,3,3051,4.481575305996419,0.13135365009227956,846.5992443884899,10.9947953816687
24715,4,1398,7.356428286568461,0.48447864796860607,102.57040892658893,1.3320832328128431
24716,1,1870,3.584031974667765,0.11567904836840721,2995117850447.4307,38897634421.3952
24716,2,4315,6.32488508001988,0.274283188792505,253.1446284698366,3.2875925775303454
24716,3,2901,4.589429706050684,0.12121381974793846,1346.580606885435,17.488059829680974
24716,4,1296,6.90957662746465,0.521230944525371,130.07620543693662,1.6893013693108652
24717,1,1682,3.5842481796994807,0.10306399604467735,118.91067649540528,1.5442944999403283
24717,2,3981,6.099038336058406,0.21631294822382655,610.4944910380372,7.928499883610872
24717,3,2556,4.721270283051035,0.1560842610546664,958.9493034900856,12.4538870583128
24717,4,1195,6.745242891062017,0.547830728294884,203.41218091848424,2.64171663530499
24718,1,1745,3.7265578893717954,0.06992514964812385,780239230904.3945,10132977024.732397
24718,2,4233,6.150821343218356,0.29962571145143224,1307.7919572817073,16.984311133528667
24718,3,2813,4.822061463920281,0.15280046732604857,546.9953072115276,7.103835158591267
24718,4,1259,6.721823617260585,0.5003268023488244,166.92756482991223,2.1678904523365223
24719,1,1688,3.300345668184201,0.08762214677765023,14162.686926936485,183.9309990511232
24719,2,3997,5.915475419865102,0.1949183446325099,243.99736315697467,3.1687969241165543
24719,3,2714,4.694338791559751,0.1501292249951558,650.7183911154013,8.450888196303914
24719,4,1126,7.644434750872936,0.5562666235154925,101.37976836308434,1.3166203683517446
24720,1,1097,3.2105071431493637,0.12174795600314123,24.804401838544525,0.32213508881226655
24720,2,2524,5.991152372638536,0.2316127370866123,1488.4815185673597,19.330928812563112
24720,3,1651,4.798709222221889,0.1452849569304529,74.55740290567823,0.968277959814003
24720,4,741,7.289223247558065,0.6616711554981558,147.54604563968297,1.9161824109049737
24721,1,1016,3.044935658379748,0.12364069666454065,1252.0804269987375,16.26078476621737
24721,2,2526,6.213556748866005,0.2441482174662505,99.4652451961548,1.2917564311188934
24721,3,1656,4.448071278761801,0.21434472811493066,2007.293349265702,26.068744795658468
24721,4,742,7.353875680073471,0.6085508966813165,86.97422890248967,1.1295354402920736
24722,1,995,3.147270588056312,0.12330270673400284,112.14681846427452,1.456452187847721
24722,2,2461,6.141960794709934,0.2640694550923913,89.99254883956402,1.1687344005138185
24722,3,1677,4.844279077911425,0.12615372171774808,28825.626225544223,374.358782149925
24722,4,737,7.0141214420259255,0.537141013924982,150.1065043074215,1.9494351208756038
24723,1,1019,3.1518829592156448,0.09357185161809951,1750091.1257965262,22728.456179175664
24723,2,2328,6.2867908392586305,0.25379451280085447,172.98819533231767,2.246599939380749
24723,3,1549,4.7045333621267575,0.23765559288931581,112.06814641884276,1.4554304729719838
24723,4,723,6.684234503252025,0.4956411256407562,73.22660722915207,0.950994899079897
24724,1,334,4.3738233979297645,0.3502165867625831,83.37654469325405,1.082812268743559
24724,2,844,6.175342726265842,0.36272397457031846,71.32588844849155,0.9263102395907994
24724,3,578,5.053633651063895,0.3107553613110086,56.54051806717261,0.7342924424308132
24724,4,239,5.834460619942078,0.5939216202995703,75.30891539764423,0.9780378623070679
24725,1,371,4.077771334057392,0.23032755829268156,20.911435815691807,0.271577088515478
24725,2,814,6.816057267002877,0.5124929367403477,72.03297912668646,0.9354932354115124
24725,3,578,5.056714608588098,0.42044010234737816,68.2334248014307,0.8861483740445546
24725,4,262,4.322990913848074,0.4168884627206579,1390.792383286329,18.0622387439783
24726,1,296,3.2001264865831676,0.17775522389394874,25.499034024717254,0.331156286035289
24726,2,761,5.705623115982247,0.38761355724608854,122.16192264920734,1.5865184759637316
24726,3,475,5.148360913387134,0.3781207310854654,934.4194072072856,12.135316976717995
24726,4,202,5.699031431093492,0.6807997144766038,117.47934534558237,1.525705783708862
24727,1,271,3.7297574546492585,0.21306215593765937,49.58641164305385,0.6439793719877124
24727,2,640,6.195439417548012,0.5053112518247836,82.43446073838516,1.0705774121868201
24727,3,364,4.003093108820371,0.4111799160133853,120.02295092819804,1.5587396224441303
24727,4,193,6.0235494426586405,0.6523689399641729,106.26908115399794,1.3801179370649084
24728,1,245,4.9744607875101226,0.39620376964875476,39.1990859272596,0.5090790380163585
24728,2,787,5.888347745752719,0.37473598380142764,170.5986467564189,2.2155668409924534
24728,3,497,4.924597638319331,0.37309144716680187,65.27649079949921,0.84774663375973
24728,4,225,6.994926272416303,0.8455632339216906,50.31962891919479,0.6535016742752571
24729,1,252,5.853090824434792,0.5308611755825292,41.32846231921061,0.5367332768728651
24729,2,702,6.746633441544417,0.43870781095195494,51.37460943438659,0.6672027199270986
24729,3,500,4.8265290797970835,0.318128281572707,114.47698467467508,1.486714086684092
24729,4,228,5.955061740987007,0.7270450250311891,124.19804130633068,1.612961575406892
24730,1,669,5.455154599313055,0.36188379289634365,54.99397936000972,0.7142075241559703
24730,2,1967,6.050635644511549,0.22980011054672572,294.58851954832437,3.8258249291990176
24730,3,1304,4.811479033206172,0.15753109900473194,90.15682957581984,1.170867916569089
24730,4,622,7.343255113207033,0.5892281055320804,68.06507151653099,0.8839619677471557
24731,1,714,5.619091078522326,0.3633211284334248,449.1284038648704,5.832836413829486
24731,2,2156,5.7916062588824895,0.243074016334845,314.22241546555904,4.080810590461805
24731,3,1547,4.270523378117722,0.14911968609107767,54.62688287217651,0.7094400373009936
24731,4,666,6.978259138934374,0.5654551851692856,84.74743504741731,1.1006160395768483
24732,1,652,5.72609265560859,0.3042691840911281,77.61608984223469,1.0080011667822686
24732,2,1956,6.090740266047763,0.34427153454778586,157.68573545555532,2.047866694227991
24732,3,1352,5.368949530757814,0.20896685896554643,80.87570445609802,1.0503338241051692
24732,4,623,6.494984664185366,0.5461276491241738,157.7572975250814,2.048796071754304
24733,1,195,4.60930378988405,0.5592881468799135,84.60185039339228,1.0987253297843154
24733,2,621,5.765852480008047,0.4379387716960802,170.5188733913164,2.2145308232638494
24733,3,416,4.758208951742683,0.28435772597414294,64.14682600294212,0.8330756623758717
24733,4,206,7.374578736587612,0.950438935349116,56.15275965617046,0.7292566189113047
24734,1,416,5.862742393589259,0.6051487024952115,271.3292913650439,3.523757030714856
24734,2,1254,6.016350967451133,0.380815179179066,97.67671996881776,1.2685288307638671
24734,3,871,4.679332565863998,0.2617659160225147,46.58715952160693,0.6050280457351549
24734,4,467,8.395873080956438,0.8381174737754867,73.30596091599475,0.9520254664414902
24736,1,6001,5.664802525461961,0.14586807889711392,1100.1381902275618,14.28750896399431
24736,2,18202,6.232839489713851,0.19628695855653078,364.16669710329865,4.729437624718164
24736,3,13244,4.48034052706355,0.09052143061357812,64975.91611055564,843.8430663708525
24736,4,6980,6.435288114690512,0.36148068273036105,375.0669537825878,4.870999399773868
24737,1,301,5.560921204723002,0.6544575988376616,65.11583122573657,0.8456601457887867
24737,2,771,6.166805241793986,0.30228634496570317,54.72183247602356,0.7106731490392669
24737,3,610,4.913230564382274,0.3016275341919305,71.05203122590973,0.922753652284542
24737,4,295,7.256458421248627,0.8874050934204641,59.30258730472998,0.7701634714899998
24738,1,522,5.956766109031909,0.5077181956610741,86.96206247165883,1.129377434696868
24738,2,1862,6.0947229973490655,0.3115589281838539,232.2532026075437,3.0162753585395286
24738,3,1313,4.427890917377086,0.1836827678862036,163.00840479958202,2.1169922701244417
24738,4,707,6.260089353759623,0.5057800721918159,102.49712514554803,1.3311314953967277
24739,1,486,5.6350161349070165,0.566788401056389,95.93173128770462,1.24586664010006
24739,2,1636,6.010910087289197,0.31607625666419104,213.09890728979622,2.76751827649086
24739,3,1241,4.351724949755717,0.14115912281031526,359.03776169325494,4.662828073938376
24739,4,580,6.414857230768745,0.550649700048058,98.00549948607711,1.2727986946243781
24740,1,505,5.421431021998616,0.3561811242541581,539.9833050732983,7.012770195757121
24740,2,1634,5.732346649879819,0.32838055914103226,90.23847617075567,1.171928261957866
24740,3,1208,4.3398845772961225,0.17175929621886446,118.27472199918077,1.5360353506387112
24740,4,631,7.392345335024884,0.6867687879591043,100.51920039809248,1.305444161014188
24741,1,537,5.575413926094303,0.37680269160562374,51.22449828080531,0.665253224426043
24741,2,1631,6.711319505284361,0.2931992584049051,87.27040759568872,1.1333819168271262
24741,3,1140,4.865223679939106,0.20795522201684116,41.207181874179426,0.5351582061581743
24741,4,647,6.46360439710172,0.5566169188804073,68.0162500215553,0.883327922357861
24742,1,666,5.577816443555091,0.4021651171879123,63.006629452777005,0.8182679149711299
24742,2,1941,6.165979870078576,0.21387473873337928,82.35978993914418,1.069607661547327
24742,3,1421,4.5170874447695795,0.2317797347544898,127.43604860776014,1.6550136182825992
24742,4,698,7.46117945009259,0.7196622849354363,95.55616150317096,1.2409891104307915
24743,1,527,4.920160381738168,0.45187592158380513,105.18087336825619,1.3659853684189116
24743,2,1584,6.090987794816095,0.24659653493423536,451.9255290630431,5.869162715104456
24743,3,1199,4.838205444907327,0.20726140154222408,60.519723498701424,0.7859704350480704
24743,4,575,6.295078950595282,0.4795843484373348,77.49130464300563,1.006380579779294
24744,1,80,6.903625273278949,1.4809355371347022,48.2620872983665,0.6267803545242403
24744,2,241,6.977198051800924,1.086888777307669,72.48699284448969,0.941389517460905
24744,3,183,4.894126552895757,0.4490947797830051,200.85449551324754,2.6084999417304875
24744,4,88,6.731861602134124,1.2980857172939355,65.33611840409405,0.8485210182349877
24745,1,346,6.873019250768396,0.6776212676364376,56.48886114073307,0.7336215732562736
24745,2,1087,6.245796570315302,0.41412430360465907,113.65745743290643,1.4760708757520316
24745,3,823,4.07918555187774,0.210705963025574,181.6133807707054,2.358615334684486
24745,4,436,6.435177068186517,0.5106782508916349,64.06092814183421,0.8319601057381066
24746,1,496,5.698287332034381,0.5168936618306075,94.51504763864048,1.2274681511511751
24746,2,1514,5.427727697268365,0.2854527850752287,390.11037112230434,5.066368456133823
24746,3,1140,4.557010324612997,0.147535136093713,195.58289225150963,2.5400375617079174
24746,4,610,6.893554285696842,0.4655939670422417,51.25157385533449,0.6656048552640843
24747,1,272,5.3426568501808465,0.6399915528500923,55.25035418377788,0.7175370673217907
24747,2,885,4.9035744601881746,0.33311810177570433,289.02437920359523,3.7535633662804577
24747,3,621,4.211044412508006,0.3094572539108323,101.24175055222221,1.3148279292496392
24747,4,339,7.118634053670525,0.8110465050749724,60.37156301069856,0.7840462728662151
24748,1,93,6.791815684518165,1.4345984448760973,51.26535658889644,0.6657838518038498
24748,2,212,6.882200317232612,0.9221330611383662,60.94294221744811,0.7914667820447807
24748,3,176,5.03379499393827,0.6237022492485101,73.68311746608637,0.9569236034556672
24748,4,89,7.727819502701352,1.3366675948303213,40.19541370910019,0.522018359858444
24755,1,230,6.329230088881888,0.9268939527432316,66.51440718231659,0.8638234699002154
24755,2,732,6.418112516505452,0.34213917169139624,45.708614928559825,0.5936183756955822
24755,3,492,4.206011601560308,0.31513114509444673,43.71596947913234,0.5677398633653551
24755,4,294,7.051120292726663,0.9633911360271997,86.95923824936852,1.1293407564853055
24756,1,236,4.911055235202173,0.5395606033598427,72.72110482210455,0.9444299327546045
24756,2,765,6.238309958301837,0.43696786171523755,119.1705236754901,1.5476691386427286
24756,3,600,4.8021043325734505,0.2647532011576044,60.588226402879656,0.7868600831542812
24756,4,318,5.6157810495354035,0.6985941749023592,254.04697545804595,3.2993113695850123
24758,1,289,6.638722166508947,0.7900340224350452,83.61378492491403,1.0858933107131692
24758,2,880,6.435048037070076,0.3897705528441808,75.05319585311494,0.974716829261233
24758,3,724,4.317538578349878,0.3179262608982902,189.13551551643747,2.4563053963173695
24758,4,366,6.966767513291644,0.8338731191816939,83.05266248338893,1.0786060062777783
24759,1,64,4.300057527345127,1.0501402476659605,194.60187248842178,2.527297045304179
24759,2,224,6.788528913477853,0.7957484692103509,93.36516475465457,1.212534607203306
24759,3,158,4.46970292446589,0.5670375469456505,39.111843158685225,0.5079460150478601
24759,4,92,6.568954208249836,1.179895494359518,41.897821089823154,0.5441275466210799
24766,1,470,5.27154001953961,0.4999349076851977,56.97568274579568,0.7399439317635803
24766,2,1582,6.1575488988473035,0.31464117717447665,97.45026368480751,1.2655878400624352
24766,3,1142,4.762742273279234,0.19177257092680333,126.14243221505,1.6382134053902597
24766,4,539,7.75596320743743,0.7641069788603102,84.551039542229,1.0980654486003767
24767,1,521,5.632639990302256,0.3815102930920065,83.1302931353274,1.0796141965626935
24767,2,1625,6.458278399722414,0.37943989650341053,131.28206209250177,1.704961845357166
24767,3,1192,4.548164729020603,0.17755396272829913,352.0414157793512,4.571966438692873
24767,4,620,6.236437611426641,0.5914967107690743,166.98993766468928,2.1687004891518087
24768,1,468,5.4405505455233,0.3956334585578469,47.65412794917871,0.6188847785607624
24768,2,1519,5.550105901737347,0.22168924078950955,470.50609715536655,6.11046879422554
24768,3,1117,4.415062122791937,0.25435592589195016,185.30638149057143,2.406576382994434
24768,4,561,7.157038767392995,0.6948382500162793,81.29087797528707,1.0557256879907413
24769,1,238,5.520235396689141,0.5893486737924638,56.09529175947718,0.7285102825906127
24769,2,638,5.998949710176469,0.40089164181026266,62.29064613961158,0.808969430384566
24769,3,429,3.655798226658409,0.28722676295486665,51019.028650990615,662.5847876752027
24769,4,229,6.797916680792197,0.841321908605868,51.860572129963444,0.673513923765759
24770,1,773,5.645076749859384,0.43992681494262703,231.11261018829654,3.001462469977877
24770,2,2412,6.470422037844085,0.2866017211487467,227.2922982310012,2.951848028974042
24770,3,1805,4.76985037228141,0.1824899983800321,168.99105936390205,2.1946890826480785
24770,4,947,6.914589643643836,0.5711072393376517,89.52172004617502,1.1626197408594159
24772,1,537,5.919583509640863,0.5193032575111116,83.47352458909387,1.08407174791031
24772,2,1755,6.099785951113678,0.31750977278909004,98.70312191195087,1.281858726129232
24772,3,1273,4.622502096838044,0.2317982602561536,142.18111191901315,1.8465079470001708
24772,4,641,6.88939433389262,0.5867518274567478,115.04638232410039,1.494108861351953
24773,1,269,5.88028982251229,0.6055821869137217,922.051511935373,11.974694960199649
24773,2,804,5.312810198625599,0.2762175148799988,135.62896978141885,1.7614151919664784
24773,3,599,4.33818006608806,0.26693257396523745,42.95071701322479,0.55780151965227
24773,4,275,6.638943359126565,0.9802320611071444,86.90071906802044,1.1285807671171486
24774,1,67,4.213765724067551,0.7339607015775256,48.81371856582178,0.6339443969587244
24774,2,242,7.270886281570928,0.7085406535159052,52.85668911569297,0.6864505079960126
24774,3,175,4.279076493104349,0.5337343743547713,39.44557702083052,0.512280221049747
24774,4,96,6.5903120761529275,1.4068633766992762,88.89047335223597,1.1544217318472205
24775,1,193,5.186057335172356,0.6864008628191752,96413.18472140156,1252.1192820961242
24775,2,652,5.658705125807193,0.3392138404524654,62.636009259208166,0.8134546657040022
24775,3,494,5.004840595119604,0.3171927429462721,47.043842113597165,0.6109589884882749
24775,4,274,6.532195635545026,0.7787164861912311,67.25740896393772,0.8734728436875029
24776,1,213,6.392636716584834,0.8190103833000029,50.09726379092306,0.6506138154665332
24776,2,696,6.063406848709576,0.4416649723506061,99.14040998811083,1.2875377920533875
24776,3,550,4.148079087609204,0.23152606445448853,106.99463170004718,1.3895406714291842
24776,4,263,6.627399228252651,0.8576326604238684,72.68610243156365,0.9439753562540735
24777,1,211,5.529171794589345,0.648206562511998,3205.6595794956347,41.6319425908524
24777,2,668,5.842840408682113,0.4605587326635863,181.62712008134508,2.3587937672901957
24777,3,489,4.201310374145015,0.2552182317800164,234.9072514518097,3.050743525348178
24777,4,255,6.52836273377784,0.7262860162306619,53.89255927213124,0.6999033671705356
24778,1,69,4.846908093779365,1.0565065909685802,101.94907925539184,1.3240140163037901
24778,2,244,4.975577676816683,0.3913073786142022,105.97884822167185,1.3763486782035306
24778,3,162,3.3145718847473953,0.36967019001846446,499.7210885308383,6.489884266634264
24778,4,73,6.663976157022013,1.5783185575664027,52.90272405515522,0.6870483643526651
24780,1,51,0.5189441962041526,0.09277492325702985,1.500745181981037e+121,1.9490197168584898e+119
24780,2,60,0.48451688497296,0.06653984224172776,4.401268855826581e+118,5.7159335789955595e+116
24780,3,170,1676.684263946853,7369686.415987955,18152.801688208237,235.75067127543164
24780,4,92,5884.189159878096,61269547.87589994,281.4359052585068,3.6550117566039844
24818,2,81,0.8320573343637443,0.08128855181412158,3.628787933922889e+85,4.7127116024972587e+83
24818,3,206,0.9085520174809512,0.1170049795998496,5.5131639831446785e+121,7.159953224863218e+119
24818,4,100,0.5303263067785784,0.09244506640975204,4.607290315881127e+124,5.983493916728736e+122
24819,2,78,0.9104105455949771,0.15745402987571808,1.953546066760234e+58,2.53707281397433e+56
24819,3,236,0.763364994943324,0.06675975755196567,2.1514623130111007e+104,2.7941069000144165e+102
24819,4,81,0.8908072626648295,0.13631647749569342,3.7782992733819348e+81,4.906882173223292e+79
24820,1,50,1.079927013255966,0.18639466892186385,1.359640940270979e+53,1.7657674548973752e+51
24820,2,77,1498.0656420055725,6653959.934673742,36380.771419324534,472.47755090031865
24820,3,220,0.7506313069779906,0.08074863053417279,8.591454428829667e+149,1.1157733024454112e+148
24820,4,97,0.525089171454546,0.10091184163205222,5.470962443019823e+121,7.105146029895873e+119
24829,1,906,5.916178873683326,0.32409762701805267,71.2344860387365,0.9251231953082664
24829,2,3015,5.7102772871021275,0.17690252797107076,93.46458967454357,1.2138258399291373
24829,3,2134,4.2984859313817045,0.10671887381422966,266.4930931018323,3.460949261062757
24829,4,1101,6.749021415088412,0.5200853881686864,105.61984346077172,1.371686278711321
24830,1,781,6.099436819123901,0.40632864521192363,129.9445760992682,1.6875918973930935
24830,2,2320,6.055648500177716,0.25993777909825316,96.82952449520636,1.257526292145537
24830,3,1720,4.153892324336507,0.14368042153005672,213.69287474539357,2.7752321395505657
24830,4,867,6.5992398472147045,0.5382959382690661,110.76282929085119,1.4384783024785868
24831,1,967,5.675625803964945,0.34669121163857414,90.99309830449683,1.1817285494090497
24831,2,2924,6.3305561341118155,0.19265811335090038,251.23735077734966,3.2628227373681775
24831,3,2013,4.326970457973979,0.12689538669622683,74.05287875182046,0.9617256980755904
24831,4,1092,7.044419537588037,0.5419607380104157,109.59630497962576,1.4233286360990358
24832,1,870,5.394960503515869,0.3603335909487966,313.79673709790774,4.0752822999728275
24832,2,2523,5.8078242024889875,0.24923026236356113,632.4781092957894,8.214001419425836
24832,3,1785,4.533812416059218,0.17680868318791051,156.55942588277333,2.0332392971788744
24832,4,943,7.078398662548964,0.6276433046889685,124.34775253703336,1.6149058771043294
24861,1,2003,5.936090520996598,0.23859896624110116,338.1150387348477,4.391104399153866
24861,2,5955,5.987741189882261,0.2305386618283183,322.1293363566914,4.183497874762226
24861,3,4096,4.535204688974507,0.11906541653457642,497.9998892822881,6.467531029640106
24861,4,1843,7.493711808242239,0.4682562063245498,132.99760853925693,1.727241669340999
24862,1,2048,4.938076774231348,0.15451523638295767,103.1833855514378,1.3400439682004908
24862,2,5766,5.9103798636744695,0.21216389622046938,187.11208883193686,2.4300271276874916
24862,3,4051,4.591492868155728,0.12273325316160111,1425.8943032047112,18.51810783382742
24862,4,1860,6.732014875927292,0.32507295815485887,113.83841538129812,1.4784209789778977
24863,1,1903,5.006398479800943,0.24170168722917437,88.46175512294758,1.1488539626356828
24863,2,5542,5.759554031639472,0.2390432773194999,1582.1349483951597,20.54720712201506
24863,3,3799,4.644240999871757,0.1269824088478636,176008.0354428285,2285.8186421146556
24863,4,1644,7.736785007176401,0.5329301987927239,123.96237564380623,1.6099009823870938
24864,1,2855,4.5596711352350345,0.16908673299931914,174.84064093398632,2.270657674467355
24864,2,7992,6.310295180466443,0.17845992647610812,422.136814816012,5.482296296311844
24864,3,5520,4.558487811061457,0.09926984389796774,2122.3277800165,27.562698441772728
24864,4,2501,6.9744932996032265,0.4536831456761574,153.9749587561774,1.9996747890412647
24865,1,80,3808.59499272759,37333574.00279047,1574.7250042383184,20.450974081017122
24865,2,126,0.9459668399360557,0.18611887455997567,1.5389190307582318e+141,1.9985961438418595e+139
24865,3,258,2172.7136372052128,10040595.693597194,4885.675354118443,63.450329274265485
24865,4,118,0.8580252414095189,0.07634278772739633,1.0432668699526002e+75,1.3548920388994808e+73
24866,1,60,0.9680095877213146,3.3252049125574383,4.7091527595450455e+28,6.115782804603955e+26
24866,2,109,0.8774127763245068,0.1442871578388495,1.9827587692433125e+156,2.5750113886276787e+154
24866,3,232,1.0580319063384016,0.8560818346593209,9391534651288012.0,121967982484259.89
24866,4,106,0.8452157501441514,0.13053495424118824,3.519719919135638e+98,4.571064830046283e+96
24867,1,79,0.844081218589067,0.1241766371058802,1.399561431782108e+49,1.8176122490676728e+47
24867,2,142,0.6814783559221743,0.09449639717988614,1.2608907745130432e+126,1.6375204863805756e+124
24867,3,234,717.0156488007219,1054289.3831277064,4898739.258713718,63619.99037290542
24867,4,111,1.1150312254897001,0.1660193789883653,2.1925520077720137e+101,2.847470139963654e+99
24868,2,60,31.799797164298408,16.1702420930718,39.74532488175825,0.5161730504124448
24868,3,94,2441.6565887126367,16984925.547619477,1917.6190397455139,24.904143373318362
24868,4,70,1781.144567026985,8918182.134572728,15312.032148708447,198.85756037283699
24870,1,57,1.377105463852076,0.25180324883706123,2.7108304359995266e+65,3.520559007791593e+63
24870,2,102,0.8903323173415627,0.6183243998044147,3.130115415540764e+18,4.065084955247746e+16
24870,3,197,5424.438179774626,18980867.25825629,93.90688453441763,1.2195699290184108
24870,4,104,4.048381032508113,2.4032250962444244,680895.7684803568,8842.802188056581
24871,1,50,0.9022312526392734,1.0172063944250824,3.634147461165292e+16,471967202748739.25
24871,2,110,3327.3586967895785,37386962.806938864,648.6637109401229,8.424204038183413
24871,3,172,2.3264536643626115,0.9238614364301376,241039164.85034597,3130378.7642902075
24871,4,90,3362.723038620473,3802608.186296735,66.57064004581758,0.8645537668287998
24872,1,51,0.9865141398141387,0.16817954433226986,1.3296203458941363e+59,1.7267796699923847e+57
24872,2,90,0.6357597741544343,0.09903761724036472,1.4700265802243866e+113,1.90912542886284e+111
24872,3,174,5998.9131340246095,25084737.061064024,114.13662135748311,1.482293783863417
24872,4,105,0.49072525526583616,0.06982214848839263,7.515732211761627e+134,9.76069118410601e+132
24873,1,54,1237.9109069173646,4212190.456387598,13394.15539115264,173.95007001496936
24873,2,116,4847.697442243053,37678774.19538413,223.87671446966513,2.9074897983073393
24873,3,176,5749.57666534246,59278461.510582544,163.69077123018448,2.1258541718205777
24873,4,114,0.47884951490164585,0.08586461079302557,6.612204556517802e+148,8.587278644828313e+146
24877,1,107,4.599569333910824,0.6807824658984352,970360.9872887307,12602.090744009489
24877,2,466,3.6500137957953327,0.20552452783665034,327502.58806015237,4253.280364417563
24877,3,169,1.2699489804400859,0.07843943291276467,2.5792260464529663e+43,3.3496442161726835e+41
24877,4,59,1.7614603371414688,0.24654256294223034,1.2742614545920902e+28,1.6548850059637536e+26
24878,1,419,2.924185845262788,0.18595330268149635,1.7301627395392163e+38,2.246964596804177e+36
24878,2,1743,4.334097160724908,0.225696706631518,360706381358608.94,4684498459202.714
24878,3,801,1.3241593753480057,0.07701045314869676,1.4480919784392638e+79,1.8806389330380048e+77
24878,4,237,1.27454669263444,0.11518596136766543,9.449825751019524e+52,1.2272500975350032e+51
24879,1,54,1.328002717218822,0.11222365836941216,503010.95731870196,6532.609835307818
24879,2,285,4.075858204590493,0.28946779079832063,277.10538903643055,3.59877128618741
24879,3,112,1.0811457022274436,0.07896172192986335,5.787446174863138e+49,7.51616386345862e+47
24880,1,418,1.593314027124853,0.10331414056019045,7.606815384734443e+64,9.87898101913564e+62
24880,2,1801,4.21115034229175,0.24255178325847068,2.1017643166578854e+22,2.7295640476076435e+20
24880,3,662,1.3360101151604657,0.061708799863227325,2.996818427797359e+61,3.8919719841524143e+59
24880,4,240,1.663589453965857,0.12066863994858895,3.499715855786445e+52,4.5450855269953836e+50
24881,1,400,0.9227903424056529,86.63920685488205,5.060977389228574e+24,6.572697908089057e+22
24881,2,1775,3.8155972381050596,0.18831609959014217,3.972148690518536e+18,5.1586346630110856e+16
24881,3,659,0.9690876905050344,0.04511149720834148,1.9601700903827386e+105,2.545675442055505e+103
24881,4,229,0.8568739663309092,0.04827560953286131,5.4710256512952734e+79,7.10522811856529e+77
24882,1,233,1.3596719513873519,0.032460626045055,4.364848146952977e+27,5.6686339570817885e+25
24882,2,1175,3.9823630914849835,0.26297489026356125,1718457783.331863,22317633.549764454
24882,3,311,1.5712959250388066,0.1296325100757888,5.907030802141653e+32,7.671468574209938e+30
24882,4,119,0.9784355978293119,0.06097723948887156,7.14897573747803e+66,9.284384074646792e+64
24883,1,110,2.119490514948013,0.18293895806555996,281.93866719632217,3.6615411324197686
24883,2,470,3.9988705996254725,0.22083489255714497,145498.2319822792,1889.5874283412882
24883,3,96,0.6254887157086693,0.04723853826614907,1.2169021861610052e+86,1.580392449559747e+84
24886,1,283,3.925970650975162,0.45568499735239726,8436520247026253.0,109565198013327.97
24886,2,1030,4.695990743375514,0.35552155301327165,3.679421344044994e+17,4778469277980512.0
24886,3,301,0.9578672935069886,0.06342926595873233,1.285151325795308e+112,1.669027695838062e+110
24886,4,139,0.9439838676349613,0.047181807273957,5.831157537826361e+65,7.572931867306963e+63
24887,1,150,1.3100687261594886,0.044560733155298654,1.0302102222193501e+34,1.3379353535316235e+32
24887,2,628,3.99705700905261,0.18732576972207254,8.823313113916641e+24,1.1458848199891742e+23
24887,3,185,1.9425464606895977,0.1641135966175013,3.127054492901425e+40,4.0611097310408116e+38
24887,4,82,0.5436827459151566,0.08000461040153574,8.554326735995264e+93,1.1109515241552291e+92
24888,1,373,1.5389322735456303,0.08628785955892802,1.9277402580176598e+53,2.5035587766463114e+51
24888,2,1851,3.8640938392705646,0.2206892243603635,1173130292.255734,15235458.340983558
24888,3,592,1.4819084401494096,0.08263557125358115,8.762055337396095e+75,1.1379292645968954e+74
24888,4,197,1.104874429851205,0.10049204696166704,1.1185096923302267e+94,1.4526099900392555e+92
24889,1,173,1.374508350080745,0.047158956510972586,1380.5715480872805,17.929500624510137
24889,2,675,4.522689452442938,0.349611167759243,653198394476.7262,8483096032.165276
24889,3,127,1.2519705269991293,0.15586727157929134,9.234843868128815e+53,1.1993303724842616e+52
24889,4,65,0.5375232250200402,0.09598400166349508,1.2919427058116626e+127,1.677847669885276e+125
24890,1,74,0.7574561957497686,0.06847171738895565,387520990099125.4,5032740131157.473
24890,2,349,2.9518152634033106,0.18701568564945972,4216077389122.0317,54754251806.77963
24893,1,80,1.581424278330513,0.14867342228868763,40406842.33438122,524764.1861607952
24893,2,338,2.77784586264263,0.14709960416501364,500493720356.74536,6499918446.191498
24893,3,67,0.9026559583945737,6.252495772597982,2.6608374389211742e+20,3.4556330375599667e+18
24894,1,83,1.826893430948806,21176.08642465069,1.3827289083013276e+16,179575182896276.3
24894,2,383,4.006569825364655,0.26261474435121035,323299.10739542026,4198.689706434029
24894,3,102,1.7487077395897996,0.1893280400177713,6.706975487640068e+39,8.710357776155933e+37
24897,1,155,0.8213294373452502,0.08867901657919994,97076776.34227613,1260737.3550944952
24897,2,728,4.046106688105307,0.3785071577568709,5.284820371283461e+21,6.863403079588911e+19
24897,3,218,0.6769227347831227,0.044127139317199505,6.845785284726469e+100,8.890630239904506e+98
24897,4,83,0.9668806469174114,0.06377738068261725,1.0595879442413979e+64,1.3760882392745426e+62
24898,1,363,1.3980849893889897,0.06178862889072104,1770039058981.933,22987520246.518612
24898,2,1706,4.275792836634302,0.2602908652569082,5.523087947088717e+19,7.172841489725606e+17
24898,3,572,1.0366916807061537,0.05976516469576362,9.65300741363472e+82,1.2536373264460675e+81
24898,4,217,1.3951875272938739,0.08592295000402198,2.9135080061903727e+65,3.783776631416068e+63
24899,1,111,1.8492480399659061,0.08427413682170189,8.89806073046453e+38,1.1555923026577313e+37
24899,2,428,4.340769073757159,0.33258528769868695,24293993658.93677,315506411.155023
24899,3,96,0.7372450887514768,0.05865959372146525,4.628472171309294e+125,6.0110028198822e+123
24902,1,84,1.277873970528421,0.09208439039738182,1.9344243006323965e+35,2.5122393514706448e+33
24902,2,331,4.099988498825644,0.28816061872704596,128457736.64187588,1668282.2940503361
24902,3,107,0.4846583292176188,0.060350725822489744,6.518648047461527e+108,8.46577668501497e+106
24902,4,51,0.8560852112096502,0.14543881268039507,3.5690578657539095e+102,4.635140085394688e+100
24903,1,209,2.14422820722028,12493.832857199362,528794755374671.3,6867464355515.212
24903,2,838,4.811717642225419,0.3625378141023116,1.0443282470294486e+17,1356270450687595.8
24903,3,322,1.694149316896567,2.6955776860138148,481138122967.9227,6248547051.531464
24903,4,137,1.8542881762214691,0.19892660204576687,8.174742222469173e+44,1.0616548340869055e+43
24907,1,265,4.83081250735916,1.1288256530445833,2.5813091438704342e+22,3.352349537494071e+20
24907,2,483,1.2130936818083575,0.10843596532047253,9.411598462937172e+94,1.2222855146671652e+93
24907,3,593,0.7099188248633209,0.07522780160873274,4.3026446763210026e+164,5.587850228988315e+162
24907,4,264,1.0784465027431265,0.13721451515331476,6.007665222097754e+105,7.80216262610098e+103
24908,1,362,1.5952689104016489,0.21383399896120237,9.52369741227795e+20,1.2368438197763572e+19
24908,2,527,1.3519809131655063,0.15106326799804817,7.730966852054239e+89,1.004021669097953e+88
24908,3,548,0.7916101504858699,0.0732247902135829,7.298659247856066e+117,9.478778243968917e+115
24908,4,276,1.198621628562524,0.1525274385301325,2.612534934211989e+75,3.392902511963622e+73
24909,1,98,0.7626612844758193,0.09631882723424258,4.60650722608513e+36,5.982476916993676e+34
24909,2,122,1.44541788060053,0.18807706857167,5.5536897160299315e+37,7.21258404679212e+35
24909,3,98,1.3430770888346704,1.4949858224733876,2345789613758.0303,30464800178.675716
24909,4,53,0.8034857944885541,0.11322244838265855,1.7591062916465625e+92,2.2845536255150163e+90
24910,1,90,2.772535353825861,0.5493522358524685,283060269.55140793,3676107.3967715316
24910,2,123,1.0636671429655589,0.13731513040041213,7.505651315072274e+97,9.747599110483473e+95
24910,3,127,589.8965779843634,635099.7409244167,2533053.323734138,32896.79641213166
24910,4,50,0.46919325936410194,0.08177073500671157,6.594274333640021e+150,8.563992641090936e+148
24913,1,433,2.288479676939361,0.20766947265516095,2.2279153658244715e+24,2.89339657899282e+22
24913,2,437,1.6397416225552115,0.19294565715822257,3.686646935841459e+66,4.787853163430466e+64
24913,3,452,1.3286283180803604,0.19057382765072822,2.2443559806009505e+74,2.9147480267544812e+72
24913,4,204,0.8485070618495891,0.11616021028612442,3.6804632166239757e+164,4.7798223592519165e+162
24914,1,197,3.163548032147156,0.41535937319777494,521138795858652.25,6768036309852.627
24914,2,175,1.1484610498592165,0.10743218573106501,9.326441230024898e+41,1.2112261337694673e+40
24914,3,168,2.41612964544128,0.5076122838419195,5.800745852481469e+25,7.533436172053856e+23
24914,4,85,2487.9570823757213,1942786.2541842521,46.38351915308917,0.6023833656245347
24915,1,308,3.768635529425914,0.4108583281363222,3950657814187.643,51307244340.09926
24915,2,270,1.4449123677997107,0.16020737080980946,1.4684800541956151e+66,1.907116953500799e+64
24915,3,237,1.0100335613914981,0.11276787506519695,1.45678729253303e+104,1.891931548744195e+102
24915,4,120,0.6676329214448112,0.07882090263265654,5.026824187763406e+133,6.528343100991437e+131
24916,1,761,5.110970237859303,0.591189084257971,6888281747868942.0,89458204517778.47
24916,2,743,1.6680270885653619,0.16064607148005094,2.3306787435894386e+97,3.0268555111551154e+95
24916,3,772,1.1811225483364118,0.1536911738905487,6.10905916134319e+91,7.933843066679467e+89
24916,4,328,1.3581239984067124,0.14753108408568705,7.004070707014517e+89,9.096195723395476e+87
24920,1,160,1.7060962300524918,0.2123138368836505,4.0142579794122516e+55,5.213322051184742e+53
24920,2,268,2.690352474886473,0.36904500271305446,1.2448547449121849e+37,1.6166944739119284e+35
24920,3,236,0.6353837294143809,0.07358414637062782,5.439546454627131e+142,7.064346044970301e+140
24920,4,103,0.9521994101722782,0.21182206883702384,2.9508954245879966e+110,3.8323317202441515e+108
24921,2,54,1.037024354413225,0.2404523162669016,2.3896053579294e+48,3.1033835817264936e+46
24924,1,229,5.520775042292229,1.3824134161382977,1575812486.2734604,20465097.224330656
24924,2,229,0.7899932105278651,0.12269627789334579,5.363034911365574e+86,6.964980404370875e+84
24924,3,248,0.6953225357404745,0.09379989180933837,2.6542338972770608e+126,3.4470570094507284e+124
24924,4,117,1.2560303875487544,0.17029664420423463,4.054213923620407e+54,5.265212887818711e+52
24927,1,166,1.9573234495298217,0.24140825318574297,298011.11612072494,3870.27423533409
24927,2,170,2.195364487688457,0.36147045309470227,3.9830455146311824e+50,5.172786382637899e+48
24927,3,207,1648.9833907512143,6260285.553126081,46993.505384763135,610.3052647371836
24927,4,108,0.5532425587712335,0.0796542444821494,6.458244497158433e+90,8.387330515790173e+88
24928,1,373,1.0755906395714911,0.13075248285737762,3.983700648973066e+92,5.173637206458527e+90
24928,2,658,1.5038646509347666,0.17316850402157136,4.359993064555765e+56,5.6623286552672273e+54
24928,3,836,0.9269746379316651,0.11625881044775406,1.0555044167352306e+190,1.3707849567990008e+188
24928,4,319,1.1653702539546427,0.12967488402749677,1.0704539532063862e+121,1.3901999392290731e+119
24929,1,271,1.2188204055529144,0.13542239175505463,2.9103581146084983e+75,3.7796858631279197e+73
24929,2,389,0.7213450615292043,0.08187379098599605,3.019467587511536e+140,3.9213864772877095e+138
24929,3,528,0.6735298929435323,0.09201458111554504,6.917638639342105e+141,8.983946284859876e+139
24929,4,192,0.8088866459621632,0.11753672345922878,8.878802625401683e+78,1.1530912500521667e+77
24930,1,104,20.800429671128743,13.22946277265006,22.56917761095181,0.2931062027396339
24930,2,128,2445.051041323064,8511062.981926098,3035.2869187943206,39.419310633692476
24930,3,139,1128.5436984241167,3142759.9661865816,1120185096.2402315,14547858.392730279
24930,4,54,1.0859253263213284,0.27276822338679313,2.1220629928000203e+85,2.755925964675351e+83
24933,1,434,2.4953710716084054,0.21987777388357135,144956965342716.38,1882557991463.849
24933,2,439,1.0745601259254156,0.1596400844067543,6.990261299530109e+127,9.07826142796118e+125
24933,3,478,2569.8448154128773,12788672.877047185,4007.1511287174567,52.04092374957736
24933,4,200,4884.829359213327,20589156.430241626,112.23804594786058,1.4576369603618258
24934,1,378,15.215429031091377,5.880195534331632,1956446.4767226598,25408.395801592986
24934,2,431,1.629485385687554,0.210671866787279,1.1600605785910893e+90,1.5065721799884277e+88
24934,3,402,3030.1796814615063,19965283.56523936,1823.1007889612777,23.676633622873737
24934,4,175,1398.9439200894935,2898928.452133677,23107.34036645071,300.0953294344248
24935,1,385,4.355117075890036,0.7994971642650798,136.46093144529763,1.7722198888999692
24935,2,385,0.8885347778137446,0.12405531886526547,6.046160585862985e+144,7.852156605016864e+142
24935,3,439,2078.4652571651422,10939107.214627374,2975.422070114858,38.641845066426725
24935,4,176,1592.033705479542,9168269.409539714,218192.63111704148,2833.6705339875516
24938,1,397,6.695730041837177,1.4532000086270154,26657287.235201295,346198.53552209475
24938,2,433,1.2038367842573812,0.0996638317864771,1.1005426393201745e+76,1.4292761549612656e+74
24938,3,507,1.2189334075501645,0.1597288631443037,2.887708168652053e+67,3.75027034889877e+65
24938,4,255,0.994329874640212,0.0988492299851436,4.132924978768346e+71,5.367435037361488e+69
24939,1,193,13.71109703814791,4.668810673884791,71258.12713900443,925.4302225844731
24939,2,198,0.5034779426959686,0.0789777509646582,2.850396420338337e+116,3.7018135329069315e+114
24939,3,232,1.6090437510968671,0.2766090522186639,1.3353717371575837e+78,1.734249009295563e+76
24939,4,93,2.8301379137083216,0.6558214099501196,2.674555048231455e+26,3.4734481145863053e+24
24943,1,409,3.29078323184771,0.5356335687448235,1.9176254804444132e+16,249042270187586.12
24943,2,539,1.3175438247200582,0.13129339954886654,1.4588077392540669e+110,1.894555505524762e+108
24943,3,635,0.7917066745845512,0.07143188291994765,6.825123028676065e+168,8.863796141137746e+166
24943,4,289,0.6480330923777524,0.0746604890007831,4.54614244904858e+129,5.904081102660494e+127
24944,1,444,3.045549824070642,0.48950877217773897,1.6082568038010985e+26,2.0886451997416864e+24
24944,2,491,0.9749039569275361,0.10250615850685063,7.244913024322579e+133,9.408977953665687e+131
24944,3,557,1.1717798655356912,0.17409929440967264,1.3142188753149022e+134,1.7067777601492238e+132
24944,4,222,0.4994503121889636,0.05815861492806189,6.069184529789339e+138,7.882057830895246e+136
24945,1,287,4.1118712721039135,0.6524690191406487,2.644658939596968e+25,3.434621999476582e+23
24945,2,312,1.0235650831315162,0.10049757892623558,4.752510829102066e+105,6.1720919858468394e+103
24945,3,424,1.3706321545642084,0.19683378300875679,4.1022747439598855e+68,5.327629537610241e+66
24945,4,168,0.9432105732290507,1.4310881074295583,3.53984470476957e+24,4.597200915285156e+22
24946,1,100,15.819222589282502,7.336971962190231,28.258632494366402,0.3669952271995637
24946,2,112,2.057643197125157,0.23027784687085856,5.2369992547554404e+29,6.801297733448624e+27
24946,3,117,0.791901065598641,0.11209572286159496,5.242400301120292e+140,6.808312079377003e+138
24946,4,55,0.9126208561793279,1.1247540436887284,8.259824914016582e+19,1.0727045342878678e+18
24947,1,98,13.70928681192494,7.368870818325571,22.395369294461034,0.2908489518761173
24947,2,118,0.5358078745038976,0.10772827776667393,6.009377491940902e+123,7.804386353170003e+121
24947,3,107,6349.508946575952,24604379.45708205,63.055450868427485,0.818901959330227
24947,4,57,0.47925526193789747,0.07856329095678027,1.687830772949356e+143,2.1919880168173457e+141
24948,1,508,3.874265410343605,0.4926408417200803,2.2012186404614744e+20,2.858725507092824e+18
24948,2,472,1.1479408779535805,0.11469551109423763,8.91218168563256e+94,1.1574261929392935e+93
24948,3,511,1.9058460890148408,0.2870746950967868,7.399932747670114e+51,9.610302269701448e+49
24948,4,205,1.3866761601711146,0.19496005141825815,6.30623166653885e+42,8.18991125524526e+40
24949,1,469,2.245166159458471,0.27491360290757827,2.4941249697516995e+18,3.2391233373398696e+16
24949,2,431,15.799852872361253,10.403098899079644,3201229144.295403,41574404.47136887
24949,3,414,1.8514879903883505,0.2565330383261191,3.944824708928717e+66,5.123148972634697e+64
24949,4,215,1.7228531847904545,0.3075522403023768,5.253906947274834e+40,6.823255775681603e+38
24950,1,187,10.462118557482192,3.6745807396014762,947.7382741887516,12.308289275178591
24950,2,203,1.84954480502434,0.2298065609875047,5.077852676596123e+71,6.5946138657092514e+69
24950,3,181,1.5884257203262502,0.18717496344732326,1.2442122349396565e+78,1.615860045376177e+76
24950,4,110,0.6997893838873037,0.09589392553095037,1.046713167593865e+122,1.3593677501219026e+120
24951,1,60,39.04893187241564,43.40869909441412,22.793056520039997,0.2960137210394805
24951,2,58,1.84450577806149,0.41087309755208024,7.624202779708485e+46,9.901562051569461e+44
24952,1,259,4.8669469446363465,0.9658949826751225,6668649681586180.0,86605840020599.73
24952,2,267,2885.405625745683,6574771.470684545,179.67461733247427,2.333436588733432
24952,3,275,2262.6178705720035,9244516.609062018,2639.5013651760955,34.27923850878046
24952,4,137,0.5717877035876379,0.09025072069310534,3.1864969508046735e+143,4.138307728317758e+141
24953,1,533,9.926296236743516,2.5381728657245968,2124.406065942967,27.58968916809048
24953,2,511,0.6833839536966306,0.06689301418735404,3.855988699186052e+105,5.007777531410457e+103
24953,3,640,0.9099434939154646,0.09550766322735064,1.530232203050191e+142,1.9873145494158324e+140
24953,4,244,1.0567755447165827,0.13012249594582406,3.96047816633753e+106,5.143478138100688e+104
24954,1,456,8.517688460483162,2.2924532331797494,5175607.366566581,67215.68008528027
24954,2,480,0.684348497177867,0.08026220673909577,2.596732689978217e+152,3.372380116854828e+150
24954,3,588,2.509078570022601,0.43806125202142654,1.1444224152271693e+46,1.4862628769184017e+44
24954,4,226,0.7075313548693056,0.0661485577761562,1.0982937018991381e+162,1.4263554570118676e+160
24955,1,96,10.008746644998118,2.60617154672713,149.14537394930014,1.9369529084324693
24955,2,124,0.8803257154116677,0.10950652837069112,9.704937319910182e+66,1.2603814701182054e+65
24955,3,125,1.7129855880389533,0.5634208342886008,3.972110940088086e+51,5.158585636478034e+49
24955,4,56,2.3098130656260625,2.3234809784840604,119641002710.22902,1553779255.9770002
24956,1,243,0.5114770703150174,0.0828328085525355,9.962200037703124e+120,1.2937922126887174e+119
24956,2,229,1.3709600975670362,0.190558881321709,1.3011514174002949e+47,1.6898070355847986e+45
24956,3,253,0.5067424379747187,0.06602131668487209,8.926979661872913e+123,1.1593480080354432e+122
24957,1,189,20.2426106754984,16.890324611392785,25191.77325603497,327.1658864420126
24957,2,252,2.146819349580949,0.31254703762229785,5.0960372089447376e+57,6.618230141486672e+55
24957,3,269,4276.061878912891,54351069.74122404,2672.365097066947,34.706040221648664
24957,4,131,4401.553638938987,11926034.373890616,63.33040228143572,0.8224727569017626
24958,1,366,1765.4598987286056,2516580.753112112,19.74311641889273,0.2564041093362692
24958,2,404,2219.178518172948,5972201.941964178,10921.545029209869,141.83824713259568
24958,3,425,5917.596246172138,38486345.61559657,165.7515930286155,2.1526180912807207
24958,4,165,1.9063489666013462,0.5037860332978293,7.3349496265016e+32,9.525908605846233e+30
24959,1,417,4.379470010714097,1.0649537944781682,1286049376682982.8,16701939956921.854
24959,2,401,4412.137929095828,22374189.373041414,853.4600410154637,11.083896636564464
24959,3,477,4892.507638372182,23350635.459681038,147.4160733705097,1.914494459357269
24959,4,203,0.8292370538290018,0.11815829672969502,2.6745534995476972e+128,3.4734461033086976e+126
24961,1,130,1.272213540809818,0.1627495080493202,2.0446066375658175e+65,2.655333295540023e+63
24961,2,160,1.7146884739276427,0.31455514671616525,3.559531303107956e+69,4.6227679261142286e+67
24961,3,168,0.707932846699716,0.10766673651414024,8.245773492624985e+85,1.0708796743668811e+84
24961,4,75,1.3566435322386943,0.27361887486123193,5.93380901306162e+117,7.706245471508598e+115
24962,1,124,2.6743240026963186,4.274776912838718,624460023.7736304,8109870.438618576
24962,2,145,2040.4639846496395,13160404.58667977,35423.667719853416,460.04763272536906
24962,3,163,0.62400926179124,0.0880213119390491,5.164837581722013e+97,6.707581274963652e+95
24962,4,74,3811.731180478271,23838674.25140882,151.9836853727114,1.9738140957494985
24964,1,130,0.761055789806497,0.06251973158898343,2.5644796072318753e+110,3.3304929964050326e+108
24964,2,153,1.0259658731634635,0.1544866382619207,3.0845027730107627e+99,4.0058477571568344e+97
24964,3,159,1940.0845326545066,9401362.576270662,3844.852359928729,49.933147531541934
24964,4,73,2.138272719905236,1.4079773876829325,11355910749.144909,147479360.37850532
24969,1,179,0.6916751302013154,0.04400263334003792,5.114265156991004e+162,6.641902801287018e+160
24969,2,170,3931.575774653733,21483567.064939026,234.4076767058887,3.044255541634918
24969,3,191,4866.353528149907,60650576.05057307,350.772401957108,4.555485739702702
24969,4,115,1.6683300631787719,0.4020578286129886,1.5185387049989043e+48,1.9721281883102654e+46
24970,1,194,1.1348079270995852,0.13166390636419778,5.518136367620274e+88,7.166410867039317e+86
24970,2,217,0.6425049812969645,0.09462315493055289,6.085732039877051e+122,7.90354810373643e+120
24970,3,234,0.6491346284377185,0.09556487235790569,1.4491086040470315e+103,1.881959226035106e+101
24970,4,102,0.8973669505386164,0.2597372334573055,1.6191515168033612e+122,2.102794177666703e+120
24971,1,165,2.042445184073842,0.34197398904250154,8.488231659044691e+33,1.102367747927882e+32
24971,2,207,0.6525552062827168,0.08436449501409153,1.3577666077656965e+134,1.763333256838567e+132
24971,3,235,6826.137348787522,71935416.126329,176.31301578600767,2.2897794257923074
24971,4,122,2905.590193066095,10324404.003424162,298.22481372508446,3.8730495288972007
24972,1,473,2.0895048669785266,0.2656857844344204,1.7540998249262767e+33,2.2780517206834764e+31
24972,2,609,0.9113132727052197,0.09543072423802398,1.7031939711517264e+142,2.2119402222749693e+140
24972,3,586,1.2555907758212832,0.21959255762267704,3.005490143880538e+66,3.903233953091608e+64
24972,4,304,1831.6909504109894,6674776.216241376,12129.867281137584,157.5307439108777
24975,1,52,843.4062043455843,1311592.8131296583,51759.13163088178,672.1965146867764
24981,1,118,0.9137283767603797,0.10764405480256212,6.96069692721715e+110,9.039866139243053e+108
24981,2,139,0.6208339568520604,0.0750225737239669,2.1655394747044692e+129,2.8123889281876223e+127
24981,3,171,1236.9514844099817,2318749.7231105985,7133.967209727544,92.64892480165642
24981,4,79,1192.135577065236,2678384.7312887385,4947.851838829939,64.25781608870051
24982,1,131,0.49530449702122875,0.06482169309890567,1.0594419901276697e+146,1.3758986884774931e+144
24982,2,134,0.9677349470794129,0.1780800657915994,2.2872086765668705e+108,2.9704008786582736e+106
24982,3,133,2132.721559510809,9217234.358368503,1611.2743889417613,20.92564141482807
24982,4,75,5507.166555645672,29680105.675703097,79.10801716645007,1.0273768463175335
24985,1,174,0.7834964265100645,0.11162533111212199,2.1229856666245056e+74,2.7571242423694878e+72
24985,2,205,2698.271661706816,18722682.603744507,4153.2498105818695,53.93830922833597
24985,3,276,1828.0744362224063,9086705.79397103,11777.498304382434,152.9545234335381
24985,4,127,6862.696507094175,67034490.288017444,236.98288870531346,3.0776998533157593
24986,1,160,0.7025128925544849,0.06272171159260759,1.3685069191699075e+81,1.777281713207672e+79
24986,2,204,0.707869867353951,0.10694333276767963,6.095191016274689e+161,7.915832488668428e+159
24986,3,260,1681.3007877891466,9159981.933247712,21537.31330509732,279.7053675986665
24986,4,128,5295.261219717762,24643046.8271556,105.62960271682432,1.3718130222964198
24987,1,157,0.502041718496254,0.055015525466526084,1.136004313684186e+127,1.4753302775119297e+125
24987,2,185,1047.1373071076969,2242723.7146897274,39430.91298443577,512.0897790186464
24987,3,263,5348.991232304374,14752414.419240601,93.41161378639727,1.2131378413817826
24987,4,121,1646.5964238072636,7487498.187088176,42559.7909223677,552.7245574333467
24988,3,55,2.6892829846233943,2.173768458900522,7298569.170225684,94786.61260033355
24991,1,181,1.1548349575625583,0.15562338505692858,2.9658589743176596e+36,3.851764901711246e+34
24991,2,229,7454.813766609324,69913274.81031932,196.9707022457605,2.5580610681267597
24991,3,302,4.655843178611892,2.615292831713735,120531.24277747318,1565.3408152918594
24991,4,144,213.85254368188998,1252.5309897460343,109.39123599026777,1.4206654024710101
24992,1,145,0.7759008927284262,0.0871584314219438,9.739482799703458e+84,1.2648678960653842e+83
24992,2,231,0.9334537326994643,0.16298828218485842,7.614352734354327e+69,9.888769784875749e+67
24992,3,280,6588.699007672249,29626111.528346762,122.9297053730147,1.596489680169022
24992,4,99,6295.6949995744835,24875473.92974281,73.28695373011547,0.9517786198716295
24994,1,174,2045.499600510726,9084204.125788119,2190.430419456682,28.447148304632236
24994,2,215,1353.9869438027551,192091.29096960736,80.31184329090156,1.0430109518298905
24994,3,322,6218.3695796730735,26392348.002246797,138.36380916005334,1.7969325864941992
24994,4,137,0.8591651017824702,0.18568334806258846,1.0334529720532561e+86,1.3421467169522808e+84
24995,1,168,1.1570205372539937,0.1988282860708727,5.359051289088059e+115,6.959806868945531e+113
24995,2,226,5132.880110141682,10488096.990628533,100.65460731461617,1.3072026923976126
24995,3,259,5654.931094948475,23368339.023745187,132.57683587953824,1.7217770893446525
24995,4,123,6775.431243512598,31210311.886856966,102.65573625934314,1.3331913799914694
24998,1,140,0.7020419914902344,0.057950500141096734,7.643312181510334e+107,9.926379456506928e+105
24998,2,166,4954.894208682256,48701030.96708576,345.91328736179537,4.492380355347992
24998,3,161,5759.010467923372,34139394.25609732,105.20991355157423,1.3663625136568083
24998,4,72,0.8280741978029988,0.21900629203807784,1.4017556281379776e+127,1.8204618547246462e+125
24999,1,123,4.776528443094005,1.4670817741569335,3.7161804233461827e+21,4.826208342008029e+19
24999,2,172,0.810991681534828,0.10240696452112316,2.6984057003472353e+93,3.504422987463942e+91
24999,3,183,0.7669288932775188,0.15174491132108855,5.971510879766546e+82,7.755208934761748e+80
24999,4,100,4085.1737944113192,7603126.753772023,121.54342405618375,1.578486026703685
25002,2,64,0.87020158743146,0.12332629580678658,9.761371283753402e+181,1.2677105563316106e+180
25004,1,110,2.9805270578969503,0.9263209533721696,2.5225853812384606e+41,3.2760849106992995e+39
25004,2,133,1.2620708446898692,0.20654191226014212,1.4611780173918097e+71,1.8976337888205322e+69
25004,3,182,2.821533911088379,1.1222725980466959,472762.74383581214,6139.775893971586
25004,4,82,4.7385584866728765,2.8201571888905446,43245.53074740224,561.6302694467823
25005,1,102,1.7200562267900703,0.25827599746036217,1.5888342630337377e+38,2.063421120823036e+36
25005,2,134,0.4993136304158035,0.07367393684414833,1.0754261672458812e+124,1.396657360059586e+122
25005,3,167,2089.0026616335545,16428444.99873952,10771.080194191201,139.8841583661195
25005,4,69,6.825618272675535,2.7409010547802404,1962.1219649020538,25.482103440286412
25006,1,161,2.2711703424958274,0.43816068578471395,3.1919513482586113e+37,4.14539136137482e+35
25006,2,223,2507.230400459435,18052298.487166144,3460.368828138333,44.93985491088744
25006,3,292,224.30859114501732,1304.1808358627156,118.77442558330645,1.5425250075754084
25006,4,119,2.853273643842344,1.114125290684727,79279504.537727,1029603.9550354156
25007,1,120,3.208913956469782,0.6675127398175877,9.174864760402523e+28,1.1915408779743537e+27
25007,2,137,1.0932171478194792,0.26699039835650773,2.5330032713617485e+88,3.289614638132141e+86
25007,3,156,1864.144067425066,10179719.881803771,51813.33311723515,672.900430093963
25007,4,89,1856.6851915216207,7731999.952462524,4818.963015016248,62.583935259951275
25010,1,6850,12.437518308816806,0.6120582312696969,456.49739169281463,5.928537554452138
25010,2,28795,6.227452804464828,0.130058811125151,2924.2963314145854,37.977874433955655
25010,3,18630,4.64888462710092,0.053543886789579324,23164.550952046025,300.8383240525458
25010,4,6357,7.500067440351151,0.44395909856307736,328.5593207992323,4.267004166223796
25011,1,5450,3.454735927287233,0.04170811195590857,18446.080134258642,239.55948226309926
25011,2,20963,6.02731607719571,0.14832207148592408,1250.6211574161525,16.241833213196784
25011,3,13065,4.614390974370423,0.06910523973368717,38736.40510991568,503.07019623267115
25011,4,4377,7.372944783332108,0.38878106174539767,191.43138292938647,2.4861218562257985
25012,1,3364,3.5611103028505555,0.07036518941992427,2845416.8750785566,36953.465910111125
25012,2,12974,6.106379331932026,0.17309500634510686,1248.9634284991535,16.220304266222772
25012,3,8403,4.570078116842318,0.0892301345121044,983.222944217211,12.769129145678065
25012,4,2981,7.071452202169743,0.4000735896493837,134.2845582719433,1.7439553022330299
25016,1,2267,3.740516047534257,0.0789519577556482,305024856633435.0,3961361774460.195
25016,2,8282,6.135193798534501,0.17808953853200038,1376.7756115770917,17.88020274775444
25016,3,5325,4.813811282280938,0.104380881172463,1806.3806068663027,23.459488400861076
25016,4,1863,7.5121317916902255,0.535508305191482,179.58551235843663,2.332279381278398
25017,1,4626,3.6632405594147572,0.06693561214394635,3085413547939539.5,40070305817396.62
25017,2,17015,6.008643749819143,0.15816095492864343,1893.5396163284258,24.591423588680854
25017,3,11147,4.683809407432061,0.07155966210921647,1687.3110297297435,21.913130256230435
25017,4,3815,7.511666737012416,0.4025824524511737,215.677475744127,2.801006178495156
25018,1,5506,3.6585867952464115,0.0576802984783558,1003068039.7979904,13026857.659714162
25018,2,20676,5.767609602671209,0.14795563271513593,2663.9706743756337,34.5970217451381
25018,3,14124,4.623240984393486,0.06365343787809526,22057.16098249915,286.4566361363526
25018,4,5228,7.494987247065653,0.3873149436423875,272.39331347498097,3.5375754996750777
25019,1,2914,3.370525876349871,0.05305808626613651,472898479.5787074,6141538.695827369
25019,2,11288,5.995377586109415,0.16530006838553407,1040.3105003901935,13.510525979093423
25019,3,7553,4.666029458862943,0.09493030863944725,234.2473691928717,3.0421736258814507
25019,4,2652,7.740617498975565,0.40260002924576216,119.95452074364785,1.5578509187486733
25020,1,1502,3.2907857012703805,0.0709967625630643,35.4814104140362,0.46079753784462596
25020,2,5594,6.014640729667911,0.22240566565942163,261.6755060899711,3.398383195973651
25020,3,4417,4.389284264459503,0.11755927731194453,487.87890330586714,6.33608965332295
25020,4,1717,6.618192880071191,0.4688813683893578,161.7476493869121,2.1006188232066503
25026,1,3792,8.355472553242121,0.328338774756798,197.62749529452643,2.5665908479808626
25026,2,17730,6.113483829818075,0.16814453368862992,595.7064145381565,7.736446942053981
25026,3,11846,4.717305099662922,0.09406034166519088,2262.0816134623046,29.37768329171824
25026,4,4246,7.377344601083269,0.43560662261517913,233.52372689661033,3.0327756739819525
25027,1,3151,3.8358497853111895,0.11431006469586875,449543.82791030814,5838.231531302703
25027,2,12219,6.2624396350202955,0.14653729518430184,947.7648910221369,12.30863494833944
25027,3,7754,4.70044970186359,0.09600835557617962,1095.4940869397676,14.227195934282696
25027,4,2715,7.40008017408193,0.42297023384442356,180.76029271153334,2.3475362689809525
25030,1,5251,3.504106217518489,0.05224780105628207,78862491372.12767,1024188199.6380217
25030,2,20077,5.91507822002052,0.156096355299496,1370.4618109422543,17.798205336912392
25030,3,13060,4.720897918621303,0.07162338695827551,9133.558261533892,118.61763976018041
25030,4,4179,7.818770230322631,0.43218353479240784,221.67769433261128,2.878931095228718
25031,1,3115,3.392927585550268,0.07274721874484054,19039.919850478214,247.27168636984695
25031,2,11657,5.7575752821504205,0.12505164383920547,1019.8679617211467,13.245038463910996
25031,3,7643,4.589346102766719,0.08060667797050608,3189.687272402895,41.424510031206424
25031,4,2509,7.359228218363709,0.38898653004159006,203.56956268209302,2.6437605543128964
25034,1,3642,7.975284627776658,0.3601240071964376,557.1414515027028,7.235603266268868
25034,2,16935,5.985681462896498,0.16704648479139494,3309.579224296301,42.98154836748443
25034,3,11324,4.701839793790764,0.06857308671815629,10374.286465534135,134.73099305888488
25034,4,3696,7.738508251810135,0.585613121639094,261.08438349625953,3.3907062791722016
25035,1,2760,3.714945127426192,0.08045890896848519,20467302036103.023,265809117351.9873
25035,2,10424,5.906289785500939,0.21642364966628808,2616.448895904464,33.979855790967065
25035,3,7236,4.762156069048617,0.0941478053389277,741.9601990474092,9.635846740875444
25035,4,2460,7.430501939210136,0.5298898764953206,171.1308455139548,2.222478513168244
25038,1,3168,3.7765132701415736,0.09459713040604006,4.416012237977424e+17,5735080828542109.0
25038,2,12975,5.857513916128531,0.13318248056866935,1872.177920729002,24.313998970506518
25038,3,8812,4.946468168109625,0.10266318998713908,2013.5129796910069,26.149519216766322
25038,4,2825,8.209516523022101,0.5603938665364204,192.93434830480425,2.50564088707538
25041,1,3897,6.360035796690381,0.36266201435699946,8210135.990345329,106625.14273175751
25041,2,16540,5.914560959237168,0.15578411084455984,1763.504249790549,22.902652594682454
25041,3,11437,4.571984070897555,0.0678719089401957,21150.008649398213,274.6754370051716
25041,4,3589,7.520624752040489,0.41691028145927356,163.73968967602826,2.1264894763120554
25044,1,4204,3.3204918683480384,0.04907193520534623,80815922767.55196,1049557438.5396358
25044,2,11401,5.584833456348695,0.15463882684819658,6524.840551674212,84.73818898278198
25044,3,7207,4.510907361500141,0.08587822629363878,1410.1939643878904,18.314207329712865
25044,4,2509,7.616187737454351,0.46348127947449286,264.6380185337444,3.436857383555122
25045,1,4499,3.359599549766364,0.046893985527237676,117694500990.70349,1528500012.8662791
25045,2,12277,5.894310408386855,0.19085432559035415,1433.4962514786284,18.616834434787382
25045,3,7682,4.674527754179157,0.09051030327176866,2560.300290521355,33.25065312365396
25045,4,2592,7.664325464080044,0.47563508602072196,172.93206735268075,2.2458710045802692
25046,1,2300,3.1415332704450196,0.06768623245489246,124997.7231136094,1623.3470534234987
25046,2,5994,5.952747737232993,0.1576708136926767,236.59602489995328,3.0726756480513413
25046,3,3684,4.530967388933419,0.08279576321303413,396.32408497764806,5.147066038670754
25046,4,1341,6.988302374403981,0.49393543427576286,150.88679027643082,1.9595687048887118
25049,1,3241,3.5942656676481315,0.0878407299805651,16230.16228039468,210.781328316814
25049,2,8841,5.530607462472211,0.1699309926837634,2006.6383940125932,26.06023888328043
25049,3,5538,4.612108670407322,0.11030840834101838,2355.6705108096544,30.5931235170085
25049,4,1909,7.42363829279258,0.48306192065761516,183.0202053706849,2.3768857840348687
25050,1,3421,3.4177422349085305,0.04784808216322313,4891985.917135498,63532.28463812335
25050,2,9387,5.7003416007896455,0.16374608918241929,1657.3375700451606,21.523864546041047
25050,3,5803,4.989861992214639,0.1207422383598227,56046.68653366191,727.8790458917131
25050,4,2042,7.440978220359852,0.37882245651911733,108.33172074362966,1.4069054642029826
25051,1,6862,3.5350226254258645,0.06408686195975342,46439689.56093142,603112.8514406679
25051,2,17102,5.826274312773599,0.17563974442547703,4714.542654811745,61.227826685866816
25051,3,10323,4.631162451387244,0.0903561957863937,63577.694058502835,825.6843384221147
25051,4,3629,7.465292704929987,0.4686678031587657,192.04490754170223,2.4940897083337954
25052,1,2381,3.392316929817732,0.10480484342014364,67603275.26477085,877964.6138281928
25052,2,6400,6.044142717297728,0.1723299854845161,3132.561052702286,40.682611074055664
25052,3,3842,4.489876293116029,0.1252821086707026,217540.1410261183,2825.1966367028353
25052,4,1371,7.217383522044179,0.4451092807108763,152.42470405265112,1.9795416110733912
25053,1,1207,3.2294360604597525,0.09528281371293225,21.75550161003254,0.28253898194847454
25053,2,2919,5.900422266311547,0.1846676232155006,5083.016058351316,66.0131955630041
25053,3,1696,4.404611339285918,0.15645236111354793,385.238517376003,5.00309762825978
25053,4,658,7.134277806290214,0.7492961463144022,116.2250747681998,1.5094165554311663
25056,1,3325,3.439833131161719,0.060791595536391706,125270325706267.86,1626887346834.6475
25056,2,9072,5.923246182339736,0.17719608667388875,1488.6041165957554,19.33252099475007
25056,3,5989,4.5856942517869115,0.10386679939311147,353.1345615203205,4.5861631366275395
25056,4,1983,7.818216550993028,0.5703029100863845,150.6713449137643,1.9567707131657701
25059,1,4041,3.3397408496565446,0.056774260932470316,117545414.83306389,1526563.8290008297
25059,2,11072,5.809437644277925,0.17060272597031986,744.2003831858948,9.664940041375257
25059,3,7359,4.651289958912904,0.07964733663194028,1851.2652588659544,24.042405959298108
25059,4,2516,7.307281777377016,0.4877829214160414,217.35161424993188,2.822748237012102
25060,1,4139,3.5270888762784516,0.060861706110384856,1.0599050806394405e+19,1.3765001047265461e+17
25060,2,11166,5.946509727635964,0.15203258966670943,1352.3595592280267,17.56311115880554
25060,3,7570,4.666521899696456,0.07907618872281996,16916.934232240637,219.70044457455373
25060,4,2499,7.333990108773182,0.42969271211892773,134.54813542341932,1.747378382122329
25061,1,3661,3.2204668914626273,0.07173188781642682,5.316014863320733e+19,6.903915406910043e+17
25061,2,10525,5.575935301737587,0.17255275720433813,990.2624615767004,12.860551449048057
25061,3,7254,4.49906913175531,0.10388169765215886,75175.41082902542,976.3040367405899
25061,4,2492,7.998055773247226,0.5263996833087614,149.89575649437944,1.9466981362906421
25062,1,2843,11.78935715491833,0.4749930808903253,138.1037465197096,1.7935551496066182
25062,2,9714,5.748424028745252,0.15817995665366927,1145.433617099151,14.875761261027934
25062,3,6782,4.614163395723531,0.07915372520259402,30564.902596346914,396.94678696554433
25062,4,2346,7.450018317631908,0.5113444600337994,189.58184379214862,2.4621018674305017
25063,1,1246,3.551386005289641,0.1410982450669675,124138.14706364715,1612.1837280993136
25063,2,3705,5.666664581825223,0.18380175928561682,7257.522965220298,94.25354500286102
25063,3,2467,4.745341931666708,0.15897942968929965,32100.928963644663,416.8951813460346
25063,4,832,7.688092238952382,0.5673428013078385,97.65154448639728,1.268201876446718
25064,1,2096,6.776011092324785,0.28130707655232234,406.6194077323988,5.280771528992193
25064,2,7513,5.603710169621021,0.1680362355213539,3084.012737955446,40.05211347994086
25064,3,5350,4.598726743629329,0.09190212816177329,4010.550152735537,52.085066918643335
25064,4,1849,7.977286199856795,0.5398958970104938,154.2982701046876,2.0038736377232156
25065,1,4864,4.994224239086081,0.15389020318156782,1064.8882711982458,13.829717807769425
25065,2,13919,5.68704710241183,0.17073465320657522,1103.761587014455,14.334566065122793
25065,3,8638,4.832644284394465,0.09973200857739303,121331.8745094646,1575.7386299930467
25065,4,3146,7.637094875312193,0.4944214944999992,265.9283461822517,3.453614885483788
25066,1,4032,3.4956059941685,0.0378897228743794,395302086759076.0,5133793334533.454
25066,2,11408,5.634618960766482,0.1533063411265318,1539.6277656492505,19.995165787652603
25066,3,7158,4.523829181864717,0.10201082872141631,5228.677423077921,67.90490159841455
25066,4,2513,7.553509409182194,0.4965151528823203,156.2883005748966,2.029718189284371
25067,1,4118,3.4129575821198688,0.07972241692254245,5018418872149.655,65174271066.87864
25067,2,11398,5.914697155389019,0.18704289628755755,1478.6076058144454,19.20269617940838
25067,3,7183,4.533276478760512,0.09078892489853314,108860.18950874172,1413.7686949187237
25067,4,2530,7.744034813414174,0.5508197065468068,224.02642782492433,2.9094341275964197
25068,1,2524,3.3842942209788314,0.0686492757784799,322867727.22315425,4193087.3665344706
25068,2,6394,5.677789200563749,0.1905630264568373,1119.1525129442532,14.534448220055236
25068,3,3774,4.528796914794753,0.09330813653083417,425.5428491502597,5.526530508444932
25068,4,1448,7.753731326219314,0.5689717669933291,122.93141195024471,1.5965118435096715
25069,1,3341,3.372303604889032,0.06030373348644598,469652505969231.5,6099383194405.604
25069,2,8861,5.4936755741793535,0.16145368560147577,7771.363740983454,100.92680183095395
25069,3,5605,4.7151380944656935,0.11794693379167222,1797.2451922416762,23.3408466524893
25069,4,1864,7.399315512878958,0.5179347783007676,166.8440226209184,2.1668054885833556
25070,1,3141,3.5656909700748907,0.082909881002427,228.69967655159226,2.9701256695011984
25070,2,8342,5.890166359137576,0.17590325743871668,1663.9045761073041,21.609150339055898
25070,3,5367,4.829198870618787,0.12254965581043346,1185.1563206328642,15.391640527699535
25070,4,1797,7.259350273873653,0.4583654117443834,122.3306557391672,1.5887098147943792
25071,1,3548,3.4818960717822476,0.07077099296420393,265140.1911853775,3443.3791063036037
25071,2,9567,6.131539994285698,0.18040015712949783,1014.6464233270665,13.17722627697489
25071,3,6091,4.868312146532094,0.10199692915711245,9173.433169879654,119.13549571272279
25071,4,2093,7.696866241077094,0.477624504474477,172.44593206932052,2.239557559341825
25072,1,2284,3.386693645157414,0.07528595649303715,16436257.990601353,213457.89598183575
25072,2,6105,5.682310563213622,0.21964376484607964,1656.420858407202,21.511959200093536
25072,3,3779,4.568901597739387,0.08535528463515196,1526.3951877760385,19.823314126961538
25072,4,1377,7.153677480252707,0.3999856899903971,97.8648232069327,1.2709717299601648
25073,1,1278,3.160181740627182,0.055727793918683564,8734.210407679702,113.4313039958403
25073,2,3144,5.662149550562742,0.2194591382393289,2599.4756078973105,33.75942347918585
25073,3,1862,4.054645593510281,0.1670381974616758,226.18542213255728,2.937473014708536
25073,4,705,6.904238481430832,0.5661894861687837,73.57266233850595,0.9554891212792981
25074,1,2041,3.629871034107415,0.10131485139222618,2673.4454778297786,34.720071140646475
25074,2,5478,5.751364266012944,0.16623794690940003,364.95078390118283,4.739620570145232
25074,3,3590,4.48513737814258,0.12386079443093899,508.09941185640275,6.598693660472763
25074,4,1258,7.558272076444612,0.5284999379988453,83.95939393299548,1.0903817393895516
25076,1,1298,3.5092117714069855,0.12358335656821748,43096600814257.92,559696114470.8821
25076,2,3201,5.958298751327291,0.2765504939067882,211.03589819842398,2.740725950628883
25076,3,2197,4.670554570222923,0.1979785725168863,1679.7163096374647,21.814497527759283
25076,4,853,7.346738840772127,0.6482662218757694,180.8604628575798,2.3488371799685686
25077,1,1233,3.3693264970547947,0.10766051585180127,33.79843517313455,0.43894071653421496
25077,2,3075,5.7873818276620845,0.23580558150138645,283.8076143008468,3.6858131727382704
25077,3,2149,4.626907582877501,0.18225386986184416,561.7038657843929,7.29485539979731
25077,4,742,7.151093824848243,0.5339987642514958,165.13505517795107,2.1446111062071567
25078,1,1338,3.965867659699861,0.14145407273719482,36245.72334632203,470.72367982236403
25078,2,3362,5.82403183032248,0.24602677714613208,1687.8637960814267,21.92030904001853
25078,3,2257,4.862672708992924,0.2030511856694913,218.56931916138612,2.838562586511508
25078,4,887,6.584602668832727,0.5001878369768246,150.51598854317785,1.9547530979633487
25079,1,662,3.7152260468726173,0.14175373314531992,279.39095210715715,3.628453923469573
25079,2,1736,5.609249887271569,0.25896419056827613,3971.3313783803633,51.57573218675797
25079,3,1131,4.266751191158361,0.19132970890037157,194.47053737865812,2.5255913945280275
25079,4,419,7.595322428743966,0.8564659015344308,72.19621440256704,0.9376131740593122
25080,1,678,3.7542971921832216,0.14847566628812237,137.53635518640004,1.7861864309922084
25080,2,1680,5.820062024317366,0.3183866009375238,172.93201946627008,2.245870382678832
25080,3,1171,5.0514729275970085,0.20713695520654804,110.10075189915977,1.4298798947942828
25080,4,414,7.400890182902951,0.6973483824054537,152.61486381876517,1.9820112184255216
25083,1,880,3.4333437366288457,0.15513183030812175,441.6058334505354,5.735140694162797
25083,2,2149,6.521693908610219,0.2998110516270961,161.71114789687994,2.1001447778815576
25083,3,1491,4.7869836701924315,0.1552431623094646,219.083398638495,2.845238943357078
25083,4,497,7.473432656913469,0.7301761889953828,135.20896141063474,1.7559605378004512
25084,1,1718,3.330814787478796,0.09013748800913181,20085.131570326546,260.8458645496954
25084,2,4411,6.133634367576146,0.21747518940818278,243.0677025930596,3.1567234102994752
25084,3,3018,4.4504093684770965,0.16522709911255384,1701.6033116075753,22.098744306591886
25084,4,1052,6.86040787071211,0.5365014182694566,431.7202419095604,5.60675638843585
25085,1,1062,3.63574973599467,0.07541518623794415,1077596406735.3724,13994758529.030811
25085,2,2519,6.239096338497511,0.2672511254518242,260.77120656821535,3.386639046340459
25085,3,1775,4.34848165149792,0.1788807232840148,861.461424164952,11.187810703440935
25085,4,654,6.751250568692808,0.6201519851436347,234.27996172213608,3.0425969054822866
25086,1,4440,7.385720867011239,0.24619317141590566,864.336460023823,11.22514883147822
25086,2,13853,5.833580583799731,0.1760616857777048,950.5337255365582,12.34459383813712
25086,3,9615,4.6003435026949475,0.07491955435423188,1009.1884068180227,13.106342945688606
25086,4,3911,7.577519655482097,0.3848842175284986,223.58894568278976,2.903752541334932
25087,1,429,5.197902733567239,0.33846515973761504,91.40421946496053,1.1870677852592277
25087,2,1238,6.090785417315429,0.4115547471209437,188.38792466374474,2.4465964242044773
25087,3,865,4.8515883173375505,0.31372143003882524,127.7388398034452,1.6589459714733144
25087,4,332,6.6936159298378115,0.7870737549442931,86.9773482240957,1.1295759509622818
25088,1,456,5.041812622035431,0.4718263977929391,1198.0715875617839,15.559371267036154
25088,2,1323,5.959298175190868,0.3738805690817135,1295.5606480974338,16.825462962304336
25088,3,927,5.089325910915982,0.22326595442091324,54.96248438836068,0.7137984985501387
25088,4,376,7.198238267843135,0.6730333295926468,143.98743665967663,1.8699667098659303
25091,1,152,4.723584995860205,0.660488757809044,35.15205586410723,0.45652020602736665
25091,2,391,5.9714521778776035,0.5148293958166352,201.25487946229168,2.6136997332765155
25091,3,297,4.34398922932428,0.3331601761039241,113.03922895419134,1.4680419344700175
25091,4,114,5.647120514506792,0.8815389300861837,45.56786087366585,0.5917904009566993
25092,1,1167,3.1793669674236886,0.12116531769664254,4853782219873.483,63036132725.629654
25092,2,2835,5.958128364576367,0.2749735032948875,213.86775714435763,2.777503339537112
25092,3,2071,4.901093389806649,0.19549024899642362,292.5164112767768,3.7989144321659327
25092,4,734,7.0074176418674545,0.5480359243451463,369.576393713224,4.799693424847065
25093,1,1180,3.727615045331672,0.10666224231968204,168969696200572.2,2194411638968.47
25093,2,3084,5.944311500123889,0.2684284884054637,155.84656801627995,2.0239814028088303
25093,3,2155,4.651825435331542,0.18499400059635293,167938.00497045054,2181.0130515642927
25093,4,743,6.526084350597021,0.5498582805156702,99.40754109181654,1.2910070271664487
25096,1,2036,3.832424816932884,0.10182124336296039,3.792982754543063e+16,492595162927670.56
25096,2,4888,5.666395156538483,0.18435534256445163,805.7549196013647,10.46434960521253
25096,3,3663,4.810745152198317,0.1312231903968312,1058.6135744124008,13.748228239122088
25096,4,1268,7.999596741488106,0.5952600019853876,270.4606518709201,3.5124759983236378
25097,1,1942,3.4094550904538807,0.08217751723852065,6871.201424331161,89.23638213417092
25097,2,5090,5.9061496468777195,0.2220028197205405,1902.2638895898583,24.70472583882933
25097,3,3504,4.534379769823581,0.13793768725466163,7173.431104407035,93.16144291437708
25097,4,1295,7.947625070012145,0.5477444309026921,145.44355323006104,1.8888773146761175
25098,1,2115,3.5405462403229135,0.06826964778860878,53.326057521087364,0.6925462015725632
25098,2,5312,6.1495943606343015,0.19360959234516126,483.80695238459583,6.28320717382592
25098,3,3689,4.55873965566631,0.14036570268557783,2542.60113020595,33.02079389877857
25098,4,1296,7.145633409331154,0.5185781948354947,269.6002935953049,3.5013025142247387
25099,1,781,3.4931793327761143,0.13074005997334687,37.227394544461355,0.48347265642157605
25099,2,2083,5.584355813856358,0.26204471634414905,211.2813593321634,2.7439137575605637
25099,3,1414,4.706848449624889,0.20780653057340162,393.03237990568675,5.104316622151776
25099,4,513,7.104745878889483,0.6712752139361883,275.0734918671607,3.572383011261828
25102,1,2289,3.446615281937197,0.06488193184744714,383.22003243721167,4.976883538145606
25102,2,6073,6.178614411775593,0.24613116008854752,581.4218003520486,7.550932472104528
25102,3,4502,4.514335948310517,0.13093584957772408,2103.144341047304,27.313562870744207
25102,4,1544,7.231204493535075,0.46330484574156966,313.0252601722136,4.065263119119657
25103,1,1687,3.841209744498838,0.13802635112555858,1929713.226689262,25061.210736224184
25103,2,4404,5.8380867547138156,0.21918463250301073,523.2905864004998,6.795981641564933
25103,3,3356,4.709074229884058,0.16513181743603986,1579.4472138955766,20.512301479163334
25103,4,1190,7.507476599648029,0.7161939888640646,313.7359679503488,4.07449309026427
25104,1,1501,3.551226482148032,0.0938354190737929,5333628.173505447,69267.89835721359
25104,2,4031,5.9720209019423764,0.20546363515643903,432.23168985552724,5.613398569552301
25104,3,3126,4.518805473893523,0.1313171749416672,50272.50223489106,652.8896394141696
25104,4,1093,8.044502909365297,0.6506194900859379,172.24700198779314,2.236974051789521
25105,1,1631,3.5772878038602007,0.08550437079548281,60878508363.13266,790629978.7419826
25105,2,4392,5.895421224631999,0.24200739421650916,974.2003042578085,12.651952003348162
25105,3,3378,4.3945655752634645,0.14886696930625049,1722.2585807704343,22.366994555460185
25105,4,1131,7.475239163831739,0.5620921142964302,240.54641020219503,3.12397935327526
25108,1,1711,4.670757193409952,0.20427553927949235,239.7443332024423,3.113562768862887
25108,2,5122,5.805762391823366,0.22187986555369896,2930.381623999126,38.05690420778086
25108,3,3488,4.603255119621159,0.10726704516215387,1698.9465464536156,22.06424086303397
25108,4,1395,7.699763730120339,0.5728439510016312,271.2577809431675,3.5228283239372407
25109,1,1794,3.5090725771382707,0.11849643579485399,77.1572691536051,1.0020424565403259
25109,2,4550,5.5592770424903115,0.21280302710628649,1163.7621459404804,15.113794103123123
25109,3,3182,4.411134060154719,0.13658040178764091,5839.082238889961,75.8322368687008
25109,4,1168,7.3056507265802315,0.6006198962906103,173.71622607350832,2.2560548840715366
25110,1,1769,3.7111329597621743,0.11985217137399612,3278.878005891697,42.58283124534671
25110,2,4692,6.041482421742409,0.20857050379261022,712.2718038717146,9.250283167165124
25110,3,3197,4.551701195531065,0.13984905371914255,771.3951352903672,10.018118640134638
25110,4,1182,6.292735984720046,0.507386577410273,651.8412063077639,8.46547021178914
25111,1,895,3.3059914950596783,0.13384549340695107,24.622885325252298,0.31977773149678307
25111,2,2238,5.809187561571124,0.2492712137424365,280.0446879432595,3.63694399926311
25111,3,1493,4.624817675654283,0.17949637763311357,446.4803275686231,5.798445812579521
25111,4,611,6.698907663635885,0.568696454314059,78.02730278709478,1.0133415946375945
25112,1,882,3.6425868743996044,0.13404685536264205,277.45253002697166,3.6032796107398917
25112,2,2281,6.173213800973663,0.2514414943057807,178.21700418157698,2.3145065478126883
25112,3,1478,4.652432698391663,0.20845781237605615,556.7949777713561,7.231103607420209
25112,4,565,6.705742404844448,0.49838248337226426,111.53074518675876,1.4484512361916724
25114,1,1940,3.505275702314754,0.08455536008454458,2429543901.1940775,31552518.19732568
25114,2,4942,5.634338271162167,0.17515304184001962,1787.211131075636,23.210534169813457
25114,3,3477,4.477549051467068,0.12415216778038676,1375.1314745978511,17.85885031945261
25114,4,1260,7.475985189026873,0.5624990771253455,189.20265069848833,2.4571772817985496
25115,1,1957,3.367851243601243,0.08968775345486871,2410604912390.069,31306557303.767128
25115,2,4782,5.985267182393409,0.21669208933349565,682.2917530824964,8.860931858214238
25115,3,3271,4.7795614908134,0.13867660613983512,26232.743550467603,340.68498117490395
25115,4,1208,7.229657243531356,0.6053605572785289,597.0531262449148,7.753936704479413
25116,1,1886,3.4063457227575036,0.09723901019800087,2764079546762.8667,35897136970.94632
25116,2,4628,6.332493069143767,0.22908649081915508,1089.211689951324,14.145606363004207
25116,3,3371,4.87820192366687,0.12097156821443625,1009.9577297223645,13.116334152238501
25116,4,1199,6.897605472822652,0.43835517397108825,174.92074362368976,2.271697969138828
25117,1,713,3.2592120306814447,0.15143807871210538,54.5828762245901,0.708868522397274
25117,2,1866,5.314919392635841,0.267373497997611,317.7415327221302,4.126513411975717
25117,3,1246,4.44858371071261,0.2341538530560742,335.5825114780142,4.358214434779406
25117,4,484,6.786277073447847,0.725680776474711,417.0878730048535,5.416725623439656
25119,1,813,3.3778481093466515,0.18673551957617626,604.0487976208933,7.8447895794921205
25119,2,2232,5.590298925304793,0.27017543797714866,219.3981632665554,2.8493267956695507
25119,3,1494,4.397173725297767,0.19268052551525722,1038.1461175094323,13.482417110512108
25119,4,572,7.1697182600071425,0.6952702755251026,154.16911175171163,2.0021962565157354
25120,1,1131,5.273993053637039,0.27239072986027546,331.99502524968887,4.311623704541414
25120,2,3291,6.014337587340462,0.23267371592979416,223.3958348161036,2.9012446080013454
25120,3,2275,4.415842755296628,0.15880706240631262,18965.257893073718,246.30205055939894
25120,4,889,7.8444487883943275,0.6161984090009173,95.47221651324381,1.239898915756413
25121,1,1245,3.595049237754759,0.14239911438047598,2811.118709255045,36.50803518513045
25121,2,3032,5.70003380277083,0.22707012443153018,2938.9773057136604,38.16853643783975
25121,3,2152,4.572315388041464,0.18399973866622327,655.1609507103155,8.508583775458643
25121,4,783,6.543745070509672,0.6131520929838855,150.42636858551145,1.9535892024092396
25122,1,2917,4.529570703844385,0.10354993851813363,111.24522124556246,1.4447431330592528
25122,2,15792,5.73735224571539,0.15065400067729187,1646.6693833365903,21.385316666708963
25122,3,14452,4.544326488185942,0.05788305810109375,29534.73290722996,383.5679598341554
25122,4,5241,7.215321657506777,0.40893785077309663,243.938858949465,3.168037129213831
25123,1,2826,4.323453325229175,0.15313310976628863,3219111.937189498,41806.64853492854
25123,2,12285,5.600158241996297,0.21486280653255227,2438.4972080421967,31.66879490963892
25123,3,10844,4.611679097879746,0.06943726432500115,66374.73972340037,862.0096067974074
25123,4,3914,7.34539344453817,0.39561108429348757,167.81482830257517,2.179413354578898
25124,1,1657,3.5553039203118817,0.10462689473114233,2651.4806426478303,34.43481354088091
25124,2,8416,5.660947126321457,0.19354611517130627,1566.9557899532222,20.35007519419769
25124,3,7911,4.719089476949499,0.07657318364200057,1380.1549708335367,17.924090530305673
25124,4,2850,7.158553294050291,0.4192498763882218,193.20566431709554,2.5091644716505916
25126,1,90,3.339318893381638,0.5013548268994152,43.440339299850564,0.5641602506474099
25126,2,430,5.534966603658547,0.501914556485363,72.54487089395354,0.9421411804409551
25126,3,405,4.548477157880279,0.4078212541025291,55.7903143677737,0.7245495372438143
25126,4,169,6.753152126393862,0.9379330126775679,49.87940201621004,0.6477844417689615
25127,1,1563,3.304246422117847,0.07032891111209512,499397935.82514125,6485687.478248588
25127,2,6705,5.870165459178836,0.20027809024916213,1012.3137528379689,13.146931855038558
25127,3,6543,4.4069602971942485,0.09735415399310679,16608.90426460627,215.700055384497
25127,4,2433,7.282608092723233,0.5123251562962652,208.9177817855508,2.7132179452668934
25128,1,1468,3.3244002877547016,0.07807545344747636,32.220866796338065,0.418452815536858
25128,2,6639,5.61899591810116,0.18428752946250077,217.73096817897658,2.82767491141528
25128,3,6391,4.659256577826663,0.0764638677697499,164.7740773220944,2.1399230821051223
25128,4,2388,6.977552066384901,0.5007752236286825,166.68181795872545,2.164698934528902
25129,1,4670,3.4249238959503217,0.05186541258069555,328085970.10148096,4260856.754564688
25129,2,21516,5.52616803857592,0.15533584171274192,1166.8679670542097,15.154129442262462
25129,3,25379,4.542506272084353,0.06495242370868588,8793.5038496545,114.20134869681169
25129,4,9866,7.19265002419135,0.3613514945662339,394.3797152396522,5.121814483631847
25130,1,128,2.258137559773372,0.2594025557947593,180.88796239849472,2.3491943168635676
25130,2,632,5.451378724661407,0.3722149721487182,70.43850278455628,0.9147857504487829
25130,3,911,4.739371328866137,0.23811440402872236,159.93638918259535,2.077095963410329
25130,4,365,6.530865571254738,0.6709161016217129,60.10346521817846,0.780564483352967
25131,1,705,3.760802807274915,0.15689815812867317,25.06351083469292,0.32550014071029765
25131,2,3190,5.493093880432729,0.18805966419488035,388.1380025530839,5.04075327991018
25131,3,3629,4.6209115708930115,0.12424462254432461,73.87477619286591,0.9594126778294274
25131,4,1337,7.465337954099404,0.5182125493522832,100.49358546689021,1.3051114995700028
25134,1,770,3.385588709317175,0.1952603960675765,517.9081956904562,6.726080463512418
25134,2,4167,6.061063708761108,0.22488712868918054,156.0003960439506,2.0259791694019555
25134,3,3961,4.433279347089577,0.13663172972744395,5900.842875473736,76.63432305810046
25134,4,1421,7.513076885426991,0.5555240401693331,107.19541049883459,1.3921481882965532
25135,1,851,3.689495296127974,0.15362476997987512,30.97583248893445,0.40228353881733053
25135,2,4272,5.8303808180258425,0.22095611783177846,275.3856908657883,3.5764375437115365
25135,3,4234,4.8387491994319936,0.11541647318221651,124.8913290957036,1.6219653129312155
25135,4,1550,7.588777426825575,0.5759019876283434,147.6252575513797,1.917211137030905
25138,1,6240,4.8709660337437475,0.0857463651100701,4752.172673626452,61.71652822891496
25138,2,19623,5.795410768347417,0.16333034563828,1650.5142730343669,21.435250299147622
25138,3,13123,4.623924796771416,0.08851374919594113,6790.526898369297,88.18866101778308
25138,4,5513,7.462787882904548,0.45655402391321387,295.50090890988963,3.8376741416868785
25139,1,6864,5.656772682653951,0.1364080597697068,5167.692139670514,67.1128849307859
25139,2,19484,5.838875253342784,0.1599566590865531,1267.7351287842257,16.464092581613322
25139,3,13452,4.568648318402624,0.08538671266679485,164448.61670081748,2135.6963207898375
25139,4,5330,7.38034114954832,0.3875255846758787,278.74083747946963,3.6200108763567487
25140,1,6554,3.456804244801956,0.05243289407037336,2.4397525408680428e+16,316850979333512.06
25140,2,17856,5.934614819839867,0.17110087811605962,1472.6265495801742,19.125020124417848
25140,3,11849,4.787738601771565,0.06978932280759727,482.9818243212635,6.272491224951474
25140,4,4766,7.733350895303013,0.5002266752384088,321.30024419179466,4.172730444049281
25141,1,3578,3.390065260914149,0.0712873721724712,76.24465671591935,0.9901903469599915
25141,2,9901,5.855414232827993,0.1817165929975736,770.8895760110911,10.011552935208975
25141,3,6301,4.540893641711861,0.09263110163766287,346.9353870855294,4.505654377734148
25141,4,2699,6.970912382674715,0.39871600723471085,184.0748451468242,2.3905824045042103
25146,1,2817,3.2687049108030632,0.08444478298681819,735124519.7568568,9547071.685153984
25146,2,7480,5.767309715681575,0.16624572159766288,480.2368664680199,6.236842421662597
25146,3,4805,4.65122058167609,0.09304012082435438,219.61081540048065,2.852088511694554
25146,4,1965,7.444814239694568,0.5128914365911228,138.6436530191918,1.800566922327166
25147,1,762,3.682767733170738,0.11025076786097898,21.917669229484094,0.28464505492836484
25147,2,1938,5.3938664832547785,0.27426711139287197,185.04254249620772,2.403149902548152
25147,3,1267,4.541490531584272,0.20867779468044922,153.69624723264135,1.9960551588654722
25147,4,506,8.155869588275175,0.8396015715838692,79.07584346414323,1.0269590060278342
25148,1,2295,3.5250897106731083,0.07449398022973261,88.89672315904214,1.1545028981693783
25148,2,6110,5.775817584949129,0.18028174482249368,1250.1888855289853,16.236219292584224
25148,3,3952,4.591611034401315,0.12300161911679877,183.70213956712678,2.385742072300348
25148,4,1756,7.221966003609504,0.402314609872533,113.76850608170123,1.47751306599612
25149,1,2167,3.460830837229068,0.07643578268769648,511.88585063808034,6.64786819010494
25149,2,5975,6.20761147509402,0.21984074501008272,264.11019895175355,3.430002583789007
25149,3,3678,4.553854153659658,0.12651779696642285,4653.093824569099,60.42978992946881
25149,4,1580,6.552211643789939,0.4140388066055139,110.61619621360285,1.436573976800037
25150,1,11213,3.597771064577161,0.03506849274045778,525291089680712.94,6821962203645.623
25150,2,29001,5.949988470223408,0.162823402535921,953.6749856907362,12.385389424555015
25150,3,17358,4.671797080873994,0.07023998654722635,4666.501006589769,60.603909176490504
25150,4,7536,7.0975297253756535,0.4122592233172349,356.4784717960635,4.629590542806019
25151,1,1436,3.4225688122319187,0.07201784697510577,131.16267644118398,1.7034113823530386
25151,2,3848,5.659456601665799,0.21928420857339145,207.38496184445808,2.6933111927851696
25151,3,2209,4.6721996170819775,0.16536580532225514,2820.749368511706,36.63310868197021
25151,4,927,7.300152907227892,0.5706720453145323,92.46648328107953,1.2008634192347991
25154,1,1588,3.6030210791314503,0.10819012106188697,46.884810092064996,0.6088936375592856
25154,2,4439,5.901342108566812,0.21088694431291422,215.2065245007769,2.7948899285815183
25154,3,2826,4.665092733310151,0.15171168143725897,151.05788108672124,1.9617906634639122
25154,4,1179,7.210552155805006,0.5581939515089716,95.24095276267724,1.2368954904243796
25157,1,1585,3.2907874783618887,0.116303064407315,25543455.296447273,331733.1856681464
25157,2,4263,5.920574768089273,0.2086294004685361,103.42643453989014,1.3432004485700018
25157,3,3059,4.605337295992744,0.11252347577102484,700.418937699355,9.096349840251364
25157,4,1194,7.372805946469363,0.5667122295166952,141.9527778614408,1.8435425696291015
25158,1,2357,6.105011653792151,0.2558974763181696,178.73800551991377,2.321272798959919
25158,2,8159,6.01810778060932,0.16669965312865048,279.40635438093943,3.6286539529992132
25158,3,5877,4.330341492953125,0.09942926821526497,472.91833514304506,6.141796560299286
25158,4,2424,7.4045536554013065,0.48002936089233667,230.10802654640457,2.9884159291740855
25162,1,4725,4.608914346666537,0.115592435272248,896242.5626511634,11639.51380066446
25162,2,14758,5.600830840767562,0.17826498122277007,541.0593398023356,7.026744672757605
25162,3,10536,4.54356573159766,0.07437097152325325,493.75385572363973,6.412387736670646
25162,4,4339,7.071925128432552,0.4238802477945831,233.72559393506214,3.0353973238319756
25163,1,2802,4.254926751941381,0.11750870134128907,86744.24297671029,1126.5486100871467
25163,2,9239,5.731964386932613,0.2142501327644048,470.67745698022696,6.112694246496454
25163,3,6834,4.696022345222462,0.11128209393700879,284.1056158553161,3.689683322796313
25163,4,2844,7.619410580925772,0.5168724860751467,244.45579858175756,3.1747506309319165
25164,1,2826,4.332192125983098,0.11059927366847772,5796.021640785739,75.27300832189272
25164,2,9323,5.866726332099981,0.20083113898860877,1211.2730068266956,15.730818270476565
25164,3,6945,4.598773725532498,0.1238392593068325,322.9792813931946,4.19453612198954
25164,4,2744,6.880299872513997,0.4046669600734057,151.16187489398834,1.963141232389459
25165,1,3165,4.482772221091573,0.09247943212148695,25298.04639087344,328.54605702433037
25165,2,10297,5.8196893857290775,0.20745345865719023,433.48061434842816,5.629618368161404
25165,3,7687,4.5531188467277826,0.09903738096755504,280.38619016127086,3.6413790930035175
25165,4,3016,6.880430068603466,0.3805220869221727,137.43967260565722,1.7849308130604835
25166,1,2689,4.148543474367715,0.12951308062474476,302.8837211953507,3.93355482071884
25166,2,9179,5.800431466657883,0.19666375390519925,972.9997103580822,12.636359874780288
25166,3,6767,4.592630854261291,0.08082062408196618,143.9150750876089,1.869026949189726
25166,4,2779,7.309084947897818,0.49710122633029574,175.65509988355305,2.2812350634227667
25167,1,2805,4.459533071175767,0.13170314955719117,105.12573649533286,1.3652693051341929
25167,2,8578,5.853872991352625,0.1893205993396303,200.753837864963,2.607192699544974
25167,3,5412,4.39453492436648,0.08955979568599093,361.852768213315,4.6993866001729225
25167,4,2388,6.861129796338133,0.40812004005740904,121.96567793465013,1.5839698433071445
25168,1,3348,4.309641784267962,0.13222481419242074,2840.7129988296388,36.89237660817712
25168,2,10024,5.940521838724001,0.17479727223252983,301.8954938798746,3.9207206997386312
25168,3,6481,4.603878290042215,0.0855492840712836,288.794726047744,3.7505808577629094
25168,4,2784,7.326206839750556,0.5259410077376058,247.85156570369583,3.2188515026454003
25169,1,2874,4.271780408453849,0.13081031667376677,8386594.250304854,108916.80844551758
25169,2,8400,5.7242142360089625,0.17996340093636645,501.141694507195,6.508333694898636
25169,3,5433,4.508721193338294,0.12454675046508873,26342.553610105406,342.11108584552477
25169,4,2455,7.542907076238214,0.4788101578362129,155.46782653916364,2.0190626823268003
25170,1,1369,4.942011973656829,0.22204173477387498,49.97783808038267,0.649062832212762
25170,2,4049,5.828593724457576,0.2184340625509434,1032.7747854417041,13.412659551190963
25170,3,2362,4.222225049098339,0.10763752637809025,20810.17402440098,270.26200031689586
25170,4,1069,7.150299421628548,0.4997044879993153,87.07295086695495,1.1308175437266876
25171,1,1356,5.1448733552537185,0.2122247996872278,80.96102868093743,1.0514419309212653
25171,2,4414,5.721700074582551,0.2018014269430355,171.66035868362442,2.229355307579538
25171,3,2902,4.62866200063845,0.15099491324867365,336.5646875928044,4.370969968737719
25171,4,1310,7.712389168459128,0.6005275124802116,123.41189128621713,1.6027518348859366
25181,1,2496,3.521212737645451,0.05887521859342782,11619.603459280213,150.90394102961315
25181,2,5872,6.219242396559297,0.19320253857550726,226.37741211264606,2.9399663910733254
25181,3,4196,4.769939776992412,0.11525360605781916,1402.2654944418773,18.211240187556847
25181,4,1772,7.0058118084083105,0.5241496051559433,385.3300654136054,5.004286563813057
25182,1,2098,3.618258341000322,0.06972146212602101,82.91113314306628,1.0767679628969646
25182,2,5060,5.92218070810519,0.2091760436268411,253.70227851364348,3.294834785891474
25182,3,3542,4.436957244198983,0.14428405425950197,2797.2727070772307,36.32821697502897
25182,4,1549,6.84969138465687,0.43266281929600336,310.3036424013619,4.029917433783921
25183,1,6444,3.481605202148365,0.05159101878964987,1.0115224284166675e+18,1.3136654914502176e+16
25183,2,14206,5.786842825499145,0.1595267264686336,1979.420615938424,25.706761245953558
25183,3,9774,4.559898063475822,0.08291872223638021,23886.612223593045,310.21574316354605
25183,4,4285,7.178398600085599,0.3883972149372611,535.9794290557746,6.960771805919151
25184,1,3672,3.3115836822415634,0.06587614393019027,17554990.919490468,227986.89505831775
25184,2,8368,5.633931978853442,0.17451560643588632,1754.0662307891898,22.78008091934013
25184,3,5485,4.6466351732327364,0.08079889131517322,447.9805553607913,5.817929290399887
25184,4,2478,7.183741268190015,0.45200522235928636,343.4498937741482,4.460388230833094
25185,1,1016,3.373604431812868,0.12146434058749307,147.3076003716206,1.9130857191119557
25185,2,2366,5.69268481048463,0.25753629294259567,252.24520974424456,3.275911814860319
25185,3,1582,4.672969685798621,0.1811361131442338,501.4061852713887,6.511768639888166
25185,4,716,6.541110770365435,0.6911558230520867,149.71018653363694,1.9442881368004798
25187,1,1005,3.488935102043125,0.1808974444768704,64666368228.12634,839822964.0016408
25187,2,2331,5.726221223087207,0.28857422277659167,265.40823045283037,3.4468601357510438
25187,3,1583,4.869054904286363,0.2030060329650626,169.5702125020766,2.202210551975021
25187,4,750,7.038698194478771,0.6514252959071039,126.9606178170545,1.6488391924292791
25189,1,1574,3.3869833369312268,0.0868479708505699,62.83321363366865,0.8160157614762162
25189,2,3646,6.36586909199501,0.2239772896211304,105.74439125705874,1.3733037825592045
25189,3,2483,4.902878169873095,0.1464199111677279,154.8503453240263,2.0110434457665756
25189,4,1144,7.227431802574097,0.6344487463674507,215.3882351703263,2.797249807406835
25190,1,1440,3.3386953297615234,0.11490149345590843,247.54440337716554,3.2148623815216304
25190,2,3455,5.738538133643269,0.24064239262540152,331.3445507539661,4.3031759838177415
25190,3,2393,4.521576438447462,0.1378978407494275,398.51719736092826,5.175548017674393
25190,4,1028,6.990054845449722,0.5035493176348522,136.85768428838486,1.7773725232257773
25192,1,3786,3.652289398163116,0.07624627868730084,17005.59257907437,220.85185167629055
25192,2,8745,5.891859203480043,0.1604458131012675,1319.9620523100405,17.14236431571481
25192,3,6649,4.7762685460463326,0.1375989135128208,3287.1304232583916,42.69000549686223
25192,4,2799,7.201562004475488,0.3462772672123801,402.8225240295733,5.23146135103342
25193,1,3258,3.542143154962267,0.06859852530794502,36309985066398.414,471558247615.56384
25193,2,7278,5.738937540880686,0.18898250151850718,1615.9088487857498,20.985829205009736
25193,3,5487,4.641959508721313,0.10645312514194415,7084.4545461444195,92.00590319668078
25193,4,2396,7.1825500877534045,0.42145583595048086,421.40916010512586,5.472846235131505
25194,1,3743,3.327293972234413,0.06299623334361713,4472.728140277613,58.08737844516381
25194,2,8409,5.771769053804079,0.194123741596487,4574.528423178562,59.40946004128002
25194,3,6474,4.678977499551667,0.12190471775766544,3173.562480750935,41.215097152609545
25194,4,2721,7.805631703002172,0.526775047663301,352.95288501487823,4.5838037014919255
25195,1,2550,3.503528908008351,0.07117107243789607,49688.133713132476,645.3004378328893
25195,2,6426,5.90394764975668,0.1960757676072996,1008.9437747492957,13.10316590583501
25195,3,4903,4.629695962853679,0.12521632426436582,4643.037114975205,60.299183311366306
25195,4,1980,7.0529730148598695,0.4596678840301553,379.7991605692813,4.932456630769887
25196,1,2145,3.5720228688915188,0.10276515697094211,53.271346976463334,0.6918356750190043
25196,2,5111,5.975281395437717,0.16825789119620962,3001.1207142997473,38.97559369220451
25196,3,4048,4.524163850736203,0.1218504577364789,1315.5966381943776,17.08567062590101
25196,4,1684,7.863264707946186,0.4986677721906533,231.0428656412314,3.000556696639369
25197,1,2372,3.616113750636246,0.060350218322370544,35.690739622711725,0.4635160989962562
25197,2,5694,5.908324265646968,0.20047431018903655,3396.011043113202,44.10403952095068
25197,3,4326,4.816323633739811,0.12275041608792256,4475.243287462538,58.12004269431868
25197,4,1743,7.6559848041002,0.4563904822742549,165.30870188170604,2.1468662582039744
25198,1,2573,3.7717769675865687,0.08481058894179393,148.55596222462916,1.9292982107094696
25198,2,6081,6.208173368723851,0.21428805799561879,302.9110466391986,3.933909696612969
25198,3,4692,4.671369565381501,0.13318051144799875,285569.4898450654,3708.694673312538
25198,4,1901,7.114327618822003,0.4839319228305767,304.51023191863914,3.9546783366057032
25200,1,3673,3.347163558497332,0.06668197079904162,12629538433752.365,164019979659.1216
25200,2,8772,5.975764539056943,0.19444444565838942,1246.4186599929458,16.18725532458371
25200,3,6451,4.819779298120828,0.13284875579733554,3019.006696074108,39.20787916979361
25200,4,2678,7.522641254836327,0.47927734958441365,752.0327856875883,9.766659554384264
25201,1,4226,3.4531456941653715,0.08271362932636807,1059396699.3417528,13758398.692750037
25201,2,10226,5.632530565636171,0.19836265044530374,3062.604203644041,39.77408056680572
25201,3,7259,4.734495147895927,0.11199192917972882,8108.095750857384,105.29994481632966
25201,4,3100,7.667535146915791,0.5009528474600187,621.376305125697,8.06982214448957
25202,1,1542,3.259316953940621,0.10517478245446867,30.952062785645772,0.401974841372023
25202,2,3760,5.783140366124106,0.20795101179575734,341.1427982388987,4.430425951154529
25202,3,2623,4.423706294081366,0.15934274565641274,1040.2785346658916,13.510110839816774
25202,4,1135,6.922256370217337,0.5359845370705888,270.5919114719496,3.5141806684668775
25203,1,3247,3.6539890768820906,0.06433958134375022,128303.03597557197,1666.2731944879476
25203,2,7766,5.932402668620831,0.16045925497161165,851.5476332982644,11.059060172704733
25203,3,5316,4.672500549526212,0.12976335004088319,2530.864796689626,32.868373982982156
25203,4,2177,7.429756021940252,0.4943256624398393,254.38855201518047,3.3037474287685775
25204,1,979,3.1869917278498585,0.1621814973493622,2642328794.4967947,34315958.37008824
25204,2,2427,5.809657513464152,0.24351363222673175,368.30182825155566,4.78314062664358
25204,3,1617,5.04440687882716,0.22395995922861758,206.69311033570844,2.684326108255954
25204,4,713,6.990594640419913,0.5289787176760259,174.21806005244883,2.2625722084733613
25205,1,1350,3.64878433864236,0.1357545482532819,110.38572552161307,1.4335808509300398
25205,2,2931,6.103259178448022,0.26189219743476905,626.9083920370812,8.141667429053003
25205,3,2223,4.67892385426231,0.15546868413881154,3604.0783161081163,46.80621189750801
25205,4,997,8.029050512151402,0.6256740639829542,212.3102574596165,2.7572760709041106
25206,1,1339,4.136489901528125,0.182185374005205,33.5857358471052,0.4361783876247428
25206,2,2821,5.891379575148824,0.24302376234478126,429.8067513894958,5.581905862201244
25206,3,2322,4.380664539626564,0.18804403694050223,76000.43019615687,987.0185739760633
25206,4,940,7.788196855953189,0.6462361694668541,544.2116115565683,7.0676832669684195
25207,1,1555,3.760986600160592,0.1005129224102662,43.084943532821015,0.5595447212054677
25207,2,3108,5.6062591589883715,0.26186478545576825,1551.6722494215362,20.151587654825146
25207,3,2354,4.2600810181473685,0.1780452429006349,963026.2520854113,12506.83444266768
25207,4,1054,6.989870471205446,0.5602139047173044,889.5065581884413,11.55203322322651
25208,1,3675,3.5821471376970857,0.09252865089110343,100281727.43408069,1302360.0965465026
25208,2,7421,5.68441745005313,0.1897179935465986,2516.574085306567,32.68278032865672
25208,3,5586,4.687050140364999,0.1170764589198145,5299.475140025351,68.8243524678617
25208,4,2508,7.522254054601108,0.4959675821124336,888.1480637716483,11.534390438592835
25210,1,410,4.4126908322135305,0.19709827368991764,43.31281801826502,0.5625041301073379
25210,2,961,5.900243895557885,0.4121555448432343,950.9291415688349,12.34972911128357
25210,3,751,4.136214943530457,0.2344207148391295,3334.286750669444,43.3024253333694
25210,4,350,7.1262779424643075,0.7621637790560177,118.23310766307023,1.5354949047151978
25211,1,439,3.565705026461319,0.18486744158937196,98.8206893462192,1.2833855759249246
25211,2,974,6.275546519797143,0.48560032822956367,273.4797673785367,3.5516852906303464
25211,3,722,4.582790610277479,0.27363028987728955,285.006807174969,3.7013871061684287
25211,4,352,8.86252174437354,1.0540754291796977,139.52752804270747,1.8120458187364608
25214,1,1326,3.437674614896937,0.12439194174652375,1254.5656097325882,16.29305986665699
25214,2,2841,5.66559574368507,0.2727895955510479,716.3825973136306,9.303670094982216
25214,3,2168,4.44596461082804,0.16556082289554502,3541.2293253045113,45.98999123772093
25214,4,919,7.266176613427026,0.5467973297107525,498.6429094548983,6.475881940972705
25217,1,1450,3.649361893874581,0.11477183207804761,84.56528430979799,1.098250445581792
25217,2,2870,6.145661231403557,0.25115808124714545,2428.8747013514135,31.5438272902781
25217,3,2246,4.909129169052113,0.17135257444235397,2102.152945989231,27.30068761024975
25217,4,998,7.682438787732873,0.6452793350622953,304.0143103695944,3.9482377970077196
25218,1,1539,3.991119130383914,0.12520068324282974,1215.3288869724017,15.78349203860262
25218,2,3289,6.230432651619933,0.2530874149610474,846.7127250386964,10.996269156346706
25218,3,2485,4.771988246891268,0.20933531504426037,3980.4244441522005,51.69382395002858
25218,4,1092,6.7658066600268905,0.5355633258458068,600.1572596177251,7.794250124905521
25219,1,1579,3.6099057204160454,0.12145338582995406,44.49730354957107,0.5778870590853386
25219,2,3297,5.830770281740682,0.21425793987781794,1436.3942056319047,18.654470203011748
25219,3,2487,4.284367276294092,0.15750389988203406,2633.717166283313,34.20411904264043
25219,4,1101,6.717296356094138,0.4432466131164275,1098.411566913647,14.265085284592818
25220,1,501,3.9071681498627666,0.2638199785822528,110.82032279744926,1.439224971395445
25220,2,1081,5.467180693424143,0.26015967430474124,317.8885277514244,4.128422438330187
25220,3,773,4.788462955706438,0.2847760367110551,584.2692234334426,7.587911992642111
25220,4,379,7.799318668028328,1.005880349857249,139.07095630809476,1.8061163156895423
25221,1,433,3.4380738850551604,0.21925170030505164,81.83113041799557,1.0627419534804619
25221,2,885,5.245312013976853,0.3681690487900538,575.7111713103919,7.476768458576519
25221,3,742,4.647671279457984,0.2776942076116453,896.9134385461565,11.648226474625408
25221,4,354,7.2324499839022165,0.5980578480581336,250.48377534291845,3.253036043414525
25222,1,1427,3.473283633754388,0.10241922915117015,58916815757.435715,765153451.395269
25222,2,3176,6.132111219947309,0.2694309330682906,898.8072445481001,11.672821357767534
25222,3,2371,5.011411019828886,0.24167494515296564,2563.185035501023,33.28811734416913
25222,4,1019,7.19117087268093,0.4848994064857129,202.90581283036974,2.635140426368438
25227,1,73,1.087214482829418,0.11145438314458385,20052.96464934205,260.42811232911754
25227,2,570,3.216642774169231,0.14836763602708225,784931317.1780479,10193913.210104518
25227,3,266,0.724364423552865,0.0484383783020867,4.908911738154113e+96,6.375210049550796e+94
25227,4,100,1.9119742319184347,0.2723602757074631,5.280444314072856e+34,6.857719888406307e+32
25228,2,381,3.0324224240169593,0.2032581003015311,1105233642.9063513,14353683.674108459
25228,3,158,1.1649949659308005,0.09378516240192858,8.085153400930475e+66,1.0500199221987631e+65
25229,2,175,2.712827825771046,0.13526412598457183,1128703.7575708635,14658.490358063162
25229,3,71,1.8932248198061246,0.28748575078325384,2.9176705755952436e+49,3.789182565708109e+47
25230,2,140,3.5086437051881454,0.28328706340374005,2557.1430090060176,33.20964946761062
25233,2,201,3.2082326302822946,0.135403734548534,6353399.370218828,82511.68013271206
25234,2,183,1.6705708240544488,0.1164122564469885,2.7103708000695182e+26,3.519962078012361e+24
25234,3,76,1.013463357974512,2.3086863394351713,1.2662432917627452e+22,1.6444718074840846e+20
25235,2,350,2.6358910560792497,0.19352243110480488,78216684346.84761,1015801095.4136053
25235,3,135,1.0561628865957569,0.08266194664410584,2.692775942839096e+49,3.4971116140767482e+47
25236,2,105,0.9249151241130974,5031.389508451698,8.846971263564805e+26,1.1489573069564682e+25
25237,2,122,3.2510146251455962,0.2581611634211557,429289062513.9338,5575182630.051088
25240,2,77,2.6148934380493736,0.3639398899458286,14731.608379535968,191.31958934462295
25241,2,58,3.271435567280649,0.48727587557023017,16.27519213958646,0.21136613168294102
25247,2,227,3.3016390101488438,0.2884690869491006,279037122.4867047,3623858.7335935677
25247,3,86,0.7047402329870153,0.05115075157976684,2.4527914291526964e+70,3.185443414484021e+68
25248,2,203,3.3659651019656334,0.22896619443446012,2299200853.1369104,29859751.339440394
25248,3,88,0.9983350495935561,2.278475803824543,9.912804751126031e+17,1.287377240405978e+16
25249,2,85,2.349358787310737,0.1336748093685967,27.11659909727903,0.3521636246399874
25251,2,104,4.733675161536209,0.8350151223725858,539890.0491509635,7011.559079882643
25251,3,53,3.02468097321474,1.0183820733288047,1.0496931952205913e+25,1.3632379158708978e+23
25252,2,104,2.874039397374726,0.20218051546155608,22103.224112167532,287.0548585995783
25252,3,61,0.9470838823521565,0.1661847632073943,3.658616953967296e+61,4.751450589567917e+59
25255,1,300,5.713874878144092,1.1171306871591438,195337.37389272236,2536.849011593797
25255,2,318,1.045985892191226,0.14865569888828206,6.3067743834223326e+88,8.190616082366665e+86
25255,3,639,1.387762363550815,0.15276374012182056,2.202915888737615e+78,2.8609297256332665e+76
25255,4,231,0.6437114801652376,0.07037466137646463,3.757392769802604e+150,4.879730869873512e+148
25256,1,248,5.391725500107558,0.919549999175244,179896.56708844274,2336.319053096659
25256,2,240,1.6535550378478265,0.21526178158338488,7.368105631940512e+63,9.568968353169496e+61
25256,3,474,1.6348024730364696,0.21831279673145637,9.284895588943893e+68,1.2058305959667394e+67
25256,4,166,1.4745194214531832,0.17876015176063528,7.76935016951165e+53,1.0090065155209935e+52
25257,1,157,12.584519769770392,6.624108158326036,31.29535076473878,0.4064331268147894
25257,2,225,1.2708778939932432,0.10763518491735874,1.3254927173532444e+117,1.721419113445772e+115
25257,3,417,0.6060452737615284,0.05852057192381381,7.282316757213955e+113,9.457554230147994e+111
25257,4,169,0.5091204923358686,0.07632802275724658,1.0927228286061215e+127,1.4191205566313265e+125
25258,1,74,0.551989805512613,0.06595566080996934,2.4173822742385995e+139,3.1394574990111683e+137
25258,2,167,1.5116213691231117,0.1664832374404488,3.8260181701687356e+57,4.968854766452903e+55
25258,3,221,0.8285143004575712,0.13264590183666514,1.6050745535038354e+100,2.0845124071478383e+98
25258,4,119,0.9136148078381525,0.14513331046584574,1.6393302694236848e+105,2.1290003499008894e+103
25259,1,57,0.789211798685606,0.12350024428073224,5.609205375178235e+96,7.284682305426279e+94
25259,2,149,0.9862434218814956,0.17690442134520631,1.7323329737566686e+100,2.2497830828008684e+98
25259,3,230,0.7576099929567391,0.09772805958529994,2.9448861012387827e+80,3.824527404206211e+78
25259,4,113,0.48895447435293427,0.07504390110696244,8.777924152065819e+130,1.1399901496189375e+129
25262,1,96,1.2001161369534628,0.23234715672950346,1.4382292986753534e+46,1.8678302580199392e+44
25262,2,201,0.5005733446709438,0.06064789949142704,9.915112541932262e+132,1.2876769534976962e+131
25262,3,295,1.076581908219953,0.11893798033483531,1.3081665755278435e+123,1.698917630555641e+121
25262,4,119,0.6761673030561373,0.10903579533320674,1.895368130394102e+138,2.4615170524598726e+136
25263,1,123,1.3107094628437206,0.20672607493518597,5.60722329424675e+42,7.282108174346429e+40
25263,2,215,1.2934403554061389,0.2215208542940337,3.07563922414346e+75,3.9943366547317665e+73
25263,3,317,1.1511908837617832,0.16976806538258812,1.1869781697513245e+62,1.5415300905861358e+60
25263,4,132,1.1301769847644068,0.21762119089633922,2.2486591408432694e+78,2.9203365465497006e+76
25264,1,224,0.8132719639217977,0.10071530848886916,2.2657623973230786e+57,2.94254856795205e+55
25264,2,463,1.1607406240226714,0.10600953077851623,9.407781377691543e+121,1.22178978931059e+120
25264,3,681,1.0084942651005202,0.10096586896709034,1.1859842287527593e+96,1.5402392581204666e+94
25264,4,310,0.6860795967197658,0.09308682545754587,1.1631394416286801e+106,1.5105707034138702e+104
25265,2,60,3810.8655338029585,6158794.173230085,46.59496774021353,0.6051294511716042
25265,3,66,0.6197515556443106,0.10980077583880664,6.629998443428651e+103,8.610387588868377e+101
25266,2,56,0.8345869473235134,0.1630272911593022,2.9648669826057847e+109,3.850476600786733e+107
25266,3,64,0.48442139326881795,0.0596107106602866,2.7451120679351274e+139,3.5650806077079577e+137
25269,3,55,1122.9336789566557,136023.26531216485,30.07523278349474,0.39058743874668495
25272,1,139,2.6678265777400463,0.45561565910134877,2.754100392897684e+24,3.5767537570099793e+22
25272,2,231,0.5301502383679022,0.0787306724975639,1.4443578804491651e+118,1.8757894551287857e+116
25272,3,360,0.6762064602705798,0.0729699560633728,4.739345393538838e+164,6.154994017582906e+162
25272,4,164,1.6548864624001547,0.3693533851915748,1.3699786412979473e+65,1.779193040646685e+63
25273,1,119,0.531149604288361,0.10009050982275777,4.214149035258273e+72,5.472920825010744e+70
25273,2,238,1625.8397788952777,3806962.416865558,3959.765147895484,51.425521401240054
25273,3,378,0.8080660147969438,0.08740701731389706,1.6690236487144852e+161,2.167563180148682e+159
25273,4,159,0.5379621597393145,0.055260912531247854,2.1816313189409936e+122,2.8332874271960954e+120
25275,1,80,2276.104185511928,4338542.903587927,49.386855366329804,0.6413877320302572
25275,2,187,1682.0804496755356,5852853.555254735,3224.0725890373524,41.87107258490068
25275,3,287,5158.009900682316,51244674.856312625,1644.3042446336403,21.354600579657667
25275,4,139,0.47941227298310557,0.06363510934035141,8.483947474443799e+148,1.1018113603173765e+147
25276,1,130,1223.257666957063,629327.8530198504,466.2639883702972,6.055376472341522
25276,2,126,3223.532435515436,20769639.665329188,1092.4926800607266,14.18821662416528
25276,3,214,2.673399968240385,1.3083733546008411,52649704.469137534,683762.3957030849
25276,4,98,6854.612597210673,29801278.900581054,86.16409014246186,1.1190141576943098
25277,1,104,9.204695382141605,2.8224218990139196,18.859864290437063,0.2449333024732086
25277,2,151,5016.369021034638,42981250.448378384,198.77612147359267,2.581508071085619
25277,3,209,4858.039848410369,11058754.020283151,97.58662679349112,1.2673587895258587
25277,4,95,3187.0129589318044,29194205.460202787,743.8408201935029,9.660270392123413
25279,3,58,0.7879511791815217,0.1402625952136945,7.499936115957104e+145,9.740176773970265e+143
25280,1,184,0.6358169913492482,0.043345570624720664,8.871499641783758e+123,1.1521428106212672e+122
25280,2,257,1.1336644173962755,0.17828051573585604,5.484010475991458e+67,7.122091527261633e+65
25280,3,433,1.329849963407541,0.22086042431218336,3.47724799073967e+82,4.5159064814800913e+80
25280,4,211,1.5592056657175597,0.3127942698707256,3.117501409589273e+80,4.0487031293367186e+78
25281,1,192,0.9070889356878604,0.07541939091901113,7.575725182259927e+83,9.8386041328051e+81
25281,2,283,1581.4130058793294,6256242.848417556,64718.799279831226,840.5038867510549
25281,3,457,0.7054381555636883,0.06204372027071233,1.8852346399088634e+97,2.448356675206316e+95
25281,4,217,1902.3549267489507,7509529.858556916,71339.74982040732,926.4902574078873
25282,1,51,0.473246743141277,0.06522079501309835,7.042990898163265e+99,9.146741426186059e+97
25282,2,69,0.5070124483895659,0.0961366804509561,9.166924693123054e+95,1.1905097004055914e+94
25282,3,86,2086.920931936803,12649802.828225285,1830.6631834808768,23.774846538712687
25283,2,67,0.48748685715532375,0.069534079446756,2.704716030216565e+127,3.512618221060474e+125
25283,3,77,0.629930242975446,0.11531695868082285,2.8479441951089047e+76,3.6986288248167594e+74
25286,1,207,0.9075832810562866,0.11200289316161488,5.618720707435041e+95,7.297039879785768e+93
25286,2,290,1.1490870444560763,0.17077651439367228,5.260383129803551e+122,6.831666402342274e+120
25286,3,456,0.8412123048660369,0.09811838107904802,5.13765933511902e+136,6.6722848508039215e+134
25286,4,228,1.426962532724808,0.1829061702834423,5.115657549319752e+60,6.643711103012665e+58
25287,1,196,1.1669515164631468,0.13658790329849071,5.848010894368849e+56,7.594819343336168e+54
25287,2,286,1.029906369315346,0.1127616450273956,8.448073434109259e+104,1.0971523940401636e+103
25287,3,406,1.931099245755815,0.35265173319067805,3.355364716449412e+55,4.3576165148693666e+53
25287,4,176,2.0582541864646906,0.46221288240748165,9.081237813063238e+30,1.1793815341640568e+29
25288,1,360,1.8788780274403931,0.26439726644531214,2.2283018549518735e+48,2.893898512924511e+46
25288,2,508,0.5713384913633688,0.05251434326014641,2.5012603208678435e+144,3.2483900271010953e+142
25288,3,760,1.319048330209801,0.22562343642982008,1.5276428272760063e+79,1.9839517237350731e+77
25288,4,417,1.0702651417517741,0.16508955590998484,9.159472787746971e+73,1.1895419204866195e+72
25289,1,57,1.0613159226699536,0.18665215989026418,1.4080465731042002e+60,1.828631913122338e+58
25289,2,86,3789.55892232697,21122898.60989761,175.86021332465742,2.2838988743462
25289,3,101,2.937008611861431,1.5076530963990487,7919441.935219851,102849.89526259547
25289,4,50,0.49494191264909626,0.07323477134436156,1.0764886707398523e+122,1.398037234727081e+120
25290,1,52,0.47709334983003193,0.07138427242524141,2.1404833392111925e+150,2.779848492482068e+148
25290,2,74,1.2694740333994106,0.9630249035511007,1807230402136856.2,23470524703076.055
25290,3,97,2.9748399491216677,1.2097886800923952,758950.6399404057,9856.501817407867
25290,4,57,80.67615367722765,152.68207368119388,61.763251589469974,0.8021201505125971
25293,1,114,2.0786580387025593,0.2658892699108094,1.5835995006833073e+44,2.0566227281601393e+42
25293,2,147,3044.0540640219097,10959660.428956788,106.25204382724633,1.379896673081121
25293,3,172,6537.099642810892,44762211.81295819,112.73677436996252,1.464113952856656
25293,4,77,0.9412835093165054,0.9792438660948634,8.008935346894737e+22,1.0401214736226931e+21
25295,1,277,1.883167452718549,0.38570047261979346,2.2654563419404498e+61,2.9421510934291554e+59
25295,2,363,0.7457101402660388,0.09718133495994785,1.106904921183545e+121,1.4375388586799286e+119
25295,3,609,0.9693124236256051,0.15459436230632861,6.024425329329368e+133,7.82392899912905e+131
25295,4,279,1.2165112523444126,0.2033721233412234,3.4842720674652824e+133,4.525028659045821e+131
25296,1,200,1.1366084117992032,1.171737903835701,2.114543754903462e+18,2.7461607206538468e+16
25296,2,313,2004.0702057439066,7770844.21598417,502800.70484447235,6529.879283694446
25296,3,529,1341.541058322926,4993042.798874409,397861.2216855145,5167.0288530586295
25296,4,275,1.1301668060652112,0.12823858589966572,2.4316539947454995e+101,3.157992200968181e+99
25298,1,230,0.930939397096986,0.12687496486747807,1.6653938457866565e+86,2.162849150372281e+84
25298,2,388,5123.527364270673,48122466.17046541,798.6003182596648,10.371432704670973
25298,3,566,4788.064910166768,13845457.097744832,177.2969739470581,2.3025581032085465
25298,4,275,4.168698999545183,1.3394271391467902,2.1054583251923207e+24,2.7343614612887283e+22
25299,1,53,270.0457795428854,124956.99852309246,17524756.84932104,227594.24479637717
25299,2,106,6538.8183310026025,42934560.949661106,88.1256651084958,1.1444891572531921
25299,3,174,5714.304841469445,19824580.872863904,72.26970418137131,0.938567586771056
25299,4,79,2.791527558409165,1.8635254982166105,36630965.31026716,475726.8222112618
25300,1,296,1.871796240999894,0.2683899219542869,1.2777222150109147e+64,1.659379500014175e+62
25300,2,409,0.7658192656558102,0.09508016217498781,1.3255434040395612e+114,1.7214849403111185e+112
25300,3,643,4998.697640388733,27045578.288511984,273.6514742892046,3.5539152505091507
25300,4,312,2142.494059242353,10505698.698895847,10384.203372359078,134.8597840566114
25301,1,183,1066.5602108645223,2268290.0538406516,564975.7648213289,7337.347595082194
25301,2,285,2764.9777509226105,24983957.471977457,22770.76123668947,295.72417190505803
25301,3,448,5990.819394688961,18997140.038808838,164.38990193284042,2.1349337913355897
25301,4,211,3215.261986099904,18244443.534559157,909.8257776601329,11.815919190391336
25305,2,51,1.5086956832725604,1.075320720251169,99333949577.2991,1290051293.2116766
25305,3,73,2.9640278516084444,1.1596355442868542,147599.63120872498,1916.8783273860388
25309,1,189,1.8521718680742332,0.1891239380088181,1.4283100617980055e+55,1.8549481322052019e+53
25309,2,258,0.9522608432615431,0.12394598176358312,9.226743348469806e+107,1.1982783569441308e+106
25309,3,438,1.1460227141160408,0.18115742121090092,1.7291359344332056e+136,2.2456310836794877e+134
25309,4,230,0.5580234938292078,0.08800575854796552,2.3773227581263262e+138,3.0874321534108134e+136
25310,2,80,0.4885969017334461,0.08033146725269805,4.3545857844796654e+141,5.655306213609955e+139
25310,3,142,0.52453548439597,0.10050842174441244,1.5440135823401526e+104,2.0052124445976007e+102
25311,1,113,0.989483199535042,0.08359371277304393,1.3970155514407126e+74,1.8143059109619644e+72
25311,2,168,7756.17007855657,66870782.41631023,85.68739295968899,1.1128232851907662
25311,3,288,0.5796743633235857,0.08907770519309725,2.2176719594681862e+122,2.8800934538547874e+120
25311,4,154,1937.5607547079087,9947976.576665686,5415.460875451861,70.33066072015404
25312,2,59,1.910256035200534,0.7061836576424322,5735347307.680764,74485029.96988006
25312,3,103,67.57061127233972,61.350883755256525,52.37288819875762,0.6801673792046444
25313,2,63,6926.904258783267,56900423.93054562,68.54440719610432,0.8901871064429132
25313,3,79,3977.8557129365668,8072413.005522006,103.09959859074525,1.3389558258538343
25313,4,53,110.67082808718298,254.60649604205017,73.44779646844354,0.9538674866031629
25314,1,84,1.8781212268812877,0.34238274937610796,2.5967742787417594e+48,3.372434128236051e+46
25314,2,102,1.8058665778144574,1.5622825164165306,3493586955.332904,45371259.16016758
25314,3,194,3.241255753583966,3.1639959372472433,10296438.460133316,133719.98000173137
25314,4,82,1.1165589680062253,0.21434853094710146,1.123351671270491e+49,1.458898274377261e+47
25315,1,228,2.0890691997801545,0.30678440572838134,1.0549774787803683e+62,1.370100621792686e+60
25315,2,287,1.5335171872529993,0.24509841089695397,3.32247576492353e+80,4.314903590809779e+78
25315,3,431,1179.0408893132453,2977014.392584881,17722.329383975168,230.16012186980737
25315,4,212,1.0675277635419187,0.16222932708920856,4.987352039756745e+104,6.477080571112656e+102
25316,1,54,596.1270209244341,501955.1914934733,1627126.6119515211,21131.514440928844
25316,2,54,1516.4757963723046,5936023.59731223,44021.84640159049,571.7122909297466
25316,3,90,7165.115530888897,51888050.932752915,80.81496612407656,1.0495450145983969
25317,1,117,3.674901221662278,5.6081468083318216,316400329.3996219,4109095.187008077
25317,2,155,1.0521575721806011,0.1588985091720603,4.78130399597608e+84,6.209485709059845e+82
25317,3,170,6198.938693239296,47377623.73270714,71.82455230531637,0.9327863935755373
25317,4,106,562.4009494065815,511901.368093921,471229.33365667536,6119.861476060719
25318,1,96,1.3250651216793148,0.3005100728359877,7.314355489965527e+61,9.499162973981203e+59
25318,2,121,1.541698652046597,0.6282180609183811,5098864757469.421,66219022824.27819
25318,3,138,3993.997475751213,6968513.732135709,96.74149639118221,1.2563830700153533
25318,4,72,251.63486454754073,2225.81657456731,71.94843944637513,0.9343953174853913
25319,1,95,1.0027042820359662,0.1405593309859719,8.782391644850396e+83,1.1405703434870645e+82
25319,2,120,1.9035988253358447,1.305520915216281,2104882315.6723337,27336133.96977057
25319,3,144,2122.1835956528316,938440.1502933778,81.26826420913477,1.055432002716036
25319,4,92,2689.8545951597057,1709481.012303603,84.99243411764306,1.1037978456836761
25321,2,61,4112.496960307753,17042664.765714005,93.1871461288725,1.2102226769983442
25321,3,71,5.123606192201989,1.6756228498907502,1587.5940793711925,20.618104926898603
25321,4,54,6185.472369382245,26038765.159017995,73.8187154013847,0.9586846156023986
25322,3,52,2.3463641228533096,0.7383488682164479,2041997.3461162944,26519.44605345837
25328,1,98,0.48128564224105386,0.051504629730741346,2.350917545154698e+152,3.0531396690320755e+150
25328,2,134,6439.58280162219,75216158.58403878,227.85911989512033,2.959209349287277
25328,3,159,1.766038354288135,1.330757502363214,54938191378.39928,713483004.9142764
25328,4,102,6671.913478688928,33511261.512041144,111.20910520717248,1.4442740935996428
25329,1,135,2.031103609631296,0.39278625108837606,1.1041771549311348e+49,1.4339963051053699e+47
25329,2,159,1558.0648722075555,7315078.774183455,115634.34268741011,1501.7447102261053
25329,3,158,52.91368859779289,32.80547397447222,62.90486534199027,0.8169463031427309
25329,4,115,6071.526519885185,19080822.60054414,91.51255065121543,1.1884746837820186
25330,1,112,0.8541750027733461,0.14932279659411496,6.977374450916947e+127,9.061525260931101e+125
25330,2,119,1.2810381772735007,0.2869468747279919,3.2863397962211896e+118,4.26797376132622e+116
25330,3,157,5187.133928385183,11631319.368275778,101.3816350369282,1.3166446108691974
25330,4,77,1.3438624484838042,0.5438274424064625,2.6868055900845526e+17,3489357909200717.5
25331,1,379,1.16829466890675,0.12789082404410318,3.360603469810462e+91,4.364420090662938e+89
25331,2,440,2442.8733677143414,19605693.17905149,6662.228028083096,86.5224419231571
25331,3,504,2680.273798638765,1398170.701987108,207.83574666822616,2.699165541145794
25331,4,259,1392.8481998282505,5421838.2445783345,34002.17058331087,441.58663095208925
25336,1,71,0.9493475397942103,0.15338376523297056,7.167203081904265e+89,9.30805595052502e+87
25336,2,86,67.12350142271701,70.19495859954107,65.22694597698003,0.8471031945062342
25336,3,116,67.8824743486226,72.05623919553403,90.56531772573284,1.1761729574770499
25337,2,53,4710.412730677203,14977909.957859553,73.97894704733778,0.9607655460693219
25337,3,55,3.6484599345442694,1.111605750670156,13891.298943636173,180.40647978748277
25338,3,63,2.3740560276068745,0.7581970189100594,1318742.7421421886,17126.529118729723
25340,1,69,2.2095451324107405,2.2973273003325496,4762812569657072.0,61854708696845.09
25340,2,118,3.237484997664154,1.5831633865695076,4887936.219234206,63479.69115888579
25340,3,119,3.1102254656855908,0.9172153271763703,308274.6993314288,4003.5675237847895
25340,4,81,33.77955016694247,15.94107490144643,76.53267120932699,0.9939307949263245
25341,2,62,2.3208544135268823,1.0854002597028145,13286684.930141926,172554.34974210293
25341,3,73,4.445246475853937,1.3801832366573277,7891.129683742605,102.4822036849689
25341,4,50,0.9487661761319489,0.35779584327849556,1.1574022241965389e+24,1.5031197716838166e+22
25342,1,67,6910.422669910562,37456370.3831392,90.43921841665006,1.1745353041123385
25342,2,99,49.69770661330004,38.32039603845994,73.54403971329666,0.9551173988739825
25342,3,117,3.0495857234679375,0.8294585073918505,280889.16577313683,3647.911243806972
25342,4,51,5.08514355048937,1.934957924554703,38859.48746747125,504.6686684087175
25343,1,55,2.0144117397143257,0.5165915722494262,1.120152866347879e+51,1.4547439822699727e+49
25343,2,68,53.82185458829606,44.20678869566811,67.09356008607462,0.8713449361827872
25343,3,85,3.6898800683238564,1.0384657091864817,665616.1430888346,8644.36549466019
25344,1,82,2.227900470118428,0.6888608250262077,1.5437365743176526e+46,2.0048526939190295e+44
25344,2,123,1644.2962886774628,8483200.618395645,17213.623746987345,223.55355515567982
25344,3,165,4991.223740111659,10383158.004736139,79.16074527803754,1.0280616269875005
25344,4,86,0.5962391611076107,0.12431834793820161,3.005076232191572e+149,3.9026964054436e+147
25345,1,62,1.700484227177502,0.2134583263350274,2.4062607661691498e+55,3.125013982037857e+53
25345,2,79,0.9120936028862209,0.46573616978438537,1.0574504725687242e+20,1.373312302037304e+18
25345,3,82,157.98128260235504,569.5202664635774,71.90634616718538,0.933848651521888
25345,4,73,1.9092697489737758,0.8050200882308389,4.055745727918383e+36,5.267202244049848e+34
25356,1,65,5.754169938142407,4.165604144055561,3037921044528044.5,39453520058805.77
25356,2,110,0.6275845403048448,0.08037354140620677,1.6160092599171776e+117,2.098713324567763e+115
25356,3,208,2628.004641649543,11902479.985903094,1024.1804346351685,13.301044605651539
25356,4,97,1815.3619089158435,5572469.108103432,4117.64950546671,53.47596760346377
25357,1,91,1.4023683209544917,0.19689117156617106,5.584797193075826e+49,7.2529833676309426e+47
25357,2,125,0.8259521543135588,0.10162063006801189,2.2996299959938494e+97,2.986532462329675e+95
25357,3,212,0.6660020955781405,0.08014789631744196,2.7317504991404597e+139,3.547727920961636e+137
25357,4,97,1.3114504760613865,0.24366475344314611,2.441413570812284e+64,3.1706669750808883e+62
25358,1,204,0.49826523256265814,0.053016194869148575,1.7878564360513403e+135,2.321891475391351e+133
25358,2,281,0.6790942726485862,0.07175656748381823,1.3653425721270663e+102,1.7731721715935927e+100
25358,3,531,1.061277408884954,0.12285462056566104,1.0769032173915507e+113,1.398575607002014e+111
25358,4,236,0.5018433440876324,0.05069692768923603,1.1490080915042578e+142,1.4922183006548803e+140
25360,3,55,0.45899824092827973,0.16728990407042604,1.3711600116439344e+154,1.7807272878492654e+152
25363,1,170,1.1960941386364108,0.07997876035841621,9.094286308073164e+84,1.1810761439056058e+83
25363,2,223,0.9407876704357174,0.9872058479824519,3.413091832862772e+18,4.432586795925678e+16
25363,3,493,1.162912121258878,0.14659551296917023,7.448478655798304e+104,9.673348903634162e+102
25363,4,209,1.2871877522159219,0.20070821096808403,4.535599958645654e+71,5.890389556682668e+69
25364,1,186,0.7361976075288188,0.08396345968227248,1.2224484019473555e+95,1.587595327204358e+93
25364,2,302,0.9655487372481892,0.08737774464712515,6.93390577415344e+116,9.005072433965507e+114
25364,3,586,1.2857717149018102,0.19213236823362473,1.301724207237175e+98,1.6905509184898376e+96
25364,4,283,0.861910205353218,0.0805669348547628,3.0009947553222038e+103,3.897395786132732e+101
25365,1,50,1.0760428122499217,1.8948606468226885,4.6541805726610054e+21,6.0443903541052015e+19
25365,2,73,4144.300983417592,29263047.347579513,108.35162466518855,1.4071639566907603
25365,3,136,2.1140663621062066,1.3264225787667598,238366029.45653352,3095662.7202147213
25365,4,52,2422.57786573777,19686904.542105965,2575.1492575002535,33.44349685065264
25366,3,62,5487.48777129158,43801773.50042487,70.90270943312086,0.9208144082223488
25371,1,85,0.9421659447672406,0.09885927190834208,1.6552369777111786e+99,2.14965841261192e+97
25371,2,133,0.9175072540569424,0.09237847102166537,1.0337910513920863e+106,1.3425857810286835e+104
25371,3,285,2842.8939188244694,27987758.66051716,8499.947966028263,110.38893462374368
25371,4,121,6405.273339418205,80295635.68389902,162.90386220076044,2.11563457403585
25372,1,120,3.1409580360791027,1.0534881088371588,1.4624752583162736e+23,1.8993185172938618e+21
25372,2,192,1762.8527706275586,9198597.104784768,16030.970860654346,208.19442676174475
25372,3,366,1673.6757046148648,7926795.280337612,366926.682039823,4765.281584932766
25372,4,171,0.7962049158881528,0.1202531460996181,1.1590856357456088e+88,1.5053060204488427e+86
25374,1,122,0.5597654180625402,0.09899473409767567,9.046173613082785e+134,1.1748277419588033e+133
25374,2,165,0.6469381764181057,0.08118106995641151,1.382810085989614e+133,1.7958572545319663e+131
25374,3,301,3.4369261147593133,1.3210733513974877,942078.1534676317,12234.781213865346
25374,4,153,8388.097268379928,73231584.05233121,123.69917965907493,1.6064828527152588
25375,1,87,0.48641044466549677,0.053998744046285845,3.2491235088848662e+127,4.2196409206296966e+125
25375,2,118,2960.196059288507,20313810.186467715,651.11107510999,8.455987988441429
25375,3,210,4.8580712144943075,2.5930390626269437,55207.16552594774,716.976175661659
25375,4,98,0.9780670839385381,0.5026410951203244,1.2665437196399214e+23,1.6448619735583396e+21
25376,1,77,2.642499529506621,1.133440087894134,2.6506238784054455e+34,3.442368673253825e+32
25376,2,114,6297.858735260733,30980426.82322791,62.57047860739614,0.812603618277872
25376,3,187,1619.3666141093654,7395771.97164125,12003.156151820745,155.88514482884085
25376,4,103,7482.429257838524,37603738.92168332,68.59207426944297,0.8908061593434152
25379,1,217,0.4760370964526606,0.041814726322449654,7.709474918178592e+139,1.0012305088543626e+138
25379,2,333,0.5266390707912518,0.05303410985026998,2.802209289160667e+144,3.639232843065801e+142
25379,3,682,0.9403954646545414,0.0758765939504621,3.6460346683543954e+101,4.735109958901812e+99
25379,4,319,0.6109643309479798,0.06504928843157268,6.834860822966972e+161,8.876442627229834e+159
25380,1,79,0.8324121742780208,0.07694077937857623,7.800868977382949e+68,1.0130998671925908e+67
25380,2,135,0.8125342595587729,0.12824284815306877,2.325544432968476e+100,3.020187575283735e+98
25380,3,250,0.9509498288172042,0.14110106338883494,1.3230375024841568e+94,1.7182305227066973e+92
25380,4,105,0.535083471535262,0.07015965773001126,1.5958760820303035e+139,2.0725663402990956e+137
25381,1,106,0.48119993547967743,0.04643831222303289,1.0855169307090903e+147,1.409762247674143e+145
25381,2,163,1.0979428986836517,0.17908004887817122,4.70469226650846e+121,6.109989956504493e+119
25381,3,269,0.7288863730392316,0.1045823103876709,2.502486498443316e+91,3.2499824655108e+89
25381,4,130,1.132547909086534,0.20137926193041114,4.9606458256556876e+64,6.442397176176218e+62
25382,3,58,5271.244575499013,23370948.315311432,67.31925049256046,0.874275980422863
25383,3,58,29.558478536765605,16.25776859913294,41.19639629791888,0.5350181337392063
25385,3,59,0.8977934759491345,0.6251338228477754,7.811999123313083e+18,1.0145453406900109e+17
25386,3,61,0.5755026717182745,0.08090781446729685,4.302731393194914e+106,5.5879628483050834e+104
25387,2,55,1.794136146072974,3.283803922920535,2260880779.302395,29362088.042888246
25387,3,137,0.8529856351719173,0.11465716598320098,1.930502283687823e+81,2.5071458229711985e+79
25387,4,68,0.49665492889363,0.06416065325394933,6.930352050211749e+125,9.000457208067205e+123
25423,1,556,5.531838109902842,0.46727723955665024,345.537933014994,4.487505623571351
25423,2,1597,5.686886460527027,0.2569876560141155,488.9991334333283,6.3506380965367315
25423,3,1245,4.215814676518658,0.21414956907358393,482.32178581841214,6.263919296343015
25423,4,664,6.398128713488286,0.5624370555129419,156.7573114906524,2.035809240138343
25424,1,480,5.422093864484811,0.5439749347678654,4759.000758124637,61.805204650969316
25424,2,1422,5.771126258874243,0.23912967174237637,93.7867136859135,1.2180092686482273
25424,3,1121,4.091310473450122,0.18646398555215352,359.34797517931224,4.6668568205105485
25424,4,599,6.753255820689267,0.554995006492779,103.93619689096522,1.3498207388437042
25425,1,521,6.608326072521687,0.5340319103881267,146.26839298487283,1.8995895192840628
25425,2,1548,5.922925669590955,0.3779866982615802,177.184260441485,2.3010942914478574
25425,3,1161,4.486226381958016,0.2620411308846321,284.77479453836156,3.6983739550436567
25425,4,650,6.7479596187716835,0.6592449776081286,97.37120433774177,1.2645610952953477
25426,1,439,5.914306011443377,0.4356087990177451,528.2965277316551,6.860993866644872
25426,2,1405,5.0388587087869965,0.2644505374764222,276.23879841341517,3.5875168625118854
25426,3,1118,4.7842463310792,0.19118756395026182,134.8518010439834,1.7513220914803038
25426,4,634,6.624490056224896,0.5736931718115585,104.79771286568077,1.3610092579958541
25427,1,529,6.394874830844234,0.4318428577389474,973.2011663066702,12.638976185800912
25427,2,1523,4.936044580300044,0.2000919126701824,161.27034979648624,2.094420127227094
25427,3,1129,4.10936717007146,0.1933339260890463,414.35759195889295,5.381267428037571
25427,4,627,6.921795836628534,0.7638500325141433,117.57525654348467,1.526951383681619
25428,1,2060,5.665922455766926,0.2535987286025205,641.1149245822284,8.326167851717251
25428,2,6116,5.5405516413373626,0.19157423179737298,215.86086503910175,2.803387857650672
25428,3,4512,4.286951302883875,0.10853882851050589,499.19887362475566,6.483102254866957
25428,4,2500,6.459388016254192,0.45015554105162964,166.46759714237982,2.1619168460049325
25429,1,171,5.846749238951602,0.6621658927397552,42.19768213314967,0.5480218458850606
25429,2,515,5.6754130069975615,0.4415759814370037,50.57701744171137,0.656844382359888
25429,3,360,4.997888349206441,0.36502042279046143,77.15470060706727,1.0020090987930814
25429,4,196,6.404153191058264,1.0439979917886322,117.35202074566632,1.524052217476186
25430,1,164,6.2897458599054135,0.7794073347090815,42.37052967240132,0.5502666191220951
25430,2,498,4.644400080029192,0.3383567281184288,412.13300796414296,5.3523767268070515
25430,3,348,4.043505580492284,0.36834521571498596,224.88395112484798,2.9205707938291945
25430,4,205,5.877143360229241,0.79194620895524,135.74590464433524,1.7629338265498082
25432,1,172,6.168141528557371,0.8290674275163576,471.0423795988558,6.117433501283841
25432,2,530,5.5189484882130255,0.3500872073655323,248.90182832282318,3.2324912769197813
25432,3,414,3.9842975471663427,0.2899607311717256,439.45139222692,5.707160938011948
25432,4,210,5.54252935747064,0.6465900934049017,154.64078925404633,2.008321938364238
25433,1,126,4.619771202615096,0.646315681549275,144884.72242190098,1881.6197717129996
25433,2,408,5.6085564966960675,0.4653266401729271,196.3088710824038,2.5494658582130367
25433,3,340,4.664417039835899,0.348299974381627,44.994895405209775,0.5843492909767504
25433,4,165,7.9951242542645735,1.233252932517229,81.97664682436161,1.064631776939761
25434,1,1238,6.121357646917811,0.32983930044871934,469.8768985924283,6.10229738431725
25434,2,3564,5.852161758555261,0.27586449181193895,342.4786139740709,4.447774207455467
25434,3,2663,4.5765357238267805,0.12977336181782986,654.1683598297653,8.495692984802147
25434,4,1407,6.328189352932899,0.40990030012280776,285.5645788203081,3.708630893770235
25435,1,1297,6.149018793151018,0.28746792526063303,411.79032555585263,5.347926305920164
25435,2,3805,6.0456347680613085,0.24827281807163037,253.46632979676528,3.2917705168411073
25435,3,2725,4.387101673086728,0.1392513565746009,847.9281121121592,11.012053404054015
25435,4,1334,5.706338655172958,0.4398074868479847,349.25722225565625,4.535808081242289
25436,1,1509,5.125137985619138,0.2652122759328978,817.0965819186812,10.611643921021834
25436,2,4002,5.829411074086256,0.22245765152483007,929.5411336326715,12.071962774450279
25436,3,3013,4.636649334939123,0.15253347415744692,698.3250849150129,9.069156946948219
25436,4,1495,6.606565400761153,0.4682593847480818,223.64277851937587,2.9044516690828033
25437,1,4844,4.788860625520174,0.12641337466613708,2781.153745584726,36.11887981278865
25437,2,12788,5.7148401290315824,0.1758443868331927,1061.5181689272426,13.785950245808346
25437,3,8927,4.325816312674094,0.07513573040182298,33191.04299522214,431.0525064314563
25437,4,4537,7.331066552823525,0.40847472710875754,353.49335912257226,4.590822845747692
25438,1,448,4.6353834415046675,0.3015238679199227,2186.6818308667666,28.398465335932034
25438,2,1289,6.110827448021624,0.33622619688629696,100.25475978185118,1.3020098672967686
25438,3,914,4.12756877514292,0.2058434111738363,798.4096947487366,10.368957074658917
25438,4,469,6.576619262689366,0.593667276406832,82.18424529637664,1.0673278609919046
25439,1,335,4.4740618147001925,0.3942663769309064,15299.01897288648,198.68855808943482
25439,2,1116,5.365100102113752,0.3545394320251231,408.13257528978943,5.300423055711551
25439,3,779,5.449439493051483,0.3585230881915444,194.98742263322413,2.532304190041872
25439,4,421,7.0105699629500515,0.5514598656613868,36.88839492533735,0.4790700639654201
25440,1,298,4.12874402462467,0.5067438867294947,192991.37650452112,2506.3815130457288
25440,2,892,5.427306515695579,0.27486537362585983,110.79770952547398,1.438931292538623
25440,3,681,4.045919390950103,0.2859285127025861,738.2204467896474,9.58727852973568
25440,4,347,6.451991726421155,0.5900698600038445,151.58531087300372,1.9686404009481002
25441,1,466,5.037863421877367,0.4620669335510941,6217.21685126143,80.74307599040819
25441,2,1341,6.1302421129216365,0.3359297575836985,83.41093457580592,1.0832588905948821
25441,3,998,4.197111894927556,0.16377118540682178,239.14324377701882,3.105756412688556
25441,4,487,7.106194356198272,0.8324905476252584,100.74639349885928,1.3083947207644062
25442,1,1501,5.409223322692711,0.2740758998206398,3245.5356419872933,42.14981353230251
25442,2,4108,6.476638575880573,0.2592799729381159,183.80119846618678,2.3870285515089193
25442,3,3111,4.329961767623875,0.12127588378293559,1315.7693504414294,17.087913642096485
25442,4,1553,6.348415427258058,0.4011041059226608,117.33434328489244,1.5238226400635382
25443,1,3860,6.048307311773535,0.22386733284329274,910.6098921751748,11.826102495781491
25443,2,11162,5.844578657098306,0.19986470921304347,2379.949764551448,30.908438500668154
25443,3,8419,4.543400747418085,0.11910839398807624,15285.899010006833,198.5181689611277
25443,4,3726,7.180126743484052,0.435891553512011,1134.863375620919,14.738485397674273
25444,1,3481,4.650996488414124,0.1251896481315637,5614.1116556576035,72.91054098256627
25444,2,9556,5.848251680391384,0.17049017709990227,1074.9278947388527,13.960102529076009
25444,3,7113,4.6025454350777,0.09811634348578853,9412.833501135792,122.24459092384146
25444,4,3106,7.306564822245586,0.4830088311511009,696.0524254000472,9.039641888312302
25445,1,4071,4.591088714819176,0.06891082777111034,141267424.866418,1834641.881382052
25445,2,9836,6.198587146706897,0.22592694688573037,653.4062892438724,8.485795964206135
25445,3,7318,4.59111327382795,0.1055128275111157,5798.653363674588,75.30718654122842
25445,4,3021,6.793887014833652,0.37843124225790825,1093.3041663034487,14.198755406538295
25446,1,1509,3.6110109663710634,0.07751170418601887,47.73179906064368,0.6198934942940738
25446,2,3676,5.799957690558783,0.19865063562557422,222.06056751702081,2.8839034742470235
25446,3,2498,4.661293147139593,0.16799771633435337,1273.6216354809235,16.540540720531475
25446,4,1132,6.325261115378599,0.4447324769342454,617.3549201877986,8.017596366075306
25447,1,902,3.5036039515404007,0.1622460457183751,49.91526985867823,0.6482502579049121
25447,2,2156,5.670514566786518,0.223495814547661,5342.725518921757,69.38604570028255
25447,3,1489,4.870548675632254,0.18663831453953897,436.65217931914907,5.670807523625313
25447,4,636,6.480484560242974,0.6986826681972437,197.84086203145773,2.569361844564386
25448,1,2359,3.4150390287848715,0.1002145817446511,74.42289456687074,0.9665310982710485
25448,2,5553,5.84874763280529,0.22578154622852076,1344.0794558623475,17.455577348861656
25448,3,3828,4.909628588631144,0.16960091271216193,12996.755429958932,168.7890315579082
25448,4,1683,7.106715631725319,0.48802638590460373,262.3872404876882,3.4076264998401062
25449,1,2751,3.611923484089241,0.08425783753512105,13722582172.030245,178215352.88350967
25449,2,6242,6.281623611754758,0.19449733663258464,1877.2734705442626,24.38017494213328
25449,3,4383,4.735175702131879,0.15493773871010277,714.4787831390133,9.278945235571602
25449,4,1877,6.760358680968547,0.40332360834471415,357.81043912382387,4.64688881978992
25450,1,2208,3.634169051783987,0.09569130351393085,4132175897722.814,53664622048.348236
25450,2,5064,6.003439406712616,0.19946875999771096,357.4297949972734,4.641945389574979
25450,3,3624,4.417223602639821,0.12194990167225069,7298.937496920153,94.79139606389809
25450,4,1541,6.948155082705478,0.5256983943673611,265.52658200028213,3.4483971688348327
25451,1,1097,3.6499787025299506,0.11219804037628894,225567.17622685953,2929.4438471020717
25451,2,2549,5.676757340593135,0.25791647713682847,197.39654897200168,2.563591545090931
25451,3,1678,4.822323021054367,0.16031550088168275,320.6823758118286,4.164706179374397
25451,4,731,6.116570956896896,0.46583024490439795,457.4846509543175,5.941359103302824
25452,1,1068,3.0517757566084063,0.13501594763898375,90.04277060845595,1.1693866312786487
25452,2,2581,5.803222954286633,0.19551714724015135,272.36567388556205,3.5372165439683383
25452,3,1721,4.375204273745031,0.19627454650542034,499.54954276695725,6.487656399570874
25452,4,812,7.3244459168026514,0.5134415927182455,106.68945069795737,1.385577281791654
25453,1,1553,3.6867686773287347,0.10779813448037898,1024246811.0774174,13301906.637369057
25453,2,3666,5.7976045622250885,0.22353889514423747,223.8436887415375,2.90706089274724
25453,3,2590,4.751620573964352,0.15496524187225239,251.96850325487566,3.272318224089294
25453,4,1114,7.669930230155906,0.5642845130430453,190.78955686526672,2.4777864527956717
25455,1,1907,4.457053602861735,0.1398971757816366,206.1476088266637,2.6772416730735547
25455,2,5051,6.009018170277699,0.22196699965022162,344.60708720525923,4.475416716951418
25455,3,3369,4.549911078795446,0.16779899143768148,1457.6386067806568,18.930371516631908
25455,4,1535,6.335761765429159,0.41496513851257044,304.6424869426451,3.9563959343200663
25457,1,3575,3.5347512250176036,0.04905742054309688,10304.706011557262,133.82735079944496
25457,2,7941,5.840266603513766,0.19208302867473706,1853.368531796945,24.069721192168117
25457,3,5052,4.683021013180342,0.12323899877941313,2692.4993499089233,34.96752402479121
25457,4,2313,7.068472450775269,0.4587284589813043,402.8663095800059,5.232029994545531
25459,1,2629,3.4443310931772286,0.07172875000881641,138.54350393667312,1.7992662848918586
25459,2,6434,5.623651872177052,0.20626960519698742,476.09737894913997,6.183082843495324
25459,3,4645,4.3297576702781875,0.12154855869361512,1894.502417807668,24.60392750399569
25459,4,2020,7.150418494725196,0.3883847344434578,148.01178082025368,1.9222309197435543
25462,1,2335,3.4891233696044095,0.08487847079190124,3715.303753218619,48.2506980937483
25462,2,4954,5.746834510350695,0.20633845786267718,496.4243744285645,6.4470697977735645
25462,3,3173,4.552632551212422,0.15811973437178908,309.71157703144746,4.022228273135681
25462,4,1574,6.595632301551562,0.43249606877807195,118.75462092915647,1.5422678042747593
25463,1,1070,3.7010745474837634,0.10751871255502667,83.88691253834669,1.089440422575931
25463,2,2304,5.110287195215436,0.22412814496019015,631.263033500775,8.19822121429578
25463,3,1483,4.649789414247292,0.18037756935921603,100.17749618945419,1.3010064440188855
25463,4,810,6.64569106473866,0.4857223543589031,113.65322666195965,1.4760159306748006
25465,1,62,0.9739061907803591,1.210381569879946,2.8256744848927893e+27,3.6697071232373888e+25
25465,2,83,0.9058149609150248,1.0594502339851726,4.691921523398146e+19,6.093404575841747e+17
25465,3,199,1.4740926570971729,0.2831082221483264,1.694395314062612e+79,2.2005133948865093e+77
25465,4,83,0.49254638543373397,0.05309393259853026,7.435469704725053e+143,9.656454161980589e+141
25466,1,67,4548.026857651683,17985898.416495632,57.55752213897047,0.747500287519097
25466,2,96,3122.4834942531706,18506632.50479888,325.18534415668614,4.22318628774917
25466,3,171,2.9339106814212927,1.447668071603605,25629290.842860192,332847.93302415835
25466,4,92,2.5540189185428055,2.8716113307258815,1513259606.7707229,19652722.165853545
25467,1,252,1.1505792192005453,0.1061277668836921,3.1197652728992647e+91,4.0516432115574865e+89
25467,2,348,0.6171531131637004,0.07298205128085175,3.100313539641891e+132,4.026381220314144e+130
25467,3,626,0.9630893549924263,0.11518767887945763,2.486641447438953e+131,3.229404477193446e+129
25467,4,287,0.5448595847669767,0.06252316486574079,8.509810640438597e+133,1.1051702130439737e+132
25468,1,211,1.027258652396265,0.12088615006624352,2.982939826209658e+62,3.873947826246309e+60
25468,2,355,1981.772754311613,11363538.320544316,9709.126219342721,126.09254830315223
25468,3,535,7768.900042094981,61630000.99536243,144.96345560287108,1.8826422805567673
25468,4,263,1.4502234470379678,0.21770799745769737,4.182346666577882e+64,5.431619047503743e+62
25469,1,75,0.4845614915942369,0.043691561640582716,7.123286772054828e+149,9.251021781889387e+147
25469,2,118,6866.953501143328,45909897.40637792,141.67835957620133,1.8399786957948225
25469,3,174,3.0631469060625265,0.7010259927530365,233143.86034648196,3027.8423421621033
25469,4,66,4.569064034558194,1.6535072597523996,29740.773353857592,386.24380979035834
25474,1,122,0.5018802655126456,0.05306676513081064,4.596052502702731e+144,5.96889935415939e+142
25474,2,129,1283.387636085635,2852691.9443700453,7064.889093054529,91.75180640330558
25474,3,150,4.988311877995585,1.1339544024153674,1984.9310234195857,25.77832497947514
25474,4,93,5854.476201369461,28671471.79794086,117.75302000820845,1.5292600001066032
25475,3,112,4.971805768047702,0.684111824158746,41.84943384699001,0.5434991408700002
25475,4,62,5.262663074032229,1.1746882390260383,60.29171590279918,0.7830092974389504
25476,2,249,5.2670457959791,0.5068393949122438,61.89116978428788,0.8037814257699725
25476,3,385,4.329285375886976,0.32873463067728176,38.766863920031206,0.5034657651952105
25476,4,806,6.5703045850575075,0.48782914276351197,72.09288814288507,0.936271274582923
25477,2,2189,5.488324259467268,0.26697026869173296,670.0142075815993,8.701483215345446
25477,3,273,5.130607998076857,0.6016256956098145,53.97279033780838,0.7009453290624464
25477,4,349,6.983312193397931,0.8957284807280924,71.40504878553406,0.9273382959160268
25478,2,975,5.90337189554474,0.2583810729959151,78.01428651918097,1.0131725521971555
25478,3,366,3.7114006162971322,0.3304475679812776,155.49454984799922,2.019409738285704
25478,4,567,6.65917310284691,0.6408831834776084,81.52741343447798,1.0587975770711426
25479,1,580,5.591085117404091,0.4907226398036254,306.74989749221857,3.983764902496345
25479,2,2458,5.790903229370652,0.23981464714123946,69.43641490191573,0.9017716221028016
25479,3,236,4.534178460253642,0.42509414975580223,39.47416531931463,0.5126514976534368
25479,4,163,5.902139101029453,0.8722680463727508,200.73766409323125,2.6069826505614446
25480,1,583,5.609581256178196,0.49372947889622787,84.18642331751495,1.0933301729547396
25480,2,594,6.266401885776295,0.4482422891307381,110.73184304252379,1.43807588366914
25480,3,184,4.080987906454117,0.40799972522426414,50.59956008100883,0.6571371439092056
25480,4,117,6.426763424778407,1.3676084605746595,62.42330461440319,0.810692267719522
25481,1,147,6.234600968687998,0.8631724028878064,38.75894626446316,0.5033629384995216
25481,2,250,5.970198017665252,0.7389898755122879,99.26058279497457,1.2890984778568126
25481,3,71,2.741313477084285,0.49175278184572196,67.67993719856194,0.8789602233579473
25481,4,51,4.698763529021245,1.079564761616422,81.49800285294097,1.058415621466766
25482,1,53,4.713771183801014,0.9042252045587102,30.082745533228792,0.39068500692504926
25482,2,113,6.337584748766253,1.058413157852277,53.54000288104445,0.6953247127408371
25483,1,95,4.875145499347724,0.8270314012881609,40.68020708198201,0.5283143776880781
25483,2,271,5.858803284721191,0.4651369708753427,37.14327020762556,0.48238013256656576
25483,3,64,3.258860863698964,0.5043289855494307,46.09011187718423,0.598572881521873
25484,1,2608,6.3058243031805095,0.29281262001453723,14837.996509171662,192.70125336586574
25484,2,8316,6.1527150527158705,0.17965507631499977,663.8311927297918,8.621184321166128
25484,3,6439,4.69229403310555,0.11315064021354367,3797.6396511625717,49.319995469643786
25484,4,2792,7.026316401647162,0.4624388148728469,971.4954958231779,12.616824621080232
25485,1,3977,5.082076273977819,0.16215114604027303,1358.2212353341245,17.639236822521095
25485,2,10889,5.9287348360432315,0.21343757726837373,2077.0927544228825,26.975230576920552
25485,3,8251,4.774582114511014,0.09039060550236858,3507.6458847666936,45.55384265930771
25485,4,3621,7.1945871095730904,0.42831194058912003,1212.9807301021413,15.752996494833003
25486,1,3914,4.6345290868843225,0.11038259224803319,3775185.8017169717,49028.38703528535
25486,2,10695,6.02060845304051,0.19648739320501488,1400.4980905809518,18.18828689066171
25486,3,7906,4.497270959269891,0.10812954055171506,5476.9092203091595,71.12869117284623
25486,4,3474,7.524035742236645,0.49710569387298625,841.7044964033742,10.931227226017846
25487,1,3852,3.4886275628503745,0.04848731811698814,1.7584955834015356e+16,228376049792407.22
25487,2,9268,6.0988690717514675,0.23686821955174683,1924.4555736614407,24.992929528070658
25487,3,6431,5.004620878370303,0.12170766914944173,2439.796645723464,31.685670723681348
25487,4,2812,7.7924502033301835,0.5483294557412269,454.77063985409404,5.906112205897325
25488,1,4055,3.3254447936322777,0.050882682302502924,1075377.9777576516,13965.947763086384
25488,2,9547,6.201039209077795,0.1823810693043985,2630.3242235392927,34.16005485115964
25488,3,6787,4.711147318663208,0.10773079953657026,95855.64399877215,1244.8784934905475
25488,4,2887,7.491888971887403,0.45476557807547174,1102.5808859259266,14.319232284752294
25489,1,1647,3.488107566139036,0.09739087581200168,1809434452.1220767,23499148.72885814
25489,2,4102,5.937086847321547,0.21882503013512333,561.2447554176593,7.2888929275020695
25489,3,2785,4.5579311390321395,0.11230765417150111,1063.8445017980735,13.81616236101394
25489,4,1290,7.136445883259178,0.5375679715451697,274.96776992125274,3.571009998977308
25490,1,1267,3.4207126640336574,0.07486774552405323,41.67111744185389,0.5411833434006998
25490,2,3064,6.1244217552931035,0.2630834503558781,423.6897425463983,5.502464188914264
25490,3,2083,4.439670976787589,0.16041016263252608,5987.250601204798,77.75650131434803
25490,4,933,6.9518001950679436,0.6273167828355322,329.8467332345647,4.2837238082411
25491,1,2731,3.439109245924313,0.0820356821030377,2257937.708984266,29323.866350445012
25491,2,6659,6.042949421001368,0.19509684742380629,1174.9077878118087,15.258542698854658
25491,3,4719,4.6896858972769335,0.1653352149867792,1906.7408440290508,24.762868104273387
25491,4,1931,7.645194837573801,0.4801965206962929,228.57403992819144,2.9684940250414473
25492,1,2738,3.708146435881072,0.12100876832673697,185846112521.9963,2413585876.909043
25492,2,6274,5.892973941395979,0.18328582223837983,505.9284138765454,6.5704988815135765
25492,3,4439,4.675884092928832,0.12805953805934892,1358.0735780500631,17.637319195455365
25492,4,1986,6.865644535682106,0.4234292914121216,662.1669036251211,8.599570176949625
25493,1,2551,3.5494633446067922,0.08142022943088605,370913178.7687987,4817054.269724659
25493,2,6045,5.955599006205546,0.2259598039888583,515.5868803954033,6.695933511628615
25493,3,4190,4.544875865861858,0.11793147654484176,2816.6569898041066,36.57996090654684
25493,4,1810,7.263465987155872,0.4798387618875757,275.5471340975464,3.578534209059044
25494,1,2160,3.315726232523608,0.09312017780379675,205284957024851.56,2666038402920.1504
25494,2,5008,5.901769552788741,0.19884347404384142,356.48734191614324,4.629705739170691
25494,3,3541,4.721544535685039,0.11953049818100211,1503.5010487105578,19.52598764559166
25494,4,1556,7.444996430831402,0.4501186723849323,159.66884902794868,2.0736214159473856
25495,1,2994,3.379348972443148,0.08256066253409113,56.55142720124706,0.734434119496715
25495,2,6890,5.9571511034127385,0.20051017592809225,715.9912757997295,9.298587997399084
25495,3,4820,4.873664506592362,0.12140863064804801,1831.6311207170188,23.787417152169077
25495,4,2105,7.033054906193279,0.44635243084117576,323.03269360009926,4.195229787014276
25496,1,1020,3.346147864188588,0.11134415872954365,82.67719239066967,1.0737297713073983
25496,2,2443,5.730616133724251,0.2157552116225158,3827.1791391260067,49.70362518345463
25496,3,1635,5.079492837058518,0.20431929031519164,322.11348393997974,4.183291999220516
25496,4,714,6.689568505303849,0.5860505987469815,92.04884776401897,1.1954395813508958
25497,1,1066,3.304630583040815,0.08270872613223051,66607572669.3259,865033411.2899467
25497,2,2480,5.96008444090511,0.21354263575745921,98.42972869235821,1.278308164835821
25497,3,1686,4.735555750355705,0.18465575853786625,628.035718630988,8.156308034168674
25497,4,796,6.358358773945778,0.422827424659506,409.7677479731516,5.321659064586385
25498,1,1604,3.319665714897304,0.12945375054810818,2751633636.020302,35735501.766497426
25498,2,3804,5.670849521147673,0.21355854962062454,488.0933671406365,6.338874897930344
25498,3,2638,4.442606372008921,0.1493216517107288,458.96612395732205,5.960599012432754
25498,4,1137,6.800376345743243,0.4842045932448162,361.48905232351797,4.694663017188545
25499,1,2396,3.842013646878571,0.09536297937596168,90217.75066117255,1171.6590994957476
25499,2,5988,5.80370274415966,0.20165843377528836,1721.9261433045701,22.362677185773638
25499,3,4401,4.878243887707888,0.1597232674255888,35062.10045073804,455.35195390568884
25499,4,1736,8.022597575400939,0.663322942287124,769.3565226558508,9.991643151374685
25500,1,2394,3.588663848293135,0.06869453454637382,75158780408.59595,976088057.2544929
25500,2,5623,6.274027609234379,0.2331316960494214,867.7234029274051,11.269135102953314
25500,3,4080,4.792063046760726,0.19687872078076438,8674.539419262203,112.65635609431432
25500,4,1580,7.232106286214229,0.5095193650080835,1817.398392711938,23.602576528726466
25501,1,2579,3.6959237535218787,0.10830023099660654,265.58909373982715,3.4492090096081447
25501,2,6101,5.977662743023464,0.22024559611774183,1630.104401952106,21.170187038339037
25501,3,4439,4.536400630412525,0.16596988559223977,13950.093185578055,181.17004137114355
25501,4,1738,7.2682115466930215,0.5373145959693725,1753.4008403884516,22.771439485564308
25502,1,2444,3.699151782104751,0.11204701270630944,4661567.355180966,60539.83578157098
25502,2,6233,5.721185715399021,0.23720079902367391,2834.795974026059,36.81553213020856
25502,3,4520,4.8860146220262815,0.18399806623438011,10859.843805872435,141.03693254379786
25502,4,1816,7.901476815375064,0.5626735183941725,941.6447685810136,12.229152838714462
25503,1,2542,3.4524001775636792,0.0777014398651117,37.58161293937396,0.48807289531654496
25503,2,5970,5.809085104994505,0.1991650258376224,1126.6938997301422,14.632388308183666
25503,3,4358,4.3713659428479525,0.17788571602762965,13618.529271852176,176.8640165175607
25503,4,1751,7.678401221932335,0.5924325787351822,1233.0275658779017,16.01334501140132
25504,1,934,3.301804394566552,0.08024137679851052,605934.260952636,7869.276116268
25504,2,2379,5.799899624157342,0.21514377149957986,304.93676072830544,3.960217671796175
25504,3,1583,4.2993266167848585,0.24144460511442983,2444.6782214736872,31.74906781134659
25504,4,665,6.8560437966422185,0.6327410444980642,362.9863437844267,4.71410836083671
25505,1,925,3.4768462787438277,0.13381313756108568,24.203017877712494,0.31432490750275965
25505,2,2369,6.154442217962408,0.2392002758260713,328.01436368674234,4.259926801126524
25505,3,1647,4.742365642181561,0.24093122227182673,1880.1359086358789,24.41734946280362
25505,4,656,7.363953258429785,0.7357031757982523,333.71524819799157,4.333964262311579
25506,1,2323,3.805402554774003,0.09819753721284948,51802.944177961464,672.7655088046944
25506,2,5422,6.084980917660796,0.2303428541500241,1272.750956034089,16.52923319524791
25506,3,3961,4.555121592063437,0.2072379893518712,15013.91747574572,194.98594124345092
25506,4,1535,6.8083774038728455,0.5787997925134016,1349.4696059081768,17.52557929750879
25507,1,2661,3.816101670153539,0.07687524541132221,822844183046.8743,10686288091.517847
25507,2,5924,6.058436127539888,0.1845692969057529,2314.2184569925207,30.054785155747023
25507,3,4430,4.465918813068286,0.1579084785503433,218294.50298959602,2834.993545319429
25507,4,1679,7.752056798158246,0.5196389870616068,631.5040165077797,8.2013508637374
25508,1,2329,3.9104509639635,0.08877565094671835,51285544.02353832,666046.0262797185
25508,2,5381,5.964079374034876,0.19105010638733044,1365.7828657476548,17.737439814904608
25508,3,3927,4.731613758294826,0.14308314498474647,18692.419253630018,242.75869160558466
25508,4,1485,7.893621943585345,0.4973884561360343,735.6188687573527,9.553491802043542
25509,1,2374,3.9986998910341525,0.11434545155790597,97134.40074989783,1261.4857240246472
25509,2,5312,6.001877026101395,0.1863823324895548,1280.830506424841,16.63416242110183
25509,3,3920,4.4030873589943615,0.14769083784805545,131481.58436876666,1707.5530437502164
25509,4,1453,6.916916262819133,0.5664482435142653,1879.6550188933422,24.411104141471977
25510,1,798,3.7179309878789133,0.16714033281876942,1839206884.4442396,23885803.694081035
25510,2,1979,6.228922879626258,0.26116594003211396,217.77992764795965,2.8283107486748005
25510,3,1343,4.590846183533083,0.22227597888085632,1665.6829651538317,21.632246300699112
25510,4,522,7.287681822732163,0.7449542326670787,817.2840203010434,10.614078185727836
25511,1,1462,3.9151747541494832,0.1470973943334453,36.36762271508181,0.4723067885075559
25511,2,3379,6.558117669366296,0.26079721791027166,424.0240849932157,5.506806298613191
25511,3,2591,4.6814761251924475,0.19298401586097647,3693.026335083993,47.961380975116796
25511,4,970,6.7358303638441415,0.6438187402499586,1855.1070428730034,24.092299258090954
25512,1,851,3.802680244634045,0.13452617551736723,60.16306127367224,0.7813384580996395
25512,2,2235,5.611476254246176,0.24583832224300065,10326.089659385469,134.1050605114996
25512,3,1568,4.814295997506199,0.20685425327712004,519.7961644792872,6.750599538692041
25512,4,630,7.170687529726958,0.5502632076756504,302.97918686100047,3.9347946345584477
25513,1,964,3.3474054901228296,0.17005819146038303,813748297.945847,10568159.713582428
25513,2,2228,5.319861376278877,0.22991098481237782,2301.6259552589167,29.891246172193725
25513,3,1622,5.029899695971107,0.20981126793784396,942.8390847965725,12.244663438916525
25513,4,629,7.371846898204825,0.6424740455032951,245.72929676138062,3.1912895683296183
25514,1,994,3.7977384988969782,0.12073691855356922,55.01785085394823,0.7145175435577692
25514,2,2437,6.128635056450874,0.24306358467027014,458.2223451622931,5.950939547562248
25514,3,1733,4.6852576975845315,0.2085293815389538,2177.626705546254,28.280866305795506
25514,4,674,8.094304792454862,0.778784647758993,192.3639141351972,2.4982326511064574
25515,1,291,3.674181327407146,0.2739740797362765,24.876079508588298,0.32306596764400386
25515,2,677,6.988811207176291,0.46139745794533754,98.07697892712883,1.2737269990536213
25515,3,488,4.099263788171654,0.2784784852080245,2705.409149139004,35.135183755052
25515,4,204,7.423202961545868,0.885897660608002,212.10083333406914,2.754556277065833
25516,1,1958,3.603631538354331,0.1020108381696652,65.85096395053509,0.8552073240329232
25516,2,4660,5.892703775590151,0.22563305717309345,1897.2839168078312,24.640050867634173
25516,3,3443,4.848971809175941,0.24660256945795853,8684.217875326318,112.78205032891321
25516,4,1313,6.437349510725148,0.5187660575848758,1912.4322919627496,24.83678301250324
25517,1,1746,6.608041788924836,0.4048046485300235,12816.249751355503,166.44480196565587
25517,2,5883,6.303766136528682,0.20138414247479175,1243.3924782114934,16.147954262486927
25517,3,4459,4.691281490569168,0.16341947721168468,24126.93222788664,313.33678218034595
25517,4,1823,7.6560040567616765,0.5826524871255327,1204.765205848544,15.646301374656415
25518,1,2257,5.220796604339889,0.20304558756474614,1367.3417771958461,17.75768541812787
25518,2,6738,6.199638704843437,0.15855296777837438,1360.4560804239595,17.668260784726748
25518,3,5104,4.653451238102718,0.16526306712511607,74148.54859379499,962.968163555779
25518,4,2024,7.31424022316111,0.5797004858423291,1883.1602001479964,24.456625975948004
25519,1,2253,4.399635257787148,0.0972420793824372,2006.9113907724297,26.06378429574584
25519,2,5505,5.780998812164149,0.1940322456031497,3727.7471370597223,48.41230048129509
25519,3,4017,4.608637097016961,0.19083926632508494,10066.307085616389,130.7312608521609
25519,4,1610,7.502809802294415,0.6782708876826903,1791.1293072034025,23.261419574070164
25520,1,2419,3.7352582324678116,0.1090586777313743,144.43956936566798,1.8758385631904932
25520,2,5891,5.830340386906976,0.22963653142541224,1870.835101226095,24.296559756183054
25520,3,4287,4.72531625748468,0.17609937593845537,6956.91534449177,90.34954992846454
25520,4,1637,7.212296949691869,0.5048971003435,1516.2652712007998,19.691756768841557
25532,1,2202,8.061692142463366,0.49102993821462776,529.296068439225,6.87397491479513
25532,2,6922,6.19613528714457,0.22856079952000444,1449.5595352467717,18.825448509698333
25532,3,5145,4.697178478554529,0.14789667285934502,193138.96513305983,2508.2982484812965
25532,4,2087,7.24109684603778,0.47239757900743845,1358.2506563372333,17.639618913470564
25533,1,1323,3.511609974992493,0.11499324256841802,11379369538.735538,147784019.9835784
25533,2,3119,6.094510187788203,0.26517156436573086,1271.5768670036152,16.513985285761237
25533,3,2318,4.609333674982236,0.2223146181345016,97066.29230443815,1260.601198758937
25533,4,899,6.627683623262334,0.7343836542639384,1938.8987085260626,25.180502708130682
25534,1,1775,3.8573272283093334,0.10500651059610133,11235.039134403663,145.90959914809952
25534,2,4073,6.288477464915144,0.22124147379294712,364.2556001434691,4.730592209655443
25534,3,3048,4.955340692770028,0.16485426666972217,2089.032250886639,27.13028897255375
25534,4,1165,6.879254373468689,0.4510158524055134,1000.9806686763249,12.999748943848374
25536,1,636,3.217490740362923,0.1467375134855976,419385060.6364541,5446559.229044858
25536,2,1312,5.5785864845534014,0.3341357457071512,672.753152946141,8.737053934365466
25536,3,1055,5.0281663532937,0.27857011864777587,1251.1985270186246,16.249331519722396
25536,4,375,8.566261778644915,0.9713176800286349,153.26047422590844,1.9903957691676422
25538,1,2131,6.475113364948676,0.40536449128702207,843.9261327561193,10.960079646183367
25538,2,6465,6.145770989790102,0.1950088126384226,1658.0858570895139,21.533582559604078
25538,3,4984,4.723432171190526,0.1793308734614418,9220.464010519898,119.74628585090777
25538,4,1893,6.790535494495706,0.4698182960816335,2506.8399981064936,32.556363611772646
25539,1,248,0.9627617637578719,0.055289942912715856,2.8222035039413226e+115,3.6651993557679516e+113
25539,2,387,0.7182676066682147,0.0737438605516513,7.179530511318218e+165,9.324065599114569e+163
25539,3,470,0.9165140221025472,0.09280046771747445,3.850703381276372e+131,5.000913482177106e+129
25539,4,265,1.3196407937793029,0.16486179716425478,3.2860819615375894e+79,4.2676389110877786e+77
25540,1,292,1.5301325871772407,0.1965583946367526,1.2524434642476471e+64,1.626549953568373e+62
25540,2,383,1.2609433691787986,0.11445488193183004,2.8416404645917794e+47,3.6904421618075055e+45
25540,3,528,1.7216426803666274,0.232500178792112,6.1292792712362466e+69,7.960102949657463e+67
25540,4,287,1.1896650239367148,0.10772521718258356,3.5133675999415643e+90,4.5628150648591746e+88
25541,1,261,7.543496506296024,3.751731675418207,1213855204130.8647,15764353300.40084
25541,2,342,1.6694069894481136,0.24433261859055794,1.421542750929654e+56,1.8461594167917586e+54
25541,3,478,0.6478806920888127,0.06320796989762416,4.441791556560748e+110,5.768560463065907e+108
25541,4,243,1.3055367218153242,0.14405580360648382,4.582505326034779e+66,5.951305618226985e+64
25542,1,308,1.2354210575203834,0.1409418893961535,8.551864036460302e+54,1.1106316930467923e+53
25542,2,425,0.8207252144813535,0.06231841792678985,4.184568161241878e+160,5.434504105508932e+158
25542,3,589,0.9426723619164245,0.09565385157262396,3.413515985893728e+90,4.4331376440178286e+88
25542,4,323,0.9645012223631722,0.06309984259007767,1.9415798364571005e+68,2.5215322551390914e+66
25543,1,281,1.152211267956527,0.13530893637589456,2.7653776544683234e+76,3.591399551257563e+74
25543,2,407,0.905171985414042,0.09099395581927999,3.6385380550597795e+76,4.725374097480233e+74
25543,3,557,1.011555733827427,0.09864450324407134,2.6386730783256572e+107,3.4268481536696845e+105
25543,4,312,1.9533708244223928,0.2136458204324347,3.2930530217442385e+34,4.2766922360314786e+32
25544,1,282,0.9507205360160638,0.10053550490704273,2.4097318630844034e+102,3.1295219001096147e+100
25544,2,422,1.3026025003437194,0.15213351095686845,1.531845345429217e+92,1.9894095395184637e+90
25544,3,519,1.1583602769708905,0.14610874372903607,2.3153102798665496e+84,3.0068964673591555e+82
25544,4,301,1.1095574217640287,0.10021132076600721,9.809212333052893e+80,1.2739236796172589e+79
25545,1,229,2.776511040537944,0.5068774297291488,17170498032183.184,222993480937.44394
25545,2,309,0.8267864827880749,0.08349440674917563,6.067485175765591e+118,7.87985087761765e+116
25545,3,371,1.0353356815270502,0.12214299294636864,2.2738590914415105e+78,2.953063755118845e+76
25545,4,240,1.4792033233003155,0.16755517990895621,5.294205876218241e+79,6.875592047036677e+77
25546,1,313,3.1285897108450147,0.5265652153048028,1.5313939341974346e+24,1.9888232911654995e+22
25546,2,421,1.1283910219534883,0.0915012509270308,3.2787342027158827e+97,4.258096367163484e+95
25546,3,695,0.7963985419204122,0.05826776205726983,5.438462402925924e+169,7.062938185618083e+167
25546,4,337,0.781533568294213,0.06024213156832867,8.258203398329698e+98,1.0724939478350257e+97
25547,1,302,3.007706763260454,0.3391691777297673,5.2361031298338546e+19,6.800133934849162e+17
25547,2,427,0.8214427632453285,0.06727081467730404,5.922001741393536e+123,7.690911352459137e+121
25547,3,557,1.0494790037729136,0.09215484978383898,5.2518665424984784e+138,6.820605899348673e+136
25547,4,333,0.9230877085960458,0.06959476021246297,1.6077406637086226e+129,2.087974887933276e+127
25548,1,155,2.137074404915383,0.5425230772131122,1.5034442427262806e+47,1.9525249905536112e+45
25548,2,209,0.8482469817161533,0.07667772267076908,3.994814809676791e+135,5.18807118139843e+133
25548,3,274,2.1102334341777396,0.3067763771371441,5.5140495122764716e+53,7.161103262696717e+51
25548,4,173,0.4925383585615529,0.054480813362357966,1.1820317736673135e+149,1.5351061995679397e+147