run_number,start_time,stop_time,length_h
23838,2025-07-16 02:25:10,2025-07-16 02:25:21,0.0030555555555555557
23839,2025-07-16 05:51:10,2025-07-16 06:45:28,0.905
23840,2025-07-16 06:45:50,2025-07-16 07:01:13,0.2563888888888889
23841,2025-07-16 07:22:07,2025-07-16 07:30:48,0.14472222222222222
23843,2025-07-16 09:10:59,2025-07-16 09:13:14,0.0375
23845,2025-07-16 10:18:14,2025-07-16 10:25:38,0.12333333333333334
23846,2025-07-16 10:49:26,2025-07-16 11:20:54,0.5244444444444445
23847,2025-07-16 11:22:05,2025-07-16 11:52:27,0.5061111111111111
23848,2025-07-16 11:53:41,2025-07-16 12:24:31,0.5138888888888888
23849,2025-07-16 13:27:58,2025-07-16 13:59:55,0.5325
23850,2025-07-16 14:01:02,2025-07-16 14:31:36,0.5094444444444445
23851,2025-07-16 14:33:02,2025-07-16 15:03:12,0.5027777777777778
23852,2025-07-16 15:05:39,2025-07-16 15:24:47,0.3188888888888889
23853,2025-07-16 16:12:22,2025-07-16 16:21:45,0.15638888888888888
23854,2025-07-16 16:23:30,2025-07-16 16:30:18,0.11333333333333333
23855,2025-07-16 16:31:09,2025-07-16 16:42:44,0.19305555555555556
23856,2025-07-16 16:45:57,2025-07-16 17:15:08,0.48638888888888887
23857,2025-07-16 17:25:07,2025-07-16 17:40:50,0.2619444444444444
23858,2025-07-16 18:12:31,2025-07-16 18:31:14,0.31194444444444447
23859,2025-07-16 18:48:20,2025-07-16 19:19:49,0.5247222222222222
23861,2025-07-16 22:23:13,2025-07-16 22:23:22,0.0025
23862,2025-07-17 01:57:34,2025-07-17 02:31:24,0.5638888888888889
23863,2025-07-17 03:08:07,2025-07-17 03:24:11,0.2677777777777778
23865,2025-07-17 04:10:51,2025-07-17 04:43:49,0.5494444444444444
23866,2025-07-17 04:52:11,2025-07-17 05:24:49,0.5438888888888889
23867,2025-07-17 05:40:26,2025-07-17 06:11:40,0.5205555555555555
23868,2025-07-17 06:12:15,2025-07-17 06:44:52,0.5436111111111112
23869,2025-07-17 08:23:42,2025-07-17 08:24:15,0.009166666666666667
23870,2025-07-17 08:24:44,2025-07-17 08:26:08,0.023333333333333334
23871,2025-07-17 08:28:03,2025-07-17 08:29:54,0.030833333333333334
23872,2025-07-17 08:30:13,2025-07-17 08:32:03,0.030555555555555555
23873,2025-07-17 12:39:40,2025-07-17 12:40:04,0.006666666666666667
23874,2025-07-17 15:57:46,2025-07-17 16:29:48,0.5338888888888889
23875,2025-07-17 16:30:03,2025-07-17 20:55:57,4.431666666666667
23876,2025-07-17 22:56:52,2025-07-17 23:41:21,0.7413888888888889
23877,2025-07-17 23:42:40,2025-07-17 23:45:25,0.04583333333333333
23878,2025-07-17 23:52:53,2025-07-18 00:23:41,0.5133333333333333
23879,2025-07-18 00:45:57,2025-07-18 01:21:53,0.5988888888888889
23880,2025-07-18 01:31:28,2025-07-18 02:01:56,0.5077777777777778
23881,2025-07-18 02:06:14,2025-07-18 02:36:26,0.5033333333333333
23882,2025-07-18 02:38:55,2025-07-18 03:10:27,0.5255555555555556
23883,2025-07-18 03:12:06,2025-07-18 03:42:18,0.5033333333333333
23884,2025-07-18 03:43:21,2025-07-18 04:13:40,0.5052777777777778
23885,2025-07-18 04:16:13,2025-07-18 04:46:21,0.5022222222222222
23886,2025-07-18 04:56:22,2025-07-18 05:26:20,0.49944444444444447
23887,2025-07-18 05:28:39,2025-07-18 05:59:35,0.5155555555555555
23888,2025-07-18 06:00:00,2025-07-18 06:35:31,0.5919444444444445
23889,2025-07-18 06:36:03,2025-07-18 07:07:01,0.5161111111111111
23890,2025-07-18 07:18:15,2025-07-18 07:48:23,0.5022222222222222
23891,2025-07-18 07:51:24,2025-07-18 08:32:07,0.6786111111111112
23892,2025-07-18 08:58:08,2025-07-18 09:32:54,0.5794444444444444
23893,2025-07-18 09:33:17,2025-07-18 10:06:59,0.5616666666666666
23894,2025-07-18 10:08:35,2025-07-18 10:42:17,0.5616666666666666
23895,2025-07-18 10:43:28,2025-07-18 11:22:58,0.6583333333333333
23896,2025-07-18 11:23:15,2025-07-18 12:02:22,0.6519444444444444
23897,2025-07-18 12:11:03,2025-07-18 12:44:35,0.5588888888888889
23898,2025-07-18 12:44:50,2025-07-18 13:19:22,0.5755555555555556
23899,2025-07-18 13:19:39,2025-07-18 13:52:13,0.5427777777777778
23900,2025-07-18 13:52:32,2025-07-18 14:32:43,0.6697222222222222
23901,2025-07-18 14:43:40,2025-07-18 15:07:38,0.39944444444444444
23902,2025-07-18 15:58:48,2025-07-18 15:58:52,0.0011111111111111111
23903,2025-07-18 16:03:59,2025-07-18 16:04:03,0.0011111111111111111
23904,2025-07-18 17:00:32,2025-07-18 17:00:35,0.0008333333333333334
23905,2025-07-18 17:16:20,2025-07-18 17:47:16,0.5155555555555555
23906,2025-07-18 17:47:45,2025-07-18 17:49:54,0.035833333333333335
23907,2025-07-18 18:17:38,2025-07-18 18:48:18,0.5111111111111111
23908,2025-07-18 18:49:24,2025-07-18 19:21:40,0.5377777777777778
23909,2025-07-18 19:23:19,2025-07-18 19:55:21,0.5338888888888889
23910,2025-07-18 19:56:34,2025-07-18 20:03:39,0.11805555555555555
23911,2025-07-18 20:03:59,2025-07-18 20:27:58,0.3997222222222222
23912,2025-07-18 20:34:32,2025-07-18 20:57:56,0.39
23913,2025-07-18 21:44:42,2025-07-18 22:00:15,0.25916666666666666
23914,2025-07-18 22:05:59,2025-07-18 22:08:30,0.041944444444444444
23915,2025-07-18 22:08:51,2025-07-18 22:39:15,0.5066666666666667
23916,2025-07-18 22:40:38,2025-07-18 22:43:34,0.04888888888888889
23917,2025-07-18 22:43:55,2025-07-18 23:03:21,0.3238888888888889
23919,2025-07-18 23:05:22,2025-07-18 23:36:40,0.5216666666666666
23920,2025-07-18 23:37:27,2025-07-18 23:46:44,0.15472222222222223
23921,2025-07-18 23:47:23,2025-07-18 23:55:03,0.12777777777777777
23922,2025-07-19 00:12:54,2025-07-19 00:16:58,0.06777777777777778
23923,2025-07-19 00:17:15,2025-07-19 00:18:28,0.020277777777777777
23924,2025-07-19 00:18:40,2025-07-19 00:22:15,0.059722222222222225
23925,2025-07-19 00:40:40,2025-07-19 01:11:22,0.5116666666666667
23926,2025-07-19 01:13:10,2025-07-19 01:14:59,0.03027777777777778
23927,2025-07-19 01:15:18,2025-07-19 01:17:03,0.029166666666666667
23928,2025-07-19 01:17:30,2025-07-19 01:19:03,0.025833333333333333
23929,2025-07-19 01:19:37,2025-07-19 01:21:46,0.035833333333333335
23930,2025-07-19 01:22:17,2025-07-19 01:23:48,0.025277777777777777
23931,2025-07-19 01:24:09,2025-07-19 01:26:15,0.035
23932,2025-07-19 01:26:32,2025-07-19 01:28:57,0.04027777777777778
23933,2025-07-19 01:29:12,2025-07-19 01:59:48,0.51
23934,2025-07-19 02:09:56,2025-07-19 02:41:04,0.5188888888888888
23935,2025-07-19 02:42:33,2025-07-19 02:44:33,0.03333333333333333
23936,2025-07-19 02:44:49,2025-07-19 02:46:41,0.03111111111111111
23937,2025-07-19 02:47:00,2025-07-19 03:17:52,0.5144444444444445
23938,2025-07-19 03:25:25,2025-07-19 03:56:21,0.5155555555555555
23939,2025-07-19 03:59:38,2025-07-19 04:00:52,0.020555555555555556
23940,2025-07-19 04:01:05,2025-07-19 04:02:28,0.023055555555555555
23941,2025-07-19 04:02:39,2025-07-19 04:33:53,0.5205555555555555
23942,2025-07-19 04:51:05,2025-07-19 05:22:23,0.5216666666666666
23943,2025-07-19 05:24:56,2025-07-19 05:34:24,0.15777777777777777
23944,2025-07-19 05:39:29,2025-07-19 06:09:17,0.49666666666666665
23945,2025-07-19 06:10:37,2025-07-19 06:40:24,0.4963888888888889
23946,2025-07-19 06:41:24,2025-07-19 07:11:20,0.4988888888888889
23947,2025-07-19 07:12:23,2025-07-19 07:43:19,0.5155555555555555
23948,2025-07-19 08:06:43,2025-07-19 08:45:27,0.6455555555555555
23949,2025-07-19 08:46:30,2025-07-19 09:03:36,0.285
23950,2025-07-19 09:13:39,2025-07-19 09:48:41,0.5838888888888889
23951,2025-07-19 09:49:31,2025-07-19 10:26:45,0.6205555555555555
23952,2025-07-19 10:27:08,2025-07-19 10:58:24,0.5211111111111111
23953,2025-07-19 10:58:43,2025-07-19 11:31:23,0.5444444444444444
23954,2025-07-19 11:32:52,2025-07-19 12:04:52,0.5333333333333333
23955,2025-07-19 12:13:00,2025-07-19 12:44:10,0.5194444444444445
23956,2025-07-19 12:45:17,2025-07-19 13:06:15,0.34944444444444445
23957,2025-07-19 13:46:59,2025-07-19 13:59:51,0.21444444444444444
23958,2025-07-19 14:09:52,2025-07-19 14:15:53,0.10027777777777777
23959,2025-07-19 14:20:01,2025-07-19 15:14:51,0.9138888888888889
23960,2025-07-19 15:24:35,2025-07-19 15:55:45,0.5194444444444445
23961,2025-07-19 15:57:06,2025-07-19 16:11:23,0.23805555555555555
23962,2025-07-19 16:13:18,2025-07-19 16:28:40,0.2561111111111111
23963,2025-07-19 16:30:35,2025-07-19 17:01:35,0.5166666666666667
23964,2025-07-19 17:14:31,2025-07-19 17:46:33,0.5338888888888889
23965,2025-07-19 17:47:04,2025-07-19 18:17:58,0.515
23966,2025-07-19 18:18:47,2025-07-19 18:50:15,0.5244444444444445
23967,2025-07-19 19:05:35,2025-07-19 19:37:45,0.5361111111111111
23968,2025-07-19 19:39:16,2025-07-19 20:02:12,0.38222222222222224
23969,2025-07-19 20:07:25,2025-07-19 20:40:50,0.5569444444444445
23970,2025-07-19 20:41:39,2025-07-19 21:11:41,0.5005555555555555
23971,2025-07-19 21:14:16,2025-07-19 21:26:13,0.19916666666666666
23972,2025-07-19 21:32:39,2025-07-19 22:06:45,0.5683333333333334
23973,2025-07-19 22:07:24,2025-07-19 22:25:26,0.3005555555555556
23974,2025-07-19 23:08:33,2025-07-19 23:40:47,0.5372222222222223
23975,2025-07-19 23:41:32,2025-07-20 00:11:52,0.5055555555555555
23976,2025-07-20 00:16:47,2025-07-20 00:46:47,0.5
23977,2025-07-20 01:21:51,2025-07-20 01:52:29,0.5105555555555555
23978,2025-07-20 01:54:05,2025-07-20 02:29:53,0.5966666666666667
23980,2025-07-20 02:49:03,2025-07-20 03:19:21,0.505
23981,2025-07-20 03:35:39,2025-07-20 04:06:25,0.5127777777777778
23982,2025-07-20 04:19:24,2025-07-20 05:01:15,0.6975
23983,2025-07-20 05:30:57,2025-07-20 06:01:21,0.5066666666666667
23984,2025-07-20 06:13:20,2025-07-20 06:43:52,0.5088888888888888
23985,2025-07-20 07:01:06,2025-07-20 07:31:50,0.5122222222222222
23986,2025-07-20 07:32:40,2025-07-20 08:04:30,0.5305555555555556
23987,2025-07-20 08:06:29,2025-07-20 08:39:19,0.5472222222222223
23988,2025-07-20 08:39:34,2025-07-20 09:10:00,0.5072222222222222
23989,2025-07-20 09:37:10,2025-07-20 10:09:48,0.5438888888888889
23990,2025-07-20 10:11:24,2025-07-20 10:43:30,0.535
23991,2025-07-20 10:44:23,2025-07-20 11:15:31,0.5188888888888888
23992,2025-07-20 11:22:06,2025-07-20 11:56:38,0.5755555555555556
23993,2025-07-20 11:57:08,2025-07-20 12:30:34,0.5572222222222222
23994,2025-07-20 12:30:47,2025-07-20 13:09:57,0.6527777777777778
23995,2025-07-20 13:10:30,2025-07-20 13:38:10,0.46111111111111114
23996,2025-07-20 13:40:15,2025-07-20 14:13:19,0.5511111111111111
23997,2025-07-20 14:13:44,2025-07-20 14:14:30,0.012777777777777779
23998,2025-07-20 14:15:31,2025-07-20 14:46:51,0.5222222222222223
23999,2025-07-20 14:55:40,2025-07-20 15:26:35,0.5152777777777777
24000,2025-07-20 15:32:42,2025-07-20 15:35:27,0.04583333333333333
24001,2025-07-20 15:35:48,2025-07-20 16:06:19,0.5086111111111111
24002,2025-07-20 16:06:56,2025-07-20 16:37:14,0.505
24003,2025-07-20 16:37:35,2025-07-20 17:07:31,0.4988888888888889
24004,2025-07-20 17:08:52,2025-07-20 17:39:30,0.5105555555555555
24005,2025-07-20 17:53:20,2025-07-20 18:24:52,0.5255555555555556
24006,2025-07-20 18:25:21,2025-07-20 18:55:27,0.5016666666666667
24007,2025-07-20 18:55:56,2025-07-20 19:05:20,0.15666666666666668
24010,2025-07-20 20:18:01,2025-07-20 21:10:22,0.8725
24011,2025-07-20 21:22:21,2025-07-20 21:53:15,0.515
24012,2025-07-20 21:53:38,2025-07-20 22:14:15,0.3436111111111111
24013,2025-07-20 22:24:42,2025-07-20 22:55:44,0.5172222222222222
24014,2025-07-20 22:55:59,2025-07-20 23:01:39,0.09444444444444444
24015,2025-07-20 23:27:52,2025-07-21 00:00:06,0.5372222222222223
24016,2025-07-21 00:02:09,2025-07-21 00:37:32,0.5897222222222223
24017,2025-07-21 00:43:33,2025-07-21 01:14:17,0.5122222222222222
24018,2025-07-21 01:18:09,2025-07-21 01:48:53,0.5122222222222222
24019,2025-07-21 01:57:54,2025-07-21 02:29:10,0.5211111111111111
24020,2025-07-21 02:30:18,2025-07-21 03:04:24,0.5683333333333334
24021,2025-07-21 03:06:19,2025-07-21 03:38:15,0.5322222222222223
24022,2025-07-21 03:40:11,2025-07-21 04:10:45,0.5094444444444445
24023,2025-07-21 04:12:59,2025-07-21 04:22:06,0.15194444444444444
24024,2025-07-21 05:07:48,2025-07-21 05:38:18,0.5083333333333333
24027,2025-07-21 06:46:58,2025-07-21 07:18:30,0.5255555555555556
24033,2025-07-21 08:51:20,2025-07-21 09:13:38,0.37166666666666665
24034,2025-07-21 09:15:12,2025-07-21 09:16:49,0.026944444444444444
24035,2025-07-21 09:17:46,2025-07-21 09:19:17,0.025277777777777777
24036,2025-07-21 09:19:36,2025-07-21 09:20:28,0.014444444444444444
24037,2025-07-21 09:20:46,2025-07-21 09:21:24,0.010555555555555556
24038,2025-07-21 13:00:08,2025-07-21 13:17:13,0.2847222222222222
24039,2025-07-21 13:28:39,2025-07-21 13:39:50,0.18638888888888888
24040,2025-07-21 14:15:32,2025-07-21 14:53:47,0.6375
24041,2025-07-21 16:58:18,2025-07-21 17:30:28,0.5361111111111111
24042,2025-07-21 17:44:06,2025-07-21 18:14:44,0.5105555555555555
24043,2025-07-21 18:15:29,2025-07-21 18:47:25,0.5322222222222223
24044,2025-07-21 18:49:14,2025-07-21 19:06:06,0.2811111111111111
24047,2025-07-21 19:39:44,2025-07-21 20:15:14,0.5916666666666667
24048,2025-07-21 20:15:37,2025-07-21 20:46:58,0.5225
24049,2025-07-21 20:47:51,2025-07-21 21:18:51,0.5166666666666667
24050,2025-07-21 21:19:42,2025-07-21 21:52:44,0.5505555555555556
24051,2025-07-21 22:02:20,2025-07-21 22:32:22,0.5005555555555555
24052,2025-07-21 22:34:03,2025-07-21 22:51:15,0.2866666666666667
24053,2025-07-21 22:54:24,2025-07-21 23:11:22,0.2827777777777778
24054,2025-07-21 23:21:43,2025-07-21 23:52:33,0.5138888888888888
24055,2025-07-21 23:53:16,2025-07-22 00:28:19,0.5841666666666666
24056,2025-07-22 00:28:34,2025-07-22 00:59:19,0.5125
24057,2025-07-22 01:06:28,2025-07-22 01:37:23,0.5152777777777777
24058,2025-07-22 01:38:32,2025-07-22 02:08:02,0.49166666666666664
24059,2025-07-22 02:09:13,2025-07-22 02:40:15,0.5172222222222222
24060,2025-07-22 02:47:06,2025-07-22 03:18:17,0.5197222222222222
24061,2025-07-22 03:18:42,2025-07-22 03:49:18,0.51
24062,2025-07-22 03:49:45,2025-07-22 04:20:15,0.5083333333333333
24063,2025-07-22 04:20:44,2025-07-22 04:51:20,0.51
24064,2025-07-22 04:52:05,2025-07-22 05:23:19,0.5205555555555555
24065,2025-07-22 05:23:58,2025-07-22 05:54:30,0.5088888888888888
24066,2025-07-22 05:55:09,2025-07-22 06:41:56,0.7797222222222222
24067,2025-07-22 06:42:47,2025-07-22 07:19:17,0.6083333333333333
24068,2025-07-22 07:20:14,2025-07-22 07:50:16,0.5005555555555555
24069,2025-07-22 07:51:11,2025-07-22 08:21:25,0.5038888888888889
24070,2025-07-22 08:33:54,2025-07-22 09:10:30,0.61
24071,2025-07-22 14:06:04,2025-07-22 14:44:09,0.6347222222222222
24072,2025-07-22 14:44:24,2025-07-22 15:15:36,0.52
24073,2025-07-22 15:16:01,2025-07-22 15:46:15,0.5038888888888889
24074,2025-07-22 15:46:30,2025-07-22 16:17:30,0.5166666666666667
24075,2025-07-22 16:17:47,2025-07-22 16:48:55,0.5188888888888888
24076,2025-07-22 16:49:44,2025-07-22 17:20:24,0.5111111111111111
24077,2025-07-22 17:23:09,2025-07-22 17:25:42,0.0425
24078,2025-07-22 17:27:01,2025-07-22 17:37:30,0.17472222222222222
24079,2025-07-22 17:39:29,2025-07-22 18:11:36,0.5352777777777777
24080,2025-07-22 18:12:11,2025-07-22 18:42:49,0.5105555555555555
24081,2025-07-22 18:54:06,2025-07-22 19:25:34,0.5244444444444445
24082,2025-07-22 19:26:11,2025-07-22 19:56:31,0.5055555555555555
24083,2025-07-22 20:04:53,2025-07-22 20:20:32,0.2608333333333333
24084,2025-07-22 20:43:16,2025-07-22 21:15:24,0.5355555555555556
24085,2025-07-22 21:15:57,2025-07-22 21:47:39,0.5283333333333333
24086,2025-07-22 21:47:56,2025-07-22 22:19:16,0.5222222222222223
24087,2025-07-22 22:29:47,2025-07-22 23:00:19,0.5088888888888888
24088,2025-07-22 23:24:47,2025-07-22 23:29:36,0.08027777777777778
24089,2025-07-22 23:31:14,2025-07-22 23:57:17,0.43416666666666665
24090,2025-07-23 00:00:39,2025-07-23 00:01:10,0.008611111111111111
24091,2025-07-23 00:01:21,2025-07-23 00:31:33,0.5033333333333333
24092,2025-07-23 00:34:59,2025-07-23 01:07:53,0.5483333333333333
24093,2025-07-23 01:08:32,2025-07-23 01:38:52,0.5055555555555555
24094,2025-07-23 01:39:21,2025-07-23 02:09:17,0.4988888888888889
24095,2025-07-23 02:10:34,2025-07-23 02:40:32,0.49944444444444447
24096,2025-07-23 02:42:01,2025-07-23 03:17:21,0.5888888888888889
24097,2025-07-23 03:25:48,2025-07-23 03:28:36,0.04666666666666667
24098,2025-07-23 03:28:55,2025-07-23 03:59:21,0.5072222222222222
24099,2025-07-23 04:00:24,2025-07-23 04:31:22,0.5161111111111111
24100,2025-07-23 04:31:35,2025-07-23 05:01:23,0.49666666666666665
24101,2025-07-23 05:01:32,2025-07-23 05:33:28,0.5322222222222223
24102,2025-07-23 05:35:57,2025-07-23 06:09:56,0.5663888888888889
24104,2025-07-23 06:10:53,2025-07-23 06:59:54,0.8169444444444445
24105,2025-07-23 10:33:26,2025-07-23 10:34:45,0.021944444444444444
24106,2025-07-23 11:05:39,2025-07-23 11:06:19,0.011111111111111112
24107,2025-07-23 11:25:57,2025-07-23 12:34:02,1.1347222222222222
24108,2025-07-23 12:34:31,2025-07-23 12:42:32,0.13361111111111112
24109,2025-07-23 12:42:45,2025-07-23 16:53:49,4.184444444444445
24110,2025-07-23 18:07:40,2025-07-23 18:40:45,0.5513888888888889
24111,2025-07-23 18:41:40,2025-07-23 19:12:01,0.5058333333333334
24112,2025-07-23 19:12:41,2025-07-23 19:43:17,0.51
24113,2025-07-23 19:45:02,2025-07-23 20:15:48,0.5127777777777778
24114,2025-07-23 20:16:41,2025-07-23 20:32:07,0.25722222222222224
24115,2025-07-23 20:33:20,2025-07-23 20:49:18,0.26611111111111113
24116,2025-07-23 20:59:47,2025-07-23 21:31:27,0.5277777777777778
24117,2025-07-23 21:32:08,2025-07-23 22:04:12,0.5344444444444445
24118,2025-07-23 22:06:16,2025-07-23 22:25:07,0.31416666666666665
24119,2025-07-23 22:26:55,2025-07-23 22:45:14,0.30527777777777776
24120,2025-07-23 22:56:38,2025-07-23 23:34:10,0.6255555555555555
24121,2025-07-23 23:35:15,2025-07-24 00:07:51,0.5433333333333333
24122,2025-07-24 00:08:50,2025-07-24 00:41:48,0.5494444444444444
24123,2025-07-24 00:42:23,2025-07-24 01:13:05,0.5116666666666667
24124,2025-07-24 01:14:28,2025-07-24 01:29:18,0.24722222222222223
24125,2025-07-24 01:29:49,2025-07-24 02:00:31,0.5116666666666667
24126,2025-07-24 02:13:23,2025-07-24 02:43:56,0.5091666666666667
24127,2025-07-24 02:44:30,2025-07-24 03:15:29,0.5163888888888889
24128,2025-07-24 03:16:03,2025-07-24 03:47:12,0.5191666666666667
24129,2025-07-24 03:47:47,2025-07-24 04:22:03,0.5711111111111111
24130,2025-07-24 04:33:53,2025-07-24 05:10:07,0.6038888888888889
24131,2025-07-24 05:10:34,2025-07-24 05:41:44,0.5194444444444445
24132,2025-07-24 05:42:11,2025-07-24 06:13:33,0.5227777777777778
24133,2025-07-24 06:17:53,2025-07-24 06:50:46,0.5480555555555555
24134,2025-07-24 06:52:16,2025-07-24 07:24:16,0.5333333333333333
24135,2025-07-24 07:25:33,2025-07-24 07:56:07,0.5094444444444445
24136,2025-07-24 07:58:40,2025-07-24 08:16:08,0.2911111111111111
24137,2025-07-24 08:17:49,2025-07-24 08:36:47,0.3161111111111111
24138,2025-07-24 08:49:06,2025-07-24 09:22:32,0.5572222222222222
24139,2025-07-24 09:23:11,2025-07-24 09:56:51,0.5611111111111111
24140,2025-07-24 09:57:06,2025-07-24 10:30:20,0.5538888888888889
24141,2025-07-24 10:31:35,2025-07-24 11:04:24,0.5469444444444445
24142,2025-07-24 11:13:21,2025-07-24 11:32:45,0.3233333333333333
24143,2025-07-24 11:33:15,2025-07-24 11:52:21,0.31833333333333336
24144,2025-07-24 12:14:17,2025-07-24 12:46:21,0.5344444444444445
24145,2025-07-24 12:47:02,2025-07-24 13:21:32,0.575
24146,2025-07-24 13:21:51,2025-07-24 13:54:51,0.55
24147,2025-07-24 13:55:10,2025-07-24 14:26:28,0.5216666666666666
24148,2025-07-24 14:27:31,2025-07-24 14:46:15,0.31222222222222223
24149,2025-07-24 14:47:12,2025-07-24 15:02:51,0.2608333333333333
24150,2025-07-24 15:12:27,2025-07-24 15:45:35,0.5522222222222222
24151,2025-07-24 15:46:02,2025-07-24 16:18:04,0.5338888888888889
24152,2025-07-24 16:20:07,2025-07-24 16:57:50,0.6286111111111111
24154,2025-07-24 16:58:53,2025-07-24 17:31:58,0.5513888888888889
24156,2025-07-24 17:32:57,2025-07-24 18:03:55,0.5161111111111111
24157,2025-07-24 18:04:43,2025-07-24 18:36:17,0.5261111111111111
24158,2025-07-24 18:44:14,2025-07-24 19:16:06,0.5311111111111111
24159,2025-07-24 19:16:29,2025-07-24 19:47:17,0.5133333333333333
24160,2025-07-24 19:47:34,2025-07-24 20:17:44,0.5027777777777778
24161,2025-07-24 20:17:57,2025-07-24 20:49:23,0.5238888888888888
24162,2025-07-24 20:59:24,2025-07-24 21:31:03,0.5275
24163,2025-07-24 21:31:21,2025-07-24 22:01:14,0.49805555555555553
24164,2025-07-24 22:01:28,2025-07-24 22:35:19,0.5641666666666667
24165,2025-07-24 22:35:34,2025-07-24 23:06:46,0.52
24166,2025-07-24 23:08:59,2025-07-24 23:40:35,0.5266666666666666
24167,2025-07-24 23:46:40,2025-07-25 00:17:59,0.5219444444444444
24168,2025-07-25 00:19:09,2025-07-25 00:51:05,0.5322222222222223
24169,2025-07-25 00:52:06,2025-07-25 01:23:53,0.5297222222222222
24170,2025-07-25 01:24:46,2025-07-25 01:55:58,0.52
24171,2025-07-25 02:03:39,2025-07-25 02:36:17,0.5438888888888889
24172,2025-07-25 02:36:40,2025-07-25 03:07:38,0.5161111111111111
24173,2025-07-25 03:14:19,2025-07-25 03:44:33,0.5038888888888889
24174,2025-07-25 03:44:55,2025-07-25 04:15:01,0.5016666666666667
24175,2025-07-25 04:15:38,2025-07-25 04:45:12,0.49277777777777776
24176,2025-07-25 04:45:43,2025-07-25 05:17:09,0.5238888888888888
24177,2025-07-25 05:17:38,2025-07-25 05:49:00,0.5227777777777778
24178,2025-07-25 06:12:12,2025-07-25 06:43:08,0.5155555555555555
24179,2025-07-25 06:43:41,2025-07-25 07:15:55,0.5372222222222223
24180,2025-07-25 07:18:10,2025-07-25 07:22:03,0.06472222222222222
24181,2025-07-25 07:22:49,2025-07-25 07:33:36,0.17972222222222223
24183,2025-07-25 07:37:13,2025-07-25 07:55:09,0.29888888888888887
24184,2025-07-25 07:57:22,2025-07-25 08:13:14,0.2644444444444444
24185,2025-07-25 08:19:39,2025-07-25 08:50:53,0.5205555555555555
24186,2025-07-25 10:00:22,2025-07-25 10:01:01,0.010833333333333334
24187,2025-07-25 10:02:26,2025-07-25 10:36:44,0.5716666666666667
24188,2025-07-25 10:37:26,2025-07-25 11:09:02,0.5266666666666666
24189,2025-07-25 11:09:21,2025-07-25 11:54:34,0.7536111111111111
24190,2025-07-25 11:54:55,2025-07-25 12:25:23,0.5077777777777778
24191,2025-07-25 12:25:35,2025-07-25 13:02:14,0.6108333333333333
24192,2025-07-25 13:02:27,2025-07-25 13:33:41,0.5205555555555555
24193,2025-07-25 13:33:56,2025-07-25 14:08:11,0.5708333333333333
24194,2025-07-25 14:08:23,2025-07-25 14:40:07,0.5288888888888889
24195,2025-07-25 14:40:24,2025-07-25 15:15:22,0.5827777777777777
24196,2025-07-25 15:17:29,2025-07-25 15:50:40,0.5530555555555555
24197,2025-07-25 15:51:39,2025-07-25 16:23:15,0.5266666666666666
24198,2025-07-25 16:24:08,2025-07-25 16:43:16,0.3188888888888889
24199,2025-07-25 16:43:53,2025-07-25 17:00:31,0.2772222222222222
24200,2025-07-25 17:09:42,2025-07-25 17:22:15,0.20916666666666667
24201,2025-07-25 17:28:50,2025-07-25 18:01:58,0.5522222222222222
24202,2025-07-25 18:10:38,2025-07-25 18:14:27,0.0636111111111111
24203,2025-07-25 18:16:44,2025-07-25 18:50:54,0.5694444444444444
24204,2025-07-25 18:51:53,2025-07-25 19:22:15,0.5061111111111111
24205,2025-07-25 19:22:53,2025-07-25 19:33:14,0.1725
24206,2025-07-25 19:42:11,2025-07-25 20:13:17,0.5183333333333333
24207,2025-07-25 20:19:49,2025-07-25 20:52:15,0.5405555555555556
24208,2025-07-25 20:52:36,2025-07-25 21:23:16,0.5111111111111111
24209,2025-07-25 21:23:57,2025-07-25 21:39:05,0.25222222222222224
24210,2025-07-25 21:42:36,2025-07-25 22:13:18,0.5116666666666667
24211,2025-07-25 22:13:39,2025-07-25 22:44:17,0.5105555555555555
24212,2025-07-25 22:45:02,2025-07-25 23:00:20,0.255
24213,2025-07-25 23:22:54,2025-07-25 23:55:06,0.5366666666666666
24214,2025-07-25 23:55:33,2025-07-26 00:25:50,0.5047222222222222
24215,2025-07-26 00:26:07,2025-07-26 00:55:25,0.48833333333333334
24216,2025-07-26 00:55:49,2025-07-26 01:26:15,0.5072222222222222
24217,2025-07-26 01:26:34,2025-07-26 01:56:14,0.49444444444444446
24218,2025-07-26 01:56:29,2025-07-26 02:26:11,0.495
24219,2025-07-26 02:27:18,2025-07-26 02:57:22,0.5011111111111111
24220,2025-07-26 02:58:43,2025-07-26 03:29:47,0.5177777777777778
24221,2025-07-26 03:30:36,2025-07-26 03:44:40,0.23444444444444446
24222,2025-07-26 03:55:17,2025-07-26 04:35:28,0.6697222222222222
24223,2025-07-26 04:36:17,2025-07-26 05:01:59,0.42833333333333334
24224,2025-07-26 05:02:32,2025-07-26 05:31:58,0.4905555555555556
24225,2025-07-26 05:32:13,2025-07-26 06:00:43,0.475
24226,2025-07-26 06:19:07,2025-07-26 06:59:15,0.6688888888888889
24227,2025-07-26 06:59:52,2025-07-26 07:39:30,0.6605555555555556
24228,2025-07-26 07:39:47,2025-07-26 08:13:16,0.5580555555555555
24229,2025-07-26 08:14:02,2025-07-26 08:45:50,0.53
24230,2025-07-26 08:46:24,2025-07-26 09:20:28,0.5677777777777778
24231,2025-07-26 09:23:01,2025-07-26 09:38:29,0.2577777777777778
24232,2025-07-26 09:46:50,2025-07-26 10:19:04,0.5372222222222223
24233,2025-07-26 10:19:19,2025-07-26 10:50:21,0.5172222222222222
24234,2025-07-26 10:50:30,2025-07-26 11:20:30,0.5
24235,2025-07-26 11:22:43,2025-07-26 11:39:11,0.27444444444444444
24236,2025-07-26 11:47:34,2025-07-26 12:20:18,0.5455555555555556
24237,2025-07-26 12:20:30,2025-07-26 12:50:21,0.4975
24238,2025-07-26 12:50:36,2025-07-26 13:35:49,0.7536111111111111
24239,2025-07-26 13:36:02,2025-07-26 14:09:40,0.5605555555555556
24240,2025-07-26 14:09:51,2025-07-26 14:40:27,0.51
24241,2025-07-26 14:41:44,2025-07-26 15:12:20,0.51
24242,2025-07-26 15:13:41,2025-07-26 15:30:31,0.28055555555555556
24243,2025-07-26 15:37:42,2025-07-26 16:08:16,0.5094444444444445
24244,2025-07-26 16:08:57,2025-07-26 16:40:15,0.5216666666666666
24245,2025-07-26 16:40:38,2025-07-26 17:11:16,0.5105555555555555
24246,2025-07-26 17:11:35,2025-07-26 17:42:17,0.5116666666666667
24247,2025-07-26 17:42:54,2025-07-26 18:13:54,0.5166666666666667
24248,2025-07-26 18:14:27,2025-07-26 18:45:17,0.5138888888888888
24249,2025-07-26 18:46:16,2025-07-26 19:01:28,0.25333333333333335
24250,2025-07-26 19:14:09,2025-07-26 19:45:21,0.52
24251,2025-07-26 19:45:54,2025-07-26 20:16:20,0.5072222222222222
24252,2025-07-26 20:16:46,2025-07-26 20:47:21,0.5097222222222222
24253,2025-07-26 20:47:53,2025-07-26 21:18:19,0.5072222222222222
24254,2025-07-26 21:18:36,2025-07-26 21:49:18,0.5116666666666667
24255,2025-07-26 21:49:37,2025-07-26 22:20:17,0.5111111111111111
24256,2025-07-26 22:21:00,2025-07-26 22:36:44,0.26222222222222225
24257,2025-07-26 22:42:51,2025-07-26 23:13:23,0.5088888888888888
24258,2025-07-26 23:13:56,2025-07-26 23:44:28,0.5088888888888888
24259,2025-07-26 23:44:49,2025-07-27 00:15:09,0.5055555555555555
24260,2025-07-27 00:15:28,2025-07-27 00:45:32,0.5011111111111111
24261,2025-07-27 00:45:49,2025-07-27 01:15:15,0.4905555555555556
24262,2025-07-27 01:15:36,2025-07-27 01:46:08,0.5088888888888888
24263,2025-07-27 01:47:03,2025-07-27 02:17:37,0.5094444444444445
24264,2025-07-27 02:18:26,2025-07-27 02:48:40,0.5038888888888889
24265,2025-07-27 02:49:45,2025-07-27 03:04:57,0.25333333333333335
24266,2025-07-27 03:10:58,2025-07-27 03:40:56,0.49944444444444447
24267,2025-07-27 03:42:05,2025-07-27 04:11:31,0.4905555555555556
24268,2025-07-27 04:20:13,2025-07-27 04:50:29,0.5044444444444445
24269,2025-07-27 04:50:44,2025-07-27 05:20:26,0.495
24270,2025-07-27 05:26:35,2025-07-27 05:55:33,0.48277777777777775
24271,2025-07-27 05:55:54,2025-07-27 06:24:30,0.4766666666666667
24272,2025-07-27 06:24:53,2025-07-27 06:27:38,0.04583333333333333
24273,2025-07-27 06:42:54,2025-07-27 07:13:22,0.5077777777777778
24274,2025-07-27 07:13:43,2025-07-27 07:44:15,0.5088888888888888
24275,2025-07-27 07:44:38,2025-07-27 08:16:04,0.5238888888888888
24276,2025-07-27 08:17:19,2025-07-27 08:48:03,0.5122222222222222
24277,2025-07-27 08:58:47,2025-07-27 09:34:23,0.5933333333333334
24278,2025-07-27 09:34:36,2025-07-27 10:05:34,0.5161111111111111
24279,2025-07-27 10:05:47,2025-07-27 10:37:33,0.5294444444444445
24280,2025-07-27 10:38:06,2025-07-27 11:10:22,0.5377777777777778
24281,2025-07-27 11:10:35,2025-07-27 11:48:34,0.6330555555555556
24282,2025-07-27 11:48:51,2025-07-27 12:24:33,0.595
24283,2025-07-27 12:25:10,2025-07-27 12:59:30,0.5722222222222222
24284,2025-07-27 13:30:32,2025-07-27 13:46:54,0.2727777777777778
24285,2025-07-27 13:49:01,2025-07-27 14:05:18,0.2713888888888889
24286,2025-07-27 14:08:29,2025-07-27 14:29:21,0.3477777777777778
24287,2025-07-27 14:30:08,2025-07-27 15:01:26,0.5216666666666666
24288,2025-07-27 15:02:39,2025-07-27 15:03:49,0.019444444444444445
24289,2025-07-27 15:04:12,2025-07-27 15:38:30,0.5716666666666667
24290,2025-07-27 15:38:45,2025-07-27 16:08:17,0.4922222222222222
24291,2025-07-27 16:09:16,2025-07-27 16:20:10,0.18166666666666667
24292,2025-07-27 16:24:25,2025-07-27 16:39:14,0.24694444444444444
24293,2025-07-27 16:39:33,2025-07-27 16:51:23,0.19722222222222222
24294,2025-07-27 16:52:22,2025-07-27 17:04:04,0.195
24295,2025-07-27 17:07:19,2025-07-27 17:17:16,0.16583333333333333
24296,2025-07-27 17:18:29,2025-07-27 17:28:51,0.17277777777777778
24297,2025-07-27 17:30:20,2025-07-27 17:34:11,0.06416666666666666
24298,2025-07-27 17:35:02,2025-07-27 17:45:22,0.17222222222222222
24299,2025-07-27 17:50:49,2025-07-27 18:06:19,0.25833333333333336
24300,2025-07-28 05:13:24,2025-07-28 05:21:27,0.13416666666666666
24301,2025-07-28 05:32:43,2025-07-28 05:48:52,0.26916666666666667
24302,2025-07-28 05:50:17,2025-07-28 05:52:02,0.029166666666666667
24303,2025-07-28 05:53:44,2025-07-28 06:10:19,0.2763888888888889
24304,2025-07-28 06:13:01,2025-07-28 06:28:38,0.2602777777777778
24305,2025-07-28 06:48:48,2025-07-28 06:51:37,0.04694444444444444
24306,2025-07-28 06:52:34,2025-07-28 07:03:48,0.18722222222222223
24307,2025-07-28 07:05:51,2025-07-28 07:17:38,0.1963888888888889
24308,2025-07-28 07:18:56,2025-07-28 07:29:17,0.1725
24309,2025-07-28 07:30:44,2025-07-28 07:46:14,0.25833333333333336
24310,2025-07-28 08:01:51,2025-07-28 08:38:12,0.6058333333333333
24311,2025-07-28 08:38:35,2025-07-28 09:10:17,0.5283333333333333
24312,2025-07-28 09:10:42,2025-07-28 09:43:14,0.5422222222222223
24313,2025-07-28 09:44:07,2025-07-28 10:34:51,0.8455555555555555
24314,2025-07-28 10:35:11,2025-07-28 11:06:25,0.5205555555555555
24315,2025-07-28 11:06:44,2025-07-28 11:38:24,0.5277777777777778
24316,2025-07-28 12:02:08,2025-07-28 12:32:36,0.5077777777777778
24317,2025-07-28 12:33:05,2025-07-28 13:10:41,0.6266666666666667
24318,2025-07-28 13:12:50,2025-07-28 13:44:22,0.5255555555555556
24319,2025-07-28 13:46:07,2025-07-28 14:07:47,0.3611111111111111
24320,2025-07-28 14:09:10,2025-07-28 14:11:03,0.03138888888888889
24321,2025-07-28 14:11:49,2025-07-28 14:47:35,0.5961111111111111
24322,2025-07-28 14:59:22,2025-07-28 15:31:04,0.5283333333333333
24323,2025-07-28 15:32:21,2025-07-28 16:04:11,0.5305555555555556
24324,2025-07-28 16:05:44,2025-07-28 16:37:16,0.5255555555555556
24325,2025-07-28 16:38:17,2025-07-28 17:09:21,0.5177777777777778
24326,2025-07-28 17:09:55,2025-07-28 17:40:19,0.5066666666666667
24327,2025-07-28 17:41:06,2025-07-28 18:11:34,0.5077777777777778
24328,2025-07-28 18:12:11,2025-07-28 18:42:33,0.5061111111111111
24329,2025-07-28 18:43:04,2025-07-28 19:13:21,0.5047222222222222
24330,2025-07-28 19:13:47,2025-07-28 19:44:39,0.5144444444444445
24331,2025-07-28 19:45:32,2025-07-28 20:15:16,0.4955555555555556
24332,2025-07-28 20:16:05,2025-07-28 20:46:21,0.5044444444444445
24333,2025-07-28 20:47:50,2025-07-28 21:04:00,0.26944444444444443
24334,2025-07-28 21:05:17,2025-07-28 21:20:50,0.25916666666666666
24335,2025-07-28 21:30:22,2025-07-28 21:50:17,0.33194444444444443
24336,2025-07-28 22:49:04,2025-07-28 23:20:50,0.5294444444444445
24337,2025-07-28 23:21:55,2025-07-28 23:52:39,0.5122222222222222
24338,2025-07-28 23:53:46,2025-07-29 00:25:15,0.5247222222222222
24339,2025-07-29 00:26:08,2025-07-29 00:56:28,0.5055555555555555
24340,2025-07-29 01:00:07,2025-07-29 01:16:17,0.26944444444444443
24341,2025-07-29 01:22:08,2025-07-29 01:42:28,0.3388888888888889
24342,2025-07-29 01:56:37,2025-07-29 02:27:27,0.5138888888888888
24343,2025-07-29 02:28:42,2025-07-29 02:59:22,0.5111111111111111
24344,2025-07-29 02:59:53,2025-07-29 03:31:41,0.53
24345,2025-07-29 03:32:50,2025-07-29 04:03:24,0.5094444444444445
24346,2025-07-29 04:03:57,2025-07-29 04:34:27,0.5083333333333333
24347,2025-07-29 04:34:56,2025-07-29 05:05:46,0.5138888888888888
24348,2025-07-29 05:06:15,2025-07-29 05:36:24,0.5025
24349,2025-07-29 05:38:23,2025-07-29 06:06:53,0.475
24350,2025-07-29 06:11:04,2025-07-29 06:26:33,0.25805555555555554
24351,2025-07-29 06:31:14,2025-07-29 06:46:52,0.26055555555555554
24352,2025-07-29 06:54:47,2025-07-29 07:27:04,0.5380555555555555
24353,2025-07-29 07:27:43,2025-07-29 07:58:32,0.5136111111111111
24354,2025-07-29 08:00:28,2025-07-29 08:30:36,0.5022222222222222
24355,2025-07-29 08:34:08,2025-07-29 09:04:54,0.5127777777777778
24356,2025-07-29 09:06:47,2025-07-29 09:37:45,0.5161111111111111
24357,2025-07-29 09:39:07,2025-07-29 10:10:11,0.5177777777777778
24358,2025-07-29 10:13:51,2025-07-29 10:36:45,0.38166666666666665
24359,2025-07-29 10:55:01,2025-07-29 11:25:53,0.5144444444444445
24360,2025-07-29 11:29:01,2025-07-29 11:59:20,0.5052777777777778
24361,2025-07-29 12:06:24,2025-07-29 12:22:15,0.26416666666666666
24362,2025-07-29 12:24:26,2025-07-29 12:39:22,0.24888888888888888
24363,2025-07-29 13:19:29,2025-07-29 13:49:55,0.5072222222222222
24364,2025-07-29 13:50:28,2025-07-29 14:21:11,0.5119444444444444
24365,2025-07-29 14:21:38,2025-07-29 14:52:12,0.5094444444444445
24366,2025-07-29 14:52:45,2025-07-29 15:23:12,0.5075
24367,2025-07-29 15:23:37,2025-07-29 15:54:21,0.5122222222222222
24368,2025-07-29 15:55:04,2025-07-29 16:26:32,0.5244444444444445
24369,2025-07-29 16:27:09,2025-07-29 16:57:17,0.5022222222222222
24370,2025-07-29 16:57:44,2025-07-29 17:28:16,0.5088888888888888
24371,2025-07-29 17:28:51,2025-07-29 17:59:16,0.5069444444444444
24372,2025-07-29 17:59:43,2025-07-29 18:30:25,0.5116666666666667
24373,2025-07-29 18:31:42,2025-07-29 19:03:44,0.5338888888888889
24374,2025-07-29 19:04:03,2025-07-29 19:05:19,0.021111111111111112
24375,2025-07-29 19:05:35,2025-07-29 19:20:17,0.245
24376,2025-07-29 19:30:10,2025-07-29 20:01:32,0.5227777777777778
24377,2025-07-29 20:01:47,2025-07-29 20:32:18,0.5086111111111111
24378,2025-07-29 20:32:43,2025-07-29 21:03:47,0.5177777777777778
24379,2025-07-29 21:04:18,2025-07-29 21:34:18,0.5
24380,2025-07-29 21:34:49,2025-07-29 22:05:49,0.5166666666666667
24381,2025-07-29 22:06:06,2025-07-29 22:36:34,0.5077777777777778
24382,2025-07-29 22:37:03,2025-07-29 23:07:17,0.5038888888888889
24383,2025-07-29 23:07:44,2025-07-29 23:38:16,0.5088888888888888
24384,2025-07-29 23:38:43,2025-07-30 00:10:33,0.5305555555555556
24385,2025-07-30 00:21:43,2025-07-30 00:52:23,0.5111111111111111
24386,2025-07-30 01:01:56,2025-07-30 01:38:20,0.6066666666666667
24387,2025-07-30 01:39:17,2025-07-30 02:14:26,0.5858333333333333
24388,2025-07-30 02:56:32,2025-07-30 03:32:38,0.6016666666666667
24389,2025-07-30 03:35:27,2025-07-30 04:07:51,0.54
24390,2025-07-30 04:08:28,2025-07-30 04:40:04,0.5266666666666666
24391,2025-07-30 06:01:52,2025-07-30 08:29:06,2.453888888888889
24392,2025-07-30 12:20:17,2025-07-30 12:23:20,0.050833333333333335
24393,2025-07-30 12:33:21,2025-07-30 12:36:03,0.045
24394,2025-07-30 16:36:19,2025-07-30 17:16:05,0.6627777777777778
24395,2025-07-30 17:29:11,2025-07-30 17:29:56,0.0125
24396,2025-07-30 21:41:35,2025-07-30 22:11:47,0.5033333333333333
24397,2025-07-30 22:12:10,2025-07-30 22:42:22,0.5033333333333333
24398,2025-07-30 22:43:37,2025-07-30 23:13:39,0.5005555555555555
24399,2025-07-30 23:14:26,2025-07-30 23:44:50,0.5066666666666667
24400,2025-07-30 23:52:31,2025-07-31 00:25:31,0.55
24401,2025-07-31 00:25:58,2025-07-31 00:57:28,0.525
24402,2025-07-31 00:57:40,2025-07-31 01:30:16,0.5433333333333333
24403,2025-07-31 01:37:17,2025-07-31 02:10:28,0.5530555555555555
24405,2025-07-31 02:11:25,2025-07-31 02:43:11,0.5294444444444445
24406,2025-07-31 02:57:02,2025-07-31 03:28:20,0.5216666666666666
24407,2025-07-31 03:28:35,2025-07-31 03:59:25,0.5138888888888888
24408,2025-07-31 03:59:36,2025-07-31 04:30:18,0.5116666666666667
24409,2025-07-31 04:30:33,2025-07-31 05:01:11,0.5105555555555555
24410,2025-07-31 05:01:20,2025-07-31 05:32:34,0.5205555555555555
24411,2025-07-31 05:38:12,2025-07-31 06:10:22,0.5361111111111111
24412,2025-07-31 06:10:39,2025-07-31 06:41:51,0.52
24413,2025-07-31 06:42:02,2025-07-31 07:13:20,0.5216666666666666
24414,2025-07-31 07:13:33,2025-07-31 07:44:45,0.52
24415,2025-07-31 07:55:38,2025-07-31 08:03:21,0.12861111111111112
24416,2025-07-31 11:49:52,2025-07-31 12:25:19,0.5908333333333333
24417,2025-07-31 12:25:49,2025-07-31 12:56:40,0.5141666666666667
24418,2025-07-31 12:57:14,2025-07-31 13:30:44,0.5583333333333333
24419,2025-07-31 13:31:19,2025-07-31 14:02:57,0.5272222222222223
24420,2025-07-31 14:03:46,2025-07-31 14:07:37,0.06416666666666666
24421,2025-07-31 14:58:48,2025-07-31 15:24:44,0.43222222222222223
24422,2025-07-31 16:53:48,2025-07-31 17:14:43,0.3486111111111111
24423,2025-07-31 17:15:44,2025-07-31 17:46:26,0.5116666666666667
24424,2025-07-31 17:53:15,2025-07-31 18:23:41,0.5072222222222222
24425,2025-07-31 18:24:10,2025-07-31 18:54:32,0.5061111111111111
24426,2025-07-31 18:55:38,2025-07-31 19:26:08,0.5083333333333333
24427,2025-07-31 19:27:25,2025-07-31 19:57:35,0.5027777777777778
24428,2025-07-31 21:45:53,2025-07-31 22:16:51,0.5161111111111111
24429,2025-07-31 22:17:48,2025-07-31 22:48:32,0.5122222222222222
24430,2025-07-31 22:48:59,2025-07-31 23:25:19,0.6055555555555555
24431,2025-07-31 23:25:44,2025-07-31 23:55:54,0.5027777777777778
24432,2025-07-31 23:56:17,2025-08-01 00:27:53,0.5266666666666666
24433,2025-08-01 00:28:20,2025-08-01 01:01:02,0.545
24434,2025-08-01 01:01:17,2025-08-01 01:31:25,0.5022222222222222
24435,2025-08-01 01:31:38,2025-08-01 02:01:56,0.505
24436,2025-08-01 02:02:15,2025-08-01 02:33:19,0.5177777777777778
24437,2025-08-01 02:33:30,2025-08-01 03:04:48,0.5216666666666666
24438,2025-08-01 03:07:45,2025-08-01 03:24:19,0.2761111111111111
24439,2025-08-01 03:24:54,2025-08-01 03:27:21,0.04083333333333333
24440,2025-08-01 03:28:32,2025-08-01 03:44:18,0.2627777777777778
24441,2025-08-01 04:01:51,2025-08-01 04:32:55,0.5177777777777778
24442,2025-08-01 04:38:28,2025-08-01 05:10:22,0.5316666666666666
24443,2025-08-01 05:10:53,2025-08-01 05:41:43,0.5138888888888888
24444,2025-08-01 05:42:06,2025-08-01 06:13:18,0.52
24445,2025-08-01 06:13:34,2025-08-01 06:31:17,0.29527777777777775
24446,2025-08-01 06:33:24,2025-08-01 06:56:46,0.3894444444444444
24447,2025-08-01 10:37:20,2025-08-01 11:07:16,0.4988888888888889
24448,2025-08-01 11:07:41,2025-08-01 11:33:53,0.43666666666666665
24449,2025-08-01 11:43:40,2025-08-01 12:15:20,0.5277777777777778
24450,2025-08-01 12:15:47,2025-08-01 12:47:16,0.5247222222222222
24451,2025-08-01 12:47:39,2025-08-01 13:18:15,0.51
24452,2025-08-01 13:18:38,2025-08-01 13:49:16,0.5105555555555555
24453,2025-08-01 13:49:37,2025-08-01 14:19:59,0.5061111111111111
24454,2025-08-01 14:20:30,2025-08-01 14:54:46,0.5711111111111111
24455,2025-08-01 14:56:21,2025-08-01 15:11:19,0.24944444444444444
24456,2025-08-01 15:12:02,2025-08-01 15:42:24,0.5061111111111111
24457,2025-08-01 15:45:19,2025-08-01 15:53:23,0.13444444444444445
24458,2025-08-01 15:58:20,2025-08-01 16:14:48,0.27444444444444444
24459,2025-08-01 16:27:03,2025-08-01 16:30:39,0.06
24460,2025-08-01 16:31:20,2025-08-01 17:01:42,0.5061111111111111
24461,2025-08-01 17:02:17,2025-08-01 17:11:52,0.1597222222222222
24462,2025-08-01 17:18:36,2025-08-01 17:46:02,0.4572222222222222
24464,2025-08-01 17:46:39,2025-08-01 18:17:01,0.5061111111111111
24465,2025-08-01 18:19:58,2025-08-01 18:36:06,0.2688888888888889
24466,2025-08-01 18:38:21,2025-08-01 18:54:58,0.27694444444444444
24467,2025-08-01 18:56:14,2025-08-01 18:57:17,0.0175
24468,2025-08-01 18:57:32,2025-08-01 19:13:53,0.2725
24469,2025-08-01 19:23:59,2025-08-01 19:54:25,0.5072222222222222
24470,2025-08-01 19:54:54,2025-08-01 20:26:24,0.525
24471,2025-08-01 20:26:43,2025-08-01 20:57:21,0.5105555555555555
24472,2025-08-01 20:57:48,2025-08-01 21:21:30,0.395
24473,2025-08-01 21:52:16,2025-08-01 22:02:31,0.17083333333333334
24474,2025-08-01 22:03:08,2025-08-01 22:38:08,0.5833333333333334
24475,2025-08-01 22:38:57,2025-08-01 23:11:21,0.54
24476,2025-08-01 23:11:50,2025-08-01 23:43:26,0.5266666666666666
24477,2025-08-01 23:43:45,2025-08-02 00:12:25,0.4777777777777778
24478,2025-08-02 00:12:58,2025-08-02 00:45:12,0.5372222222222223
24479,2025-08-02 00:46:13,2025-08-02 01:16:55,0.5116666666666667
24480,2025-08-02 01:20:02,2025-08-02 01:52:39,0.5436111111111112
24481,2025-08-02 01:54:00,2025-08-02 02:09:36,0.26
24482,2025-08-02 02:35:00,2025-08-02 02:48:41,0.22805555555555557
24483,2025-08-02 02:49:47,2025-08-02 03:06:02,0.2708333333333333
24484,2025-08-02 03:10:23,2025-08-02 03:25:49,0.25722222222222224
24485,2025-08-02 03:39:23,2025-08-02 04:10:49,0.5238888888888888
24486,2025-08-02 04:11:08,2025-08-02 04:41:50,0.5116666666666667
24487,2025-08-02 04:42:34,2025-08-02 05:13:16,0.5116666666666667
24488,2025-08-02 05:13:44,2025-08-02 05:44:44,0.5166666666666667
24489,2025-08-02 05:45:09,2025-08-02 06:15:15,0.5016666666666667
24490,2025-08-02 06:15:50,2025-08-02 06:45:47,0.49916666666666665
24491,2025-08-02 06:46:11,2025-08-02 07:15:50,0.49416666666666664
24492,2025-08-02 07:16:14,2025-08-02 07:46:14,0.5
24493,2025-08-02 07:46:43,2025-08-02 08:17:19,0.51
24494,2025-08-02 08:18:02,2025-08-02 08:48:22,0.5055555555555555
24495,2025-08-02 08:50:23,2025-08-02 09:05:42,0.25527777777777777
24496,2025-08-02 09:09:07,2025-08-02 09:24:37,0.25833333333333336
24497,2025-08-02 09:29:25,2025-08-02 09:45:46,0.2725
24498,2025-08-02 09:47:11,2025-08-02 10:03:19,0.2688888888888889
24499,2025-08-02 10:07:30,2025-08-02 10:37:26,0.4988888888888889
24500,2025-08-02 10:37:47,2025-08-02 11:08:13,0.5072222222222222
24501,2025-08-02 11:23:23,2025-08-02 11:53:17,0.49833333333333335
24502,2025-08-02 11:53:42,2025-08-02 12:24:14,0.5088888888888888
24503,2025-08-02 12:24:33,2025-08-02 12:55:29,0.5155555555555555
24504,2025-08-02 12:55:52,2025-08-02 13:26:20,0.5077777777777778
24505,2025-08-02 13:26:49,2025-08-02 13:57:51,0.5172222222222222
24506,2025-08-02 13:58:18,2025-08-02 14:28:24,0.5016666666666667
24507,2025-08-02 14:28:47,2025-08-02 14:59:15,0.5077777777777778
24508,2025-08-02 15:12:27,2025-08-02 15:36:54,0.4075
24509,2025-08-02 17:54:22,2025-08-02 18:30:26,0.6011111111111112
24510,2025-08-02 18:31:05,2025-08-02 19:01:23,0.505
24511,2025-08-02 19:01:54,2025-08-02 19:32:16,0.5061111111111111
24512,2025-08-02 19:32:51,2025-08-02 20:05:31,0.5444444444444444
24513,2025-08-02 20:13:15,2025-08-02 20:43:17,0.5005555555555555
24514,2025-08-02 20:43:38,2025-08-02 21:14:16,0.5105555555555555
24515,2025-08-02 21:14:33,2025-08-02 21:44:17,0.4955555555555556
24516,2025-08-02 21:49:11,2025-08-02 22:42:38,0.8908333333333334
24518,2025-08-02 22:44:11,2025-08-02 22:48:18,0.06861111111111111
24521,2025-08-02 23:01:46,2025-08-02 23:32:02,0.5044444444444445
24522,2025-08-02 23:32:41,2025-08-03 00:03:46,0.5180555555555556
24523,2025-08-03 00:05:15,2025-08-03 00:35:23,0.5022222222222222
24524,2025-08-03 00:36:58,2025-08-03 01:07:39,0.5113888888888889
24525,2025-08-03 01:10:18,2025-08-03 01:40:42,0.5066666666666667
24526,2025-08-03 01:46:56,2025-08-03 02:18:06,0.5194444444444445
24527,2025-08-03 02:19:19,2025-08-03 02:49:47,0.5077777777777778
24528,2025-08-03 02:51:28,2025-08-03 03:21:22,0.49833333333333335
24529,2025-08-03 03:22:59,2025-08-03 03:57:05,0.5683333333333334
24530,2025-08-03 04:00:52,2025-08-03 04:34:20,0.5577777777777778
24531,2025-08-03 04:35:34,2025-08-03 05:06:16,0.5116666666666667
24532,2025-08-03 05:07:19,2025-08-03 05:38:23,0.5177777777777778
24533,2025-08-03 05:39:33,2025-08-03 06:10:25,0.5144444444444445
24534,2025-08-03 06:11:22,2025-08-03 06:50:52,0.6583333333333333
24535,2025-08-03 06:51:55,2025-08-03 07:23:23,0.5244444444444445
24536,2025-08-03 11:49:45,2025-08-03 12:06:21,0.27666666666666667
24537,2025-08-03 12:08:36,2025-08-03 12:17:29,0.14805555555555555
24538,2025-08-03 13:08:28,2025-08-03 13:13:51,0.08972222222222222
24539,2025-08-03 13:24:45,2025-08-03 13:25:32,0.013055555555555556
24540,2025-08-03 13:38:11,2025-08-03 13:38:50,0.010833333333333334
24541,2025-08-03 14:10:33,2025-08-03 14:36:13,0.42777777777777776
24542,2025-08-03 14:44:34,2025-08-03 14:45:17,0.011944444444444445
24543,2025-08-03 14:58:46,2025-08-03 15:14:26,0.2611111111111111
24544,2025-08-03 15:17:01,2025-08-03 15:42:33,0.4255555555555556
24545,2025-08-03 15:51:15,2025-08-03 16:07:32,0.2713888888888889
24546,2025-08-03 16:10:25,2025-08-03 16:28:33,0.3022222222222222
24547,2025-08-03 16:34:52,2025-08-03 16:54:36,0.3288888888888889
24548,2025-08-03 16:56:19,2025-08-03 17:00:19,0.06666666666666667
24549,2025-08-03 17:01:46,2025-08-03 17:34:16,0.5416666666666666
24550,2025-08-03 17:38:09,2025-08-03 17:57:37,0.3244444444444444
24551,2025-08-03 17:59:50,2025-08-03 18:25:31,0.4280555555555556
24552,2025-08-03 18:42:37,2025-08-03 18:45:03,0.04055555555555555
24553,2025-08-03 18:45:18,2025-08-03 19:10:42,0.42333333333333334
24554,2025-08-03 19:18:51,2025-08-03 19:47:41,0.48055555555555557
24555,2025-08-03 19:54:28,2025-08-03 20:20:28,0.43333333333333335
24556,2025-08-03 20:25:21,2025-08-03 20:52:45,0.45666666666666667
24557,2025-08-03 20:55:50,2025-08-03 21:21:28,0.4272222222222222
24558,2025-08-03 21:27:19,2025-08-03 22:14:26,0.7852777777777777
24559,2025-08-03 22:21:07,2025-08-03 23:01:49,0.6783333333333333
24560,2025-08-03 23:09:02,2025-08-03 23:51:40,0.7105555555555556
24561,2025-08-03 23:56:45,2025-08-04 00:38:32,0.6963888888888888
24562,2025-08-04 00:39:31,2025-08-04 01:29:37,0.835
24571,2025-08-04 08:23:01,2025-08-04 08:25:32,0.041944444444444444
24572,2025-08-04 10:54:34,2025-08-04 11:14:17,0.32861111111111113
24573,2025-08-04 11:18:03,2025-08-04 11:46:52,0.4802777777777778
24574,2025-08-04 11:56:48,2025-08-04 12:20:02,0.38722222222222225
24575,2025-08-04 12:20:45,2025-08-04 12:47:53,0.45222222222222225
24576,2025-08-04 12:59:21,2025-08-04 13:16:59,0.29388888888888887
24577,2025-08-04 13:17:48,2025-08-04 13:34:48,0.2833333333333333
24578,2025-08-04 13:44:05,2025-08-04 14:08:35,0.4083333333333333
24579,2025-08-04 14:09:26,2025-08-04 14:38:29,0.4841666666666667
24580,2025-08-04 14:44:06,2025-08-04 15:01:47,0.2947222222222222
24581,2025-08-04 15:02:51,2025-08-04 15:28:40,0.43027777777777776
24582,2025-08-04 15:38:42,2025-08-04 16:05:50,0.45222222222222225
24583,2025-08-04 16:15:44,2025-08-04 16:44:26,0.47833333333333333
24584,2025-08-04 16:48:51,2025-08-04 17:18:01,0.4861111111111111
24585,2025-08-04 17:24:52,2025-08-04 17:41:12,0.2722222222222222
24586,2025-08-04 22:10:36,2025-08-04 22:12:19,0.02861111111111111
24587,2025-08-04 22:53:23,2025-08-04 23:05:57,0.20944444444444443
24588,2025-08-04 23:11:34,2025-08-04 23:38:48,0.4538888888888889
24589,2025-08-04 23:58:50,2025-08-05 00:40:30,0.6944444444444444
24590,2025-08-05 00:40:59,2025-08-05 01:21:21,0.6727777777777778
24591,2025-08-05 01:32:29,2025-08-05 02:15:23,0.715
24592,2025-08-05 02:15:58,2025-08-05 02:56:28,0.675
24593,2025-08-05 03:03:14,2025-08-05 03:50:48,0.7927777777777778
24594,2025-08-05 03:51:35,2025-08-05 04:32:17,0.6783333333333333
24595,2025-08-05 04:40:05,2025-08-05 05:21:13,0.6855555555555556
24596,2025-08-05 05:28:36,2025-08-05 06:09:21,0.6791666666666667
24597,2025-08-05 06:09:52,2025-08-05 07:00:16,0.84
24598,2025-08-05 07:12:20,2025-08-05 08:04:48,0.8744444444444445
24599,2025-08-05 08:05:29,2025-08-05 08:56:34,0.8513888888888889
24600,2025-08-05 09:06:59,2025-08-05 10:16:50,1.1641666666666666
24601,2025-08-05 11:00:38,2025-08-05 11:42:19,0.6947222222222222
24602,2025-08-05 11:58:30,2025-08-05 12:39:55,0.6902777777777778
24603,2025-08-05 12:46:54,2025-08-05 13:29:40,0.7127777777777777
24604,2025-08-05 13:37:57,2025-08-05 14:20:36,0.7108333333333333
24605,2025-08-05 14:25:03,2025-08-05 15:05:19,0.6711111111111111
24606,2025-08-05 15:13:06,2025-08-05 16:05:49,0.8786111111111111
24607,2025-08-05 16:09:20,2025-08-05 17:00:35,0.8541666666666666
24608,2025-08-05 17:05:04,2025-08-05 17:56:24,0.8555555555555555
24609,2025-08-05 18:03:01,2025-08-05 18:54:42,0.8613888888888889
24610,2025-08-05 18:59:25,2025-08-05 19:50:54,0.8580555555555556
24611,2025-08-05 21:00:23,2025-08-05 21:04:46,0.07305555555555555
24612,2025-08-05 21:29:56,2025-08-05 22:01:10,0.5205555555555555
24613,2025-08-05 22:01:23,2025-08-05 22:32:17,0.515
24614,2025-08-05 22:32:34,2025-08-05 23:04:18,0.5288888888888889
24615,2025-08-05 23:04:31,2025-08-05 23:35:49,0.5216666666666666
24616,2025-08-05 23:36:13,2025-08-06 00:06:40,0.5075
24617,2025-08-06 00:07:36,2025-08-06 00:38:28,0.5144444444444445
24618,2025-08-06 00:39:02,2025-08-06 01:09:18,0.5044444444444445
24619,2025-08-06 01:10:04,2025-08-06 01:25:47,0.2619444444444444
24620,2025-08-06 01:51:55,2025-08-06 02:06:47,0.2477777777777778
24621,2025-08-06 23:07:01,2025-08-06 23:37:51,0.5138888888888888
24622,2025-08-06 23:39:02,2025-08-07 00:09:24,0.5061111111111111
24623,2025-08-07 00:16:22,2025-08-07 00:38:16,0.365
24624,2025-08-07 01:24:26,2025-08-07 01:36:16,0.19722222222222222
24625,2025-08-07 01:39:13,2025-08-07 01:59:45,0.3422222222222222
24626,2025-08-07 02:00:36,2025-08-07 02:15:48,0.25333333333333335
24627,2025-08-07 02:52:48,2025-08-07 03:23:20,0.5088888888888888
24628,2025-08-07 03:23:57,2025-08-07 03:54:43,0.5127777777777778
24629,2025-08-07 03:55:14,2025-08-07 04:27:48,0.5427777777777778
24630,2025-08-07 04:28:03,2025-08-07 04:59:39,0.5266666666666666
24631,2025-08-07 05:00:36,2025-08-07 05:30:58,0.5061111111111111
24632,2025-08-07 05:31:13,2025-08-07 06:01:15,0.5005555555555555
24633,2025-08-07 06:01:28,2025-08-07 06:11:32,0.16777777777777778
24634,2025-08-07 06:48:50,2025-08-07 07:20:40,0.5305555555555556
24635,2025-08-07 07:21:39,2025-08-07 07:51:59,0.5055555555555555
24636,2025-08-07 07:53:52,2025-08-07 08:36:47,0.7152777777777778
24637,2025-08-07 08:43:36,2025-08-07 09:02:04,0.30777777777777776
24638,2025-08-07 09:05:21,2025-08-07 09:06:40,0.021944444444444444
24639,2025-08-07 15:40:03,2025-08-07 18:43:43,3.061111111111111
24640,2025-08-07 19:22:13,2025-08-07 19:44:49,0.37666666666666665
24641,2025-08-07 19:52:54,2025-08-07 20:25:04,0.5361111111111111
24642,2025-08-07 20:25:29,2025-08-07 20:56:18,0.5136111111111111
24643,2025-08-07 20:56:37,2025-08-07 21:27:23,0.5127777777777778
24644,2025-08-07 21:29:24,2025-08-07 21:45:48,0.2733333333333333
24645,2025-08-07 21:46:51,2025-08-07 22:03:55,0.28444444444444444
24646,2025-08-07 22:26:55,2025-08-07 23:05:21,0.6405555555555555
24647,2025-08-07 23:05:44,2025-08-07 23:39:10,0.5572222222222222
24648,2025-08-07 23:39:29,2025-08-08 00:09:15,0.4961111111111111
24649,2025-08-08 00:09:58,2025-08-08 00:40:24,0.5072222222222222
24650,2025-08-08 00:40:47,2025-08-08 01:11:17,0.5083333333333333
24651,2025-08-08 01:12:32,2025-08-08 01:42:44,0.5033333333333333
24652,2025-08-08 01:44:55,2025-08-08 02:01:05,0.26944444444444443
24653,2025-08-08 02:02:28,2025-08-08 02:17:47,0.25527777777777777
24654,2025-08-08 02:33:47,2025-08-08 03:04:21,0.5094444444444445
24655,2025-08-08 03:04:36,2025-08-08 03:37:16,0.5444444444444444
24656,2025-08-08 03:37:29,2025-08-08 04:08:51,0.5227777777777778
24657,2025-08-08 04:09:10,2025-08-08 04:39:54,0.5122222222222222
24658,2025-08-08 04:40:09,2025-08-08 05:10:17,0.5022222222222222
24659,2025-08-08 05:10:40,2025-08-08 05:41:18,0.5105555555555555
24660,2025-08-08 05:41:39,2025-08-08 06:00:51,0.32
24661,2025-08-08 06:25:37,2025-08-08 06:55:17,0.49444444444444446
24662,2025-08-08 06:55:46,2025-08-08 07:26:48,0.5172222222222222
24663,2025-08-08 07:28:59,2025-08-08 07:45:45,0.27944444444444444
24664,2025-08-08 07:45:58,2025-08-08 07:46:31,0.009166666666666667
24665,2025-08-08 07:50:50,2025-08-08 08:08:34,0.29555555555555557
24666,2025-08-08 08:27:42,2025-08-08 09:06:20,0.6438888888888888
24667,2025-08-08 09:06:49,2025-08-08 09:38:15,0.5238888888888888
24668,2025-08-08 11:00:35,2025-08-08 11:33:27,0.5477777777777778
24669,2025-08-08 11:33:52,2025-08-08 12:07:52,0.5666666666666667
24670,2025-08-08 12:08:19,2025-08-08 12:41:26,0.5519444444444445
24671,2025-08-08 12:42:05,2025-08-08 13:13:00,0.5152777777777777
24672,2025-08-08 13:15:06,2025-08-08 13:54:32,0.6572222222222223
24673,2025-08-08 13:56:45,2025-08-08 14:29:21,0.5433333333333333
24674,2025-08-08 14:35:10,2025-08-08 15:26:21,0.8530555555555556
24675,2025-08-08 15:28:20,2025-08-08 16:02:00,0.5611111111111111
24676,2025-08-08 16:02:25,2025-08-08 16:32:15,0.49722222222222223
24677,2025-08-08 16:32:38,2025-08-08 17:03:26,0.5133333333333333
24678,2025-08-08 17:03:51,2025-08-08 17:33:23,0.4922222222222222
24679,2025-08-08 17:33:44,2025-08-08 18:04:16,0.5088888888888888
24680,2025-08-08 18:05:09,2025-08-08 18:45:00,0.6641666666666667
24681,2025-08-08 18:47:41,2025-08-08 19:18:15,0.5094444444444445
24682,2025-08-08 19:20:42,2025-08-08 19:51:44,0.5172222222222222
24683,2025-08-08 19:54:07,2025-08-08 20:06:44,0.21027777777777779
24684,2025-08-08 20:22:40,2025-08-08 20:53:14,0.5094444444444445
24685,2025-08-08 20:53:39,2025-08-08 21:24:41,0.5172222222222222
24686,2025-08-08 21:25:34,2025-08-08 21:54:50,0.48777777777777775
24687,2025-08-08 22:00:05,2025-08-08 22:31:32,0.5241666666666667
24688,2025-08-08 22:31:46,2025-08-08 23:04:33,0.5463888888888889
24689,2025-08-09 00:35:44,2025-08-09 00:37:18,0.026111111111111113
24690,2025-08-09 03:18:28,2025-08-09 03:49:57,0.5247222222222222
24691,2025-08-09 03:50:46,2025-08-09 04:21:46,0.5166666666666667
24692,2025-08-09 04:22:11,2025-08-09 04:53:18,0.5186111111111111
24693,2025-08-09 04:53:29,2025-08-09 05:25:25,0.5322222222222223
24694,2025-08-09 05:25:44,2025-08-09 05:56:24,0.5111111111111111
24695,2025-08-09 05:56:41,2025-08-09 06:27:15,0.5094444444444445
24696,2025-08-09 06:27:36,2025-08-09 06:34:20,0.11222222222222222
24697,2025-08-09 06:38:51,2025-08-09 07:09:19,0.5077777777777778
24698,2025-08-09 07:09:42,2025-08-09 07:40:16,0.5094444444444445
24699,2025-08-09 07:40:31,2025-08-09 08:16:07,0.5933333333333334
24700,2025-08-09 08:16:32,2025-08-09 08:22:36,0.10111111111111111
24701,2025-08-09 08:58:08,2025-08-09 09:34:09,0.6002777777777778
24702,2025-08-09 09:35:47,2025-08-09 10:13:27,0.6277777777777778
24703,2025-08-09 10:14:34,2025-08-09 10:59:20,0.7461111111111111
24704,2025-08-09 11:00:14,2025-08-09 11:02:39,0.04027777777777778
24705,2025-08-09 11:04:12,2025-08-09 11:21:22,0.2861111111111111
24706,2025-08-09 11:23:47,2025-08-09 11:46:39,0.3811111111111111
24707,2025-08-09 12:28:21,2025-08-09 13:02:45,0.5733333333333334
24708,2025-08-09 13:03:20,2025-08-09 13:33:20,0.5
24709,2025-08-09 13:33:51,2025-08-09 14:05:55,0.5344444444444445
24710,2025-08-09 14:06:34,2025-08-09 14:37:30,0.5155555555555555
24711,2025-08-09 14:42:37,2025-08-09 15:04:09,0.35888888888888887
24712,2025-08-09 15:09:02,2025-08-09 15:27:56,0.315
24713,2025-08-09 15:43:19,2025-08-09 16:20:17,0.6161111111111112
24714,2025-08-09 16:20:53,2025-08-09 16:59:03,0.6361111111111111
24715,2025-08-09 16:59:44,2025-08-09 17:37:00,0.6211111111111111
24716,2025-08-09 17:37:33,2025-08-09 18:15:57,0.64
24717,2025-08-09 18:16:24,2025-08-09 18:51:22,0.5827777777777777
24718,2025-08-09 18:51:43,2025-08-09 19:31:42,0.6663888888888889
24719,2025-08-09 19:32:13,2025-08-09 20:03:03,0.5138888888888888
24720,2025-08-09 20:05:28,2025-08-09 20:41:12,0.5955555555555555
24721,2025-08-09 20:41:35,2025-08-09 21:16:23,0.58
24722,2025-08-09 21:16:46,2025-08-09 21:50:11,0.5569444444444445
24723,2025-08-09 21:50:36,2025-08-09 22:24:44,0.5688888888888889
24724,2025-08-09 22:27:13,2025-08-09 23:02:43,0.5916666666666667
24725,2025-08-09 23:03:10,2025-08-09 23:40:58,0.63
24726,2025-08-09 23:41:31,2025-08-10 00:12:09,0.5105555555555555
24727,2025-08-10 00:13:59,2025-08-10 00:45:23,0.5233333333333333
24728,2025-08-10 00:48:12,2025-08-10 01:19:24,0.52
24729,2025-08-10 01:21:06,2025-08-10 01:52:42,0.5266666666666666
24730,2025-08-10 02:03:10,2025-08-10 02:34:30,0.5222222222222223
24731,2025-08-10 02:37:18,2025-08-10 03:12:08,0.5805555555555556
24732,2025-08-10 03:14:44,2025-08-10 03:45:24,0.5111111111111111
24733,2025-08-10 03:49:50,2025-08-10 04:21:12,0.5227777777777778
24734,2025-08-10 04:37:21,2025-08-10 05:08:22,0.5169444444444444
24735,2025-08-10 05:10:52,2025-08-10 05:43:27,0.5430555555555555
24737,2025-08-10 05:45:08,2025-08-10 06:03:14,0.3016666666666667
24738,2025-08-10 09:32:01,2025-08-10 10:08:08,0.6019444444444444
24739,2025-08-10 10:08:53,2025-08-10 10:45:35,0.6116666666666667
24740,2025-08-10 10:46:00,2025-08-10 11:18:02,0.5338888888888889
24741,2025-08-10 11:18:41,2025-08-10 11:49:53,0.52
24742,2025-08-10 11:50:26,2025-08-10 12:40:27,0.8336111111111111
24743,2025-08-10 12:41:10,2025-08-10 13:18:13,0.6175
24744,2025-08-10 13:20:04,2025-08-10 14:03:36,0.7255555555555555
24745,2025-08-10 16:40:44,2025-08-10 17:15:56,0.5866666666666667
24746,2025-08-10 17:51:52,2025-08-10 18:22:48,0.5155555555555555
24747,2025-08-10 18:24:40,2025-08-10 18:58:26,0.5627777777777778
24748,2025-08-10 19:00:17,2025-08-10 19:35:59,0.595
24749,2025-08-10 19:38:36,2025-08-10 19:42:59,0.07305555555555555
24750,2025-08-10 19:44:22,2025-08-10 20:00:50,0.27444444444444444
24751,2025-08-10 20:15:43,2025-08-10 20:19:03,0.05555555555555555
24752,2025-08-10 20:24:56,2025-08-10 20:43:42,0.31277777777777777
24753,2025-08-10 20:52:29,2025-08-10 21:05:27,0.21611111111111111
24754,2025-08-10 21:42:11,2025-08-10 21:47:07,0.08222222222222222
24755,2025-08-10 23:04:42,2025-08-10 23:40:26,0.5955555555555555
24756,2025-08-10 23:41:07,2025-08-11 00:26:44,0.7602777777777778
24757,2025-08-11 00:28:59,2025-08-11 00:38:41,0.16166666666666665
24758,2025-08-11 00:45:11,2025-08-11 01:27:33,0.7061111111111111
24759,2025-08-11 01:30:26,2025-08-11 02:02:27,0.5336111111111111
24760,2025-08-11 02:10:29,2025-08-11 02:13:28,0.04972222222222222
24761,2025-08-11 02:17:04,2025-08-11 02:21:27,0.07305555555555555
24762,2025-08-11 02:23:45,2025-08-11 02:43:02,0.3213888888888889
24764,2025-08-11 02:47:04,2025-08-11 02:49:47,0.04527777777777778
24765,2025-08-11 02:52:23,2025-08-11 03:11:08,0.3125
24766,2025-08-11 03:25:16,2025-08-11 03:58:56,0.5611111111111111
24767,2025-08-11 04:06:28,2025-08-11 04:38:22,0.5316666666666666
24768,2025-08-11 04:40:16,2025-08-11 05:14:38,0.5727777777777778
24769,2025-08-11 05:16:22,2025-08-11 05:33:21,0.28305555555555556
24770,2025-08-11 06:47:21,2025-08-11 07:35:54,0.8091666666666667
24771,2025-08-11 08:19:02,2025-08-11 08:21:21,0.03861111111111111
24772,2025-08-11 08:24:48,2025-08-11 08:55:36,0.5133333333333333
24773,2025-08-11 08:58:21,2025-08-11 09:28:33,0.5033333333333333
24774,2025-08-11 09:30:27,2025-08-11 10:01:35,0.5188888888888888
24775,2025-08-11 10:13:43,2025-08-11 10:46:23,0.5444444444444444
24776,2025-08-11 10:46:52,2025-08-11 11:19:02,0.5361111111111111
24777,2025-08-11 11:19:25,2025-08-11 11:52:31,0.5516666666666666
24778,2025-08-11 11:54:42,2025-08-11 12:26:46,0.5344444444444445
24779,2025-08-11 13:11:07,2025-08-11 13:46:05,0.5827777777777777
24780,2025-08-11 13:47:04,2025-08-11 14:20:10,0.5516666666666666
24781,2025-08-11 14:21:35,2025-08-11 14:52:21,0.5127777777777778
24782,2025-08-11 14:52:49,2025-08-11 15:32:15,0.6572222222222223
24783,2025-08-11 15:32:32,2025-08-11 16:04:10,0.5272222222222223
24784,2025-08-11 16:06:03,2025-08-11 16:36:25,0.5061111111111111
24785,2025-08-11 16:37:23,2025-08-11 17:11:43,0.5722222222222222
24786,2025-08-11 17:12:40,2025-08-11 17:46:58,0.5716666666666667
24787,2025-08-11 17:48:00,2025-08-11 18:18:24,0.5066666666666667
24788,2025-08-11 18:19:37,2025-08-11 18:52:41,0.5511111111111111
24789,2025-08-11 18:53:49,2025-08-11 19:24:21,0.5088888888888888
24790,2025-08-11 19:27:25,2025-08-11 19:58:15,0.5138888888888888
24791,2025-08-11 20:00:33,2025-08-11 20:31:21,0.5133333333333333
24792,2025-08-11 20:32:52,2025-08-11 20:48:54,0.26722222222222225
24793,2025-08-11 20:50:42,2025-08-11 21:07:51,0.28583333333333333
24794,2025-08-11 21:14:17,2025-08-11 21:36:26,0.36916666666666664
24795,2025-08-11 21:42:28,2025-08-11 22:13:32,0.5177777777777778
24796,2025-08-11 22:14:49,2025-08-11 22:18:11,0.05611111111111111
24797,2025-08-11 23:05:38,2025-08-11 23:36:22,0.5122222222222222
24798,2025-08-11 23:38:06,2025-08-12 00:12:38,0.5755555555555556
24799,2025-08-12 00:14:23,2025-08-12 00:17:00,0.043611111111111114
24800,2025-08-12 00:17:11,2025-08-12 00:59:20,0.7025
24801,2025-08-12 00:59:39,2025-08-12 01:00:49,0.019444444444444445
24802,2025-08-12 01:01:44,2025-08-12 01:17:53,0.26916666666666667
24803,2025-08-12 01:29:30,2025-08-12 01:59:57,0.5075
24804,2025-08-12 02:01:06,2025-08-12 02:32:32,0.5238888888888888
24805,2025-08-12 02:33:07,2025-08-12 03:05:09,0.5338888888888889
24806,2025-08-12 03:05:23,2025-08-12 03:35:21,0.49944444444444447
24807,2025-08-12 03:35:38,2025-08-12 04:06:20,0.5116666666666667
24808,2025-08-12 04:06:35,2025-08-12 04:39:09,0.5427777777777778
24809,2025-08-12 04:39:20,2025-08-12 05:10:00,0.5111111111111111
24810,2025-08-12 05:10:11,2025-08-12 05:40:30,0.5052777777777778
24811,2025-08-12 05:40:43,2025-08-12 06:13:25,0.545
24812,2025-08-12 06:15:52,2025-08-12 06:48:34,0.545
24813,2025-08-12 06:49:51,2025-08-12 07:12:41,0.38055555555555554
24814,2025-08-12 07:25:19,2025-08-12 07:56:09,0.5138888888888888
24815,2025-08-12 07:56:20,2025-08-12 08:26:28,0.5022222222222222
24816,2025-08-12 08:27:09,2025-08-12 08:57:53,0.5122222222222222
24817,2025-08-12 08:58:20,2025-08-12 09:34:15,0.5986111111111111
24818,2025-08-12 10:15:51,2025-08-12 10:48:21,0.5416666666666666
24819,2025-08-12 10:48:44,2025-08-12 11:23:10,0.5738888888888889
24820,2025-08-12 11:23:33,2025-08-12 12:00:10,0.6102777777777778
24821,2025-08-12 12:06:53,2025-08-12 12:39:41,0.5466666666666666
24822,2025-08-12 12:40:08,2025-08-12 13:10:58,0.5138888888888888
24823,2025-08-12 13:11:31,2025-08-12 13:46:16,0.5791666666666667
24824,2025-08-12 13:58:47,2025-08-12 14:29:19,0.5088888888888888
24825,2025-08-12 14:30:16,2025-08-12 15:02:16,0.5333333333333333
24826,2025-08-12 15:02:41,2025-08-12 15:35:19,0.5438888888888889
24827,2025-08-12 15:36:14,2025-08-12 16:07:22,0.5188888888888888
24828,2025-08-12 16:09:39,2025-08-12 16:49:26,0.6630555555555555
24829,2025-08-12 17:36:28,2025-08-12 18:09:04,0.5433333333333333
24830,2025-08-12 18:10:08,2025-08-12 18:41:34,0.5238888888888888
24831,2025-08-12 18:42:45,2025-08-12 19:13:25,0.5111111111111111
24832,2025-08-12 19:15:02,2025-08-12 19:45:37,0.5097222222222222
24833,2025-08-12 20:02:05,2025-08-12 20:06:22,0.07138888888888889
24834,2025-08-12 20:07:19,2025-08-12 20:19:56,0.21027777777777779
24835,2025-08-12 20:59:38,2025-08-12 21:07:06,0.12444444444444444
24836,2025-08-12 21:12:23,2025-08-12 21:20:29,0.135
24837,2025-08-12 21:30:20,2025-08-12 21:43:52,0.22555555555555556
24838,2025-08-12 21:45:41,2025-08-12 21:58:53,0.22
24839,2025-08-12 22:02:16,2025-08-12 22:15:40,0.22333333333333333
24840,2025-08-12 22:17:12,2025-08-12 22:32:37,0.2569444444444444
24841,2025-08-12 22:34:37,2025-08-12 22:48:02,0.22361111111111112
24842,2025-08-12 22:51:30,2025-08-12 23:04:49,0.22194444444444444
24843,2025-08-12 23:12:39,2025-08-12 23:19:59,0.12222222222222222
24844,2025-08-12 23:37:26,2025-08-12 23:51:00,0.22611111111111112
24845,2025-08-12 23:52:26,2025-08-13 00:05:57,0.22527777777777777
24846,2025-08-13 00:11:25,2025-08-13 00:21:44,0.17194444444444446
24847,2025-08-13 07:46:01,2025-08-13 07:58:59,0.21611111111111111
24848,2025-08-13 07:59:12,2025-08-13 08:40:54,0.695
24849,2025-08-13 08:41:33,2025-08-13 08:43:10,0.026944444444444444
24850,2025-08-13 08:43:57,2025-08-13 08:44:45,0.013333333333333334
24851,2025-08-13 08:45:06,2025-08-13 08:49:43,0.07694444444444444
24852,2025-08-13 08:49:56,2025-08-13 09:10:48,0.3477777777777778
24853,2025-08-13 09:11:09,2025-08-13 09:15:14,0.06805555555555555
24854,2025-08-13 09:16:11,2025-08-13 09:30:45,0.2427777777777778
24855,2025-08-13 09:32:32,2025-08-13 09:33:31,0.01638888888888889
24856,2025-08-13 09:34:00,2025-08-13 09:35:17,0.021388888888888888
24857,2025-08-13 09:36:30,2025-08-13 09:37:06,0.01
24858,2025-08-13 09:37:17,2025-08-13 10:15:35,0.6383333333333333
24859,2025-08-13 10:16:21,2025-08-13 10:48:16,0.5319444444444444
24861,2025-08-13 20:44:31,2025-08-13 21:18:33,0.5672222222222222
24862,2025-08-13 21:19:11,2025-08-13 21:50:23,0.52
24863,2025-08-13 21:50:54,2025-08-13 22:26:48,0.5983333333333334
24864,2025-08-13 22:27:23,2025-08-13 23:05:19,0.6322222222222222
24865,2025-08-13 23:37:10,2025-08-14 00:07:33,0.5063888888888889
24866,2025-08-14 00:08:45,2025-08-14 00:40:13,0.5244444444444445
24867,2025-08-14 00:41:36,2025-08-14 01:12:26,0.5138888888888888
24868,2025-08-14 01:24:59,2025-08-14 01:55:21,0.5061111111111111
24869,2025-08-14 01:56:14,2025-08-14 01:59:08,0.04833333333333333
24870,2025-08-14 05:54:26,2025-08-14 06:37:21,0.7152777777777778
24871,2025-08-14 06:38:20,2025-08-14 07:10:18,0.5327777777777778
24872,2025-08-14 07:10:35,2025-08-14 07:42:39,0.5344444444444445
24873,2025-08-14 07:43:17,2025-08-14 08:15:53,0.5433333333333333
24874,2025-08-14 08:18:48,2025-08-14 08:32:50,0.2338888888888889
24875,2025-08-14 12:31:04,2025-08-14 12:37:06,0.10055555555555555
24876,2025-08-14 13:29:02,2025-08-14 13:33:42,0.07777777777777778
24877,2025-08-14 14:52:23,2025-08-14 14:58:07,0.09555555555555556
24878,2025-08-14 14:59:06,2025-08-14 15:19:48,0.345
24879,2025-08-14 15:20:49,2025-08-14 15:26:36,0.09638888888888889
24880,2025-08-14 15:26:49,2025-08-14 16:07:26,0.6769444444444445
24881,2025-08-14 16:07:45,2025-08-14 16:43:37,0.5977777777777777
24882,2025-08-14 16:44:58,2025-08-14 17:15:22,0.5066666666666667
24884,2025-08-14 17:52:24,2025-08-14 18:08:00,0.26
24885,2025-08-14 18:08:47,2025-08-14 18:26:43,0.29888888888888887
24886,2025-08-14 21:42:02,2025-08-14 22:14:26,0.54
24887,2025-08-14 22:14:49,2025-08-14 22:45:31,0.5116666666666667
24888,2025-08-14 22:46:30,2025-08-14 23:16:46,0.5044444444444445
24889,2025-08-14 23:18:29,2025-08-14 23:49:56,0.5241666666666667
24890,2025-08-14 23:52:19,2025-08-15 00:25:46,0.5575
24891,2025-08-15 00:37:01,2025-08-15 00:55:21,0.3055555555555556
24892,2025-08-15 01:02:26,2025-08-15 01:20:38,0.30333333333333334
24893,2025-08-15 01:33:27,2025-08-15 02:06:30,0.5508333333333333
24894,2025-08-15 02:06:56,2025-08-15 02:37:21,0.5069444444444444
24895,2025-08-15 02:38:33,2025-08-15 02:58:17,0.3288888888888889
24896,2025-08-15 02:59:52,2025-08-15 03:22:29,0.37694444444444447
24897,2025-08-15 03:43:56,2025-08-15 04:16:10,0.5372222222222223
24898,2025-08-15 04:25:30,2025-08-15 05:15:03,0.8258333333333333
24899,2025-08-15 05:17:42,2025-08-15 05:49:30,0.53
24900,2025-08-15 05:52:59,2025-08-15 06:13:14,0.3375
24901,2025-08-15 06:15:34,2025-08-15 06:32:07,0.2758333333333333
24902,2025-08-15 06:59:03,2025-08-15 07:27:09,0.4683333333333333
24903,2025-08-15 07:31:30,2025-08-15 08:15:29,0.7330555555555556
24904,2025-08-15 08:15:42,2025-08-15 12:16:58,4.021111111111111
24906,2025-08-15 12:17:54,2025-08-15 12:25:41,0.1297222222222222
24907,2025-08-15 13:17:44,2025-08-15 14:09:24,0.8611111111111112
24908,2025-08-15 14:10:10,2025-08-15 14:43:16,0.5516666666666666
24909,2025-08-15 14:45:13,2025-08-15 15:22:25,0.62
24910,2025-08-15 15:23:14,2025-08-15 15:57:38,0.5733333333333334
24911,2025-08-15 15:59:57,2025-08-15 16:16:41,0.2788888888888889
24912,2025-08-15 16:18:51,2025-08-15 16:36:35,0.29555555555555557
24913,2025-08-15 16:47:11,2025-08-15 17:23:41,0.6083333333333333
24914,2025-08-15 17:24:18,2025-08-15 17:46:50,0.37555555555555553
24915,2025-08-15 17:50:49,2025-08-15 18:17:31,0.445
24916,2025-08-15 18:18:14,2025-08-15 19:01:18,0.7177777777777777
24917,2025-08-15 19:02:49,2025-08-15 19:15:45,0.21555555555555556
24918,2025-08-15 19:58:53,2025-08-15 20:00:18,0.02361111111111111
24919,2025-08-15 20:00:57,2025-08-15 20:01:52,0.015277777777777777
24920,2025-08-15 21:34:08,2025-08-15 22:09:20,0.5866666666666667
24921,2025-08-15 22:11:09,2025-08-15 22:44:12,0.5508333333333333
24922,2025-08-15 22:46:33,2025-08-15 23:05:12,0.31083333333333335
24923,2025-08-15 23:06:09,2025-08-15 23:24:41,0.3088888888888889
24924,2025-08-15 23:33:58,2025-08-16 00:13:41,0.6619444444444444
24925,2025-08-16 00:22:00,2025-08-16 00:38:39,0.2775
24926,2025-08-16 00:42:19,2025-08-16 00:59:22,0.2841666666666667
24927,2025-08-16 01:20:36,2025-08-16 01:42:34,0.3661111111111111
24928,2025-08-16 11:39:51,2025-08-16 12:14:11,0.5722222222222222
24929,2025-08-16 12:14:54,2025-08-16 12:36:24,0.35833333333333334
24930,2025-08-16 12:38:21,2025-08-16 13:08:17,0.4988888888888889
24931,2025-08-16 13:12:06,2025-08-16 13:33:26,0.35555555555555557
24932,2025-08-16 13:36:01,2025-08-16 13:53:30,0.29138888888888886
24933,2025-08-16 14:11:08,2025-08-16 14:47:07,0.5997222222222223
24934,2025-08-16 14:47:20,2025-08-16 15:21:56,0.5766666666666667
24935,2025-08-16 15:22:37,2025-08-16 15:56:01,0.5566666666666666
24936,2025-08-16 15:57:28,2025-08-16 16:17:30,0.3338888888888889
24937,2025-08-16 16:19:31,2025-08-16 16:40:01,0.3416666666666667
24938,2025-08-16 16:52:30,2025-08-16 17:25:18,0.5466666666666666
24939,2025-08-16 17:25:53,2025-08-16 17:41:45,0.2644444444444444
24940,2025-08-16 17:43:00,2025-08-16 17:43:35,0.009722222222222222
24941,2025-08-16 17:44:36,2025-08-16 17:46:37,0.03361111111111111
24942,2025-08-16 17:48:09,2025-08-16 17:48:58,0.01361111111111111
24943,2025-08-16 17:52:42,2025-08-16 18:31:14,0.6422222222222222
24944,2025-08-16 18:31:57,2025-08-16 19:09:49,0.6311111111111111
24945,2025-08-16 19:10:06,2025-08-16 19:35:17,0.4197222222222222
24946,2025-08-16 19:36:42,2025-08-16 20:09:22,0.5444444444444444
24947,2025-08-16 20:09:35,2025-08-16 20:42:37,0.5505555555555556
24948,2025-08-16 20:48:46,2025-08-16 21:32:55,0.7358333333333333
24949,2025-08-16 21:33:10,2025-08-16 22:06:16,0.5516666666666666
24950,2025-08-16 22:07:33,2025-08-16 22:40:17,0.5455555555555556
24951,2025-08-16 22:41:04,2025-08-16 23:23:52,0.7133333333333334
24952,2025-08-16 23:32:14,2025-08-17 00:24:10,0.8655555555555555
24953,2025-08-17 00:33:39,2025-08-17 01:06:55,0.5544444444444444
24954,2025-08-17 01:07:20,2025-08-17 01:41:30,0.5694444444444444
24955,2025-08-17 01:43:16,2025-08-17 02:18:12,0.5822222222222222
24956,2025-08-17 02:24:25,2025-08-17 02:57:55,0.5583333333333333
24957,2025-08-17 03:22:57,2025-08-17 03:40:03,0.285
24958,2025-08-17 03:40:54,2025-08-17 04:12:18,0.5233333333333333
24959,2025-08-17 04:12:43,2025-08-17 04:46:27,0.5622222222222222
24960,2025-08-17 05:14:31,2025-08-17 05:41:47,0.45444444444444443
24961,2025-08-17 05:45:54,2025-08-17 06:20:32,0.5772222222222222
24962,2025-08-17 06:20:56,2025-08-17 06:52:54,0.5327777777777778
24963,2025-08-17 06:53:25,2025-08-17 06:54:58,0.025833333333333333
24964,2025-08-17 06:59:53,2025-08-17 07:36:11,0.605
24965,2025-08-17 07:38:40,2025-08-17 08:22:44,0.7344444444444445
24966,2025-08-17 08:23:03,2025-08-17 08:58:16,0.5869444444444445
24967,2025-08-17 09:02:05,2025-08-17 09:23:23,0.355
24968,2025-08-17 09:24:26,2025-08-17 09:45:35,0.3525
24969,2025-08-17 09:57:04,2025-08-17 10:28:02,0.5161111111111111
24970,2025-08-17 11:29:40,2025-08-17 12:04:02,0.5727777777777778
24971,2025-08-17 12:04:47,2025-08-17 12:37:57,0.5527777777777778
24972,2025-08-17 12:38:42,2025-08-17 13:10:24,0.5283333333333333
24973,2025-08-17 13:13:45,2025-08-17 13:16:09,0.04
24974,2025-08-17 13:17:00,2025-08-17 13:51:44,0.5788888888888889
24975,2025-08-17 13:52:31,2025-08-17 14:31:59,0.6577777777777778
24976,2025-08-17 14:33:06,2025-08-17 14:34:47,0.028055555555555556
24977,2025-08-17 14:35:40,2025-08-17 14:36:28,0.013333333333333334
24978,2025-08-17 14:37:03,2025-08-17 14:53:49,0.27944444444444444
24979,2025-08-17 14:55:40,2025-08-17 14:56:37,0.015833333333333335
24980,2025-08-17 14:57:12,2025-08-17 15:15:16,0.3011111111111111
24981,2025-08-17 15:26:23,2025-08-17 16:00:23,0.5666666666666667
24982,2025-08-17 16:00:45,2025-08-17 16:33:21,0.5433333333333333
24983,2025-08-17 16:35:48,2025-08-17 16:51:23,0.25972222222222224
24984,2025-08-17 16:52:39,2025-08-17 17:10:56,0.3047222222222222
24985,2025-08-17 17:18:21,2025-08-17 17:54:16,0.5986111111111111
24986,2025-08-17 17:54:57,2025-08-17 18:30:31,0.5927777777777777
24987,2025-08-17 18:31:00,2025-08-17 19:01:46,0.5127777777777778
24988,2025-08-17 19:03:15,2025-08-17 19:33:47,0.5088888888888888
24989,2025-08-17 19:36:10,2025-08-17 19:51:48,0.26055555555555554
24990,2025-08-17 19:53:11,2025-08-17 20:13:47,0.3433333333333333
24991,2025-08-17 20:21:30,2025-08-17 20:54:56,0.5572222222222222
24992,2025-08-17 20:55:12,2025-08-17 21:30:50,0.5938888888888889
24993,2025-08-17 21:46:32,2025-08-17 22:26:51,0.6719444444444445
24995,2025-08-17 22:27:08,2025-08-17 23:00:12,0.5511111111111111
24996,2025-08-17 23:02:03,2025-08-17 23:22:49,0.3461111111111111
24997,2025-08-17 23:25:06,2025-08-17 23:41:04,0.26611111111111113
24998,2025-08-17 23:51:32,2025-08-18 00:27:30,0.5994444444444444
24999,2025-08-18 00:27:49,2025-08-18 01:06:01,0.6366666666666667
25000,2025-08-18 01:08:28,2025-08-18 01:43:30,0.5838888888888889
25001,2025-08-18 01:43:54,2025-08-18 02:17:20,0.5572222222222222
25002,2025-08-18 02:31:25,2025-08-18 03:06:01,0.5766666666666667
25003,2025-08-18 03:06:26,2025-08-18 03:37:20,0.515
25004,2025-08-18 03:45:34,2025-08-18 04:19:54,0.5722222222222222
25005,2025-08-18 04:20:17,2025-08-18 04:50:21,0.5011111111111111
25006,2025-08-18 06:23:35,2025-08-18 07:00:16,0.6113888888888889
25007,2025-08-18 07:12:11,2025-08-18 07:44:03,0.5311111111111111
25008,2025-08-18 07:44:22,2025-08-18 07:50:16,0.09833333333333333
25009,2025-08-18 19:31:21,2025-08-18 19:36:56,0.09305555555555556
25010,2025-08-18 19:54:04,2025-08-18 20:26:18,0.5372222222222223
25011,2025-08-18 20:26:45,2025-08-18 20:58:25,0.5277777777777778
25012,2025-08-18 20:59:08,2025-08-18 21:32:10,0.5505555555555556
25013,2025-08-18 21:32:42,2025-08-18 21:52:44,0.3338888888888889
25014,2025-08-18 21:54:01,2025-08-18 22:10:18,0.2713888888888889
25015,2025-08-18 22:16:44,2025-08-18 22:17:39,0.015277777777777777
25016,2025-08-18 22:19:42,2025-08-18 22:47:44,0.4672222222222222
25017,2025-08-18 22:55:59,2025-08-18 23:39:05,0.7183333333333334
25018,2025-08-18 23:39:58,2025-08-19 00:13:38,0.5611111111111111
25019,2025-08-19 00:17:08,2025-08-19 00:50:02,0.5483333333333333
25020,2025-08-19 00:51:49,2025-08-19 01:24:57,0.5522222222222222
25021,2025-08-19 01:27:46,2025-08-19 01:44:24,0.2772222222222222
25022,2025-08-19 01:47:15,2025-08-19 02:04:45,0.2916666666666667
25023,2025-08-19 02:16:16,2025-08-19 02:33:48,0.2922222222222222
25024,2025-08-19 02:35:23,2025-08-19 02:53:07,0.29555555555555557
25025,2025-08-19 03:10:18,2025-08-19 03:16:06,0.09666666666666666
25026,2025-08-19 06:02:14,2025-08-19 06:35:20,0.5516666666666666
25027,2025-08-19 06:36:00,2025-08-19 07:10:26,0.5738888888888889
25028,2025-08-19 07:11:19,2025-08-19 07:27:31,0.27
25029,2025-08-19 07:29:06,2025-08-19 07:47:23,0.3047222222222222
25030,2025-08-19 07:58:37,2025-08-19 08:34:45,0.6022222222222222
25031,2025-08-19 08:35:46,2025-08-19 08:58:58,0.38666666666666666
25032,2025-08-19 16:56:39,2025-08-19 17:02:51,0.10333333333333333
25033,2025-08-19 17:04:42,2025-08-19 17:11:09,0.1075
25034,2025-08-19 17:19:24,2025-08-19 17:35:16,0.2644444444444444
25035,2025-08-19 17:35:43,2025-08-19 18:11:21,0.5938888888888889
25036,2025-08-19 18:16:50,2025-08-19 18:35:46,0.31555555555555553
25037,2025-08-19 18:36:39,2025-08-19 18:57:13,0.3427777777777778
25038,2025-08-19 19:13:15,2025-08-19 19:44:13,0.5161111111111111
25039,2025-08-19 19:44:26,2025-08-19 19:53:09,0.14527777777777778
25040,2025-08-19 20:43:38,2025-08-19 21:03:14,0.32666666666666666
25041,2025-08-19 21:05:49,2025-08-19 21:39:25,0.56
25042,2025-08-19 21:41:32,2025-08-19 21:56:18,0.2461111111111111
25043,2025-08-19 21:57:39,2025-08-19 22:15:57,0.305
25044,2025-08-19 22:28:50,2025-08-19 22:59:52,0.5172222222222222
25045,2025-08-19 23:00:09,2025-08-19 23:35:29,0.5888888888888889
25046,2025-08-19 23:36:07,2025-08-20 00:09:09,0.5505555555555556
25047,2025-08-20 00:10:38,2025-08-20 00:27:32,0.2816666666666667
25048,2025-08-20 00:28:29,2025-08-20 00:47:25,0.31555555555555553
25049,2025-08-20 01:03:50,2025-08-20 01:37:25,0.5597222222222222
25050,2025-08-20 01:37:38,2025-08-20 02:10:53,0.5541666666666667
25051,2025-08-20 02:11:53,2025-08-20 02:45:53,0.5666666666666667
25052,2025-08-20 02:48:08,2025-08-20 03:20:50,0.545
25053,2025-08-20 03:22:29,2025-08-20 03:54:23,0.5316666666666666
25054,2025-08-20 03:57:36,2025-08-20 04:15:36,0.3
25055,2025-08-20 04:16:35,2025-08-20 04:31:37,0.25055555555555553
25056,2025-08-20 04:46:32,2025-08-20 05:31:21,0.7469444444444444
25057,2025-08-20 05:32:16,2025-08-20 05:48:02,0.2627777777777778
25058,2025-08-20 05:48:39,2025-08-20 06:05:04,0.27361111111111114
25059,2025-08-20 06:12:52,2025-08-20 06:43:55,0.5175
25060,2025-08-20 06:44:15,2025-08-20 07:17:03,0.5466666666666666
25061,2025-08-20 07:28:12,2025-08-20 08:21:25,0.8869444444444444
25062,2025-08-20 17:01:33,2025-08-20 17:32:21,0.5133333333333333
25063,2025-08-20 17:35:18,2025-08-20 17:58:20,0.3838888888888889
25064,2025-08-20 19:10:32,2025-08-20 19:32:26,0.365
25065,2025-08-20 19:41:37,2025-08-20 20:15:25,0.5633333333333334
25066,2025-08-20 20:15:44,2025-08-20 20:50:14,0.575
25067,2025-08-20 20:50:27,2025-08-20 21:22:59,0.5422222222222223
25068,2025-08-20 21:23:19,2025-08-20 21:57:37,0.5716666666666667
25069,2025-08-20 22:02:26,2025-08-20 22:36:32,0.5683333333333334
25070,2025-08-20 22:36:47,2025-08-20 23:09:51,0.5511111111111111
25071,2025-08-20 23:10:16,2025-08-20 23:45:04,0.58
25072,2025-08-20 23:45:35,2025-08-21 00:14:21,0.47944444444444445
25073,2025-08-21 00:16:40,2025-08-21 00:49:50,0.5527777777777778
25074,2025-08-21 00:59:20,2025-08-21 01:30:38,0.5216666666666666
25075,2025-08-21 01:49:37,2025-08-21 01:53:54,0.07138888888888889
25076,2025-08-21 01:57:34,2025-08-21 02:27:56,0.5061111111111111
25077,2025-08-21 02:28:21,2025-08-21 02:59:01,0.5111111111111111
25078,2025-08-21 02:59:28,2025-08-21 03:33:36,0.5688888888888889
25079,2025-08-21 03:35:17,2025-08-21 04:07:29,0.5366666666666666
25080,2025-08-21 04:07:50,2025-08-21 04:39:36,0.5294444444444445
25081,2025-08-21 04:42:33,2025-08-21 05:00:19,0.2961111111111111
25082,2025-08-21 05:01:32,2025-08-21 05:19:28,0.29888888888888887
25083,2025-08-21 05:30:21,2025-08-21 05:59:21,0.48333333333333334
25084,2025-08-21 06:06:11,2025-08-21 06:48:49,0.7105555555555556
25085,2025-08-21 06:49:10,2025-08-21 07:15:36,0.44055555555555553
25086,2025-08-21 13:29:21,2025-08-21 14:04:09,0.58
25087,2025-08-21 14:06:37,2025-08-21 14:37:17,0.5111111111111111
25088,2025-08-21 14:37:38,2025-08-21 15:10:26,0.5466666666666666
25089,2025-08-21 15:13:39,2025-08-21 15:29:29,0.2638888888888889
25090,2025-08-21 15:30:42,2025-08-21 15:46:05,0.2563888888888889
25091,2025-08-21 15:46:45,2025-08-21 15:53:16,0.10861111111111112
25092,2025-08-21 16:00:03,2025-08-21 16:44:46,0.7452777777777778
25093,2025-08-21 16:45:11,2025-08-21 17:19:19,0.5688888888888889
25094,2025-08-21 17:20:32,2025-08-21 17:39:01,0.3080555555555556
25095,2025-08-21 17:39:52,2025-08-21 17:59:32,0.3277777777777778
25096,2025-08-21 18:04:11,2025-08-21 18:37:41,0.5583333333333333
25097,2025-08-21 18:38:02,2025-08-21 19:09:06,0.5177777777777778
25098,2025-08-21 19:09:22,2025-08-21 19:44:30,0.5855555555555556
25099,2025-08-21 19:46:09,2025-08-21 20:18:51,0.545
25100,2025-08-21 20:22:06,2025-08-21 20:44:00,0.365
25102,2025-08-21 20:49:05,2025-08-21 21:34:36,0.7586111111111111
25103,2025-08-21 21:35:25,2025-08-21 22:10:17,0.5811111111111111
25104,2025-08-21 22:10:38,2025-08-21 22:48:03,0.6236111111111111
25105,2025-08-21 22:50:52,2025-08-21 23:24:44,0.5644444444444444
25106,2025-08-21 23:29:12,2025-08-21 23:47:50,0.31055555555555553
25107,2025-08-22 00:26:40,2025-08-22 00:27:25,0.0125
25108,2025-08-22 00:27:56,2025-08-22 01:00:03,0.5352777777777777
25109,2025-08-22 01:00:20,2025-08-22 01:34:10,0.5638888888888889
25110,2025-08-22 01:34:31,2025-08-22 02:07:51,0.5555555555555556
25111,2025-08-22 02:09:20,2025-08-22 02:40:30,0.5194444444444445
25112,2025-08-22 02:42:20,2025-08-22 03:14:00,0.5277777777777778
25113,2025-08-22 03:19:59,2025-08-22 03:20:32,0.009166666666666667
25114,2025-08-22 03:21:36,2025-08-22 03:57:14,0.5938888888888889
25115,2025-08-22 03:57:43,2025-08-22 04:30:41,0.5494444444444444
25116,2025-08-22 04:31:06,2025-08-22 05:05:55,0.5802777777777778
25117,2025-08-22 05:07:40,2025-08-22 05:41:02,0.5561111111111111
25118,2025-08-22 05:41:49,2025-08-22 05:42:34,0.0125
25119,2025-08-22 06:03:06,2025-08-22 06:41:12,0.635
25120,2025-08-22 06:48:24,2025-08-22 07:20:04,0.5277777777777778
25121,2025-08-22 07:20:35,2025-08-22 07:54:45,0.5694444444444444
25122,2025-08-22 08:27:49,2025-08-22 08:59:09,0.5222222222222223
25123,2025-08-22 08:59:32,2025-08-22 09:30:46,0.5205555555555555
25124,2025-08-22 09:52:54,2025-08-22 10:24:13,0.5219444444444444
25125,2025-08-22 10:25:23,2025-08-22 10:40:45,0.2561111111111111
25126,2025-08-22 10:48:43,2025-08-22 10:54:48,0.10138888888888889
25127,2025-08-22 10:56:01,2025-08-22 11:25:55,0.49833333333333335
25128,2025-08-22 11:26:06,2025-08-22 11:55:42,0.49333333333333335
25129,2025-08-22 11:55:57,2025-08-22 12:26:17,0.5055555555555555
25130,2025-08-22 12:29:43,2025-08-22 12:32:48,0.05138888888888889
25131,2025-08-22 12:33:19,2025-08-22 13:04:31,0.52
25132,2025-08-22 13:04:46,2025-08-22 13:31:12,0.44055555555555553
25133,2025-08-22 13:31:43,2025-08-22 13:46:53,0.25277777777777777
25134,2025-08-22 13:53:32,2025-08-22 14:23:04,0.4922222222222222
25135,2025-08-22 14:23:13,2025-08-22 14:52:39,0.4905555555555556
25136,2025-08-22 14:53:47,2025-08-22 15:09:44,0.2658333333333333
25137,2025-08-22 15:09:55,2025-08-22 15:25:19,0.25666666666666665
25138,2025-08-22 15:43:26,2025-08-22 16:21:20,0.6316666666666667
25139,2025-08-22 16:22:19,2025-08-22 16:52:29,0.5027777777777778
25140,2025-08-22 16:53:18,2025-08-22 17:23:34,0.5044444444444445
25141,2025-08-22 17:24:47,2025-08-22 17:55:41,0.515
25142,2025-08-22 17:59:55,2025-08-22 18:18:20,0.30694444444444446
25143,2025-08-22 18:20:15,2025-08-22 18:32:33,0.205
25144,2025-08-22 18:35:42,2025-08-22 18:41:34,0.09777777777777778
25145,2025-08-22 18:42:55,2025-08-22 18:51:40,0.14583333333333334
25146,2025-08-22 18:59:03,2025-08-22 19:35:18,0.6041666666666666
25147,2025-08-22 19:36:10,2025-08-22 19:55:24,0.32055555555555554
25148,2025-08-22 19:59:11,2025-08-22 20:29:28,0.5047222222222222
25149,2025-08-22 20:30:07,2025-08-22 21:10:23,0.6711111111111111
25150,2025-08-22 21:11:14,2025-08-22 21:46:16,0.5838888888888889
25151,2025-08-22 21:48:23,2025-08-22 22:19:35,0.52
25152,2025-08-22 22:21:18,2025-08-22 22:36:50,0.2588888888888889
25153,2025-08-22 22:37:53,2025-08-22 22:53:21,0.2577777777777778
25154,2025-08-22 23:01:58,2025-08-22 23:33:40,0.5283333333333333
25155,2025-08-22 23:35:01,2025-08-22 23:52:03,0.2838888888888889
25156,2025-08-22 23:53:18,2025-08-23 00:10:01,0.2786111111111111
25157,2025-08-23 00:24:13,2025-08-23 00:47:29,0.3877777777777778
25158,2025-08-23 02:27:53,2025-08-23 02:50:47,0.38166666666666665
25159,2025-08-23 03:18:01,2025-08-23 03:55:45,0.6288888888888889
25160,2025-08-23 03:56:02,2025-08-23 03:56:39,0.010277777777777778
25161,2025-08-23 04:03:24,2025-08-23 04:37:19,0.5652777777777778
25163,2025-08-23 04:45:48,2025-08-23 05:21:21,0.5925
25164,2025-08-23 05:21:48,2025-08-23 06:00:04,0.6377777777777778
25165,2025-08-23 06:00:27,2025-08-23 06:44:25,0.7327777777777778
25166,2025-08-23 06:45:18,2025-08-23 07:20:20,0.5838888888888889
25167,2025-08-23 07:35:52,2025-08-23 08:14:28,0.6433333333333333
25168,2025-08-23 08:14:41,2025-08-23 08:49:05,0.5733333333333334
25169,2025-08-23 08:49:24,2025-08-23 09:21:46,0.5394444444444444
25170,2025-08-23 09:23:48,2025-08-23 09:56:34,0.5461111111111111
25171,2025-08-23 10:08:35,2025-08-23 10:40:46,0.5363888888888889
25172,2025-08-23 10:53:45,2025-08-23 11:12:32,0.31305555555555553
25173,2025-08-23 11:19:50,2025-08-23 11:50:18,0.5077777777777778
25174,2025-08-23 11:50:39,2025-08-23 12:20:59,0.5055555555555555
25175,2025-08-23 12:21:38,2025-08-23 12:52:50,0.52
25176,2025-08-23 12:53:39,2025-08-23 13:27:03,0.5566666666666666
25177,2025-08-23 13:27:16,2025-08-23 13:59:11,0.5319444444444444
25178,2025-08-23 14:00:32,2025-08-23 14:15:48,0.2544444444444444
25179,2025-08-23 14:16:55,2025-08-23 14:33:22,0.27416666666666667
25180,2025-08-23 14:39:58,2025-08-23 15:12:28,0.5416666666666666
25181,2025-08-23 15:12:47,2025-08-23 15:45:19,0.5422222222222223
25182,2025-08-23 15:45:31,2025-08-23 16:15:35,0.5011111111111111
25183,2025-08-23 16:17:36,2025-08-23 16:51:23,0.5630555555555555
25184,2025-08-23 16:59:31,2025-08-23 17:32:00,0.5413888888888889
25185,2025-08-23 17:36:34,2025-08-23 18:07:34,0.5166666666666667
25186,2025-08-23 18:09:50,2025-08-23 18:25:15,0.2569444444444444
25187,2025-08-23 18:28:00,2025-08-23 18:58:22,0.5061111111111111
25188,2025-08-23 19:00:01,2025-08-23 19:15:23,0.2561111111111111
25189,2025-08-23 19:23:22,2025-08-23 19:54:17,0.5152777777777777
25190,2025-08-23 19:54:38,2025-08-23 20:25:20,0.5116666666666667
25191,2025-08-23 20:27:13,2025-08-23 20:42:57,0.26222222222222225
25192,2025-08-23 20:50:04,2025-08-23 21:21:52,0.53
25193,2025-08-23 21:22:16,2025-08-23 21:53:18,0.5172222222222222
25194,2025-08-23 21:53:41,2025-08-23 22:24:29,0.5133333333333333
25195,2025-08-23 22:29:02,2025-08-23 23:02:32,0.5583333333333333
25196,2025-08-23 23:03:17,2025-08-23 23:34:23,0.5183333333333333
25197,2025-08-23 23:34:55,2025-08-24 00:09:51,0.5822222222222222
25198,2025-08-24 00:10:08,2025-08-24 00:44:28,0.5722222222222222
25199,2025-08-24 01:12:38,2025-08-24 01:16:57,0.07194444444444445
25200,2025-08-24 01:17:14,2025-08-24 01:48:30,0.5211111111111111
25201,2025-08-24 01:48:51,2025-08-24 02:25:31,0.6111111111111112
25202,2025-08-24 02:27:06,2025-08-24 02:57:48,0.5116666666666667
25203,2025-08-24 03:09:00,2025-08-24 03:56:36,0.7933333333333333
25204,2025-08-24 03:58:31,2025-08-24 04:35:18,0.6130555555555556
25205,2025-08-24 04:48:21,2025-08-24 05:21:49,0.5577777777777778
25206,2025-08-24 05:22:28,2025-08-24 05:57:31,0.5841666666666666
25207,2025-08-24 05:57:58,2025-08-24 06:39:56,0.6994444444444444
25208,2025-08-24 06:41:15,2025-08-24 07:12:35,0.5222222222222223
25209,2025-08-24 07:13:23,2025-08-24 07:13:58,0.009722222222222222
25210,2025-08-24 07:14:19,2025-08-24 07:49:15,0.5822222222222222
25211,2025-08-24 07:49:36,2025-08-24 08:21:49,0.5369444444444444
25212,2025-08-24 08:23:06,2025-08-24 08:38:06,0.25
25213,2025-08-24 08:39:03,2025-08-24 08:56:18,0.2875
25214,2025-08-24 09:04:50,2025-08-24 09:37:35,0.5458333333333333
25215,2025-08-24 09:38:38,2025-08-24 09:54:27,0.26361111111111113
25216,2025-08-24 09:55:58,2025-08-24 10:12:36,0.2772222222222222
25217,2025-08-24 10:18:33,2025-08-24 10:49:19,0.5127777777777778
25218,2025-08-24 10:49:38,2025-08-24 11:26:48,0.6194444444444445
25219,2025-08-24 11:27:36,2025-08-24 12:03:16,0.5944444444444444
25220,2025-08-24 12:03:43,2025-08-24 12:38:31,0.58
25221,2025-08-24 12:38:42,2025-08-24 13:10:52,0.5361111111111111
25222,2025-08-24 13:16:35,2025-08-24 13:49:43,0.5522222222222222
25223,2025-08-24 14:31:02,2025-08-24 15:06:52,0.5972222222222222
25224,2025-08-24 15:07:37,2025-08-24 15:41:37,0.5666666666666667
25225,2025-08-24 15:42:02,2025-08-24 16:11:46,0.4955555555555556
25226,2025-08-24 16:11:59,2025-08-24 16:35:03,0.3844444444444444
25227,2025-08-24 17:14:25,2025-08-24 17:46:27,0.5338888888888889
25228,2025-08-24 17:46:40,2025-08-24 18:17:48,0.5188888888888888
25229,2025-08-24 18:18:15,2025-08-24 18:48:34,0.5052777777777778
25230,2025-08-24 18:48:47,2025-08-24 19:19:13,0.5072222222222222
25231,2025-08-24 19:22:04,2025-08-24 19:22:55,0.014166666666666666
25232,2025-08-24 19:25:28,2025-08-24 19:39:53,0.24027777777777778
25233,2025-08-24 19:44:41,2025-08-24 20:15:15,0.5094444444444445
25234,2025-08-24 20:15:28,2025-08-24 20:46:34,0.5183333333333333
25235,2025-08-24 20:47:33,2025-08-24 21:17:43,0.5027777777777778
25236,2025-08-24 21:19:06,2025-08-24 21:49:18,0.5033333333333333
25237,2025-08-24 21:49:38,2025-08-24 22:20:20,0.5116666666666667
25238,2025-08-24 22:20:59,2025-08-24 22:36:46,0.26305555555555554
25239,2025-08-24 22:37:14,2025-08-24 22:53:17,0.2675
25240,2025-08-24 23:00:55,2025-08-24 23:31:17,0.5061111111111111
25241,2025-08-24 23:31:32,2025-08-25 00:02:28,0.5155555555555555
25242,2025-08-25 00:02:52,2025-08-25 00:03:45,0.014722222222222222
25243,2025-08-25 00:05:06,2025-08-25 00:22:12,0.285
25244,2025-08-25 00:25:47,2025-08-25 00:44:51,0.31777777777777777
25245,2025-08-25 00:54:18,2025-08-25 01:17:10,0.3811111111111111
25246,2025-08-25 01:20:34,2025-08-25 01:50:06,0.4922222222222222
25247,2025-08-25 01:50:41,2025-08-25 02:25:45,0.5844444444444444
25248,2025-08-25 02:26:04,2025-08-25 03:06:52,0.68
25249,2025-08-25 03:08:21,2025-08-25 03:38:50,0.5080555555555556
25250,2025-08-25 03:40:45,2025-08-25 04:10:29,0.4955555555555556
25251,2025-08-25 04:18:34,2025-08-25 04:56:06,0.6255555555555555
25252,2025-08-25 04:56:29,2025-08-25 05:43:48,0.7886111111111112
25253,2025-08-25 05:44:41,2025-08-25 06:00:39,0.26611111111111113
25254,2025-08-25 06:19:16,2025-08-25 06:24:16,0.08333333333333333
25255,2025-08-25 06:25:43,2025-08-25 06:57:13,0.525
25256,2025-08-25 06:57:28,2025-08-25 07:26:32,0.48444444444444446
25257,2025-08-25 07:43:20,2025-08-25 07:58:57,0.2602777777777778
25258,2025-08-25 08:01:21,2025-08-25 11:10:39,3.155
25259,2025-08-25 11:11:12,2025-08-25 11:43:44,0.5422222222222223
25260,2025-08-25 11:45:11,2025-08-25 12:05:07,0.3322222222222222
25261,2025-08-25 12:08:30,2025-08-25 12:25:18,0.28
25262,2025-08-25 12:43:04,2025-08-25 13:20:52,0.63
25263,2025-08-25 13:21:23,2025-08-25 13:57:59,0.61
25264,2025-08-25 13:59:04,2025-08-25 14:38:11,0.6519444444444444
25265,2025-08-25 14:40:00,2025-08-25 15:13:04,0.5511111111111111
25266,2025-08-25 15:13:43,2025-08-25 15:47:35,0.5644444444444444
25267,2025-08-25 15:49:02,2025-08-25 16:05:52,0.28055555555555556
25268,2025-08-25 16:07:41,2025-08-25 16:23:31,0.2638888888888889
25269,2025-08-25 16:32:12,2025-08-25 17:03:30,0.5216666666666666
25270,2025-08-25 17:04:29,2025-08-25 17:21:37,0.28555555555555556
25271,2025-08-25 17:22:40,2025-08-25 17:38:17,0.2602777777777778
25272,2025-08-25 17:51:45,2025-08-25 18:22:23,0.5105555555555555
25273,2025-08-25 18:22:42,2025-08-25 18:53:18,0.51
25274,2025-08-25 18:54:25,2025-08-25 19:10:56,0.2752777777777778
25275,2025-08-25 19:17:42,2025-08-25 19:49:23,0.5280555555555555
25276,2025-08-25 19:49:51,2025-08-25 20:20:24,0.5091666666666667
25277,2025-08-25 20:20:40,2025-08-25 20:51:24,0.5122222222222222
25278,2025-08-25 20:53:09,2025-08-25 21:10:26,0.28805555555555556
25279,2025-08-25 21:16:03,2025-08-25 21:46:22,0.5052777777777778
25280,2025-08-26 00:01:26,2025-08-26 00:32:29,0.5175
25281,2025-08-26 00:33:22,2025-08-26 01:03:17,0.4986111111111111
25282,2025-08-26 01:04:17,2025-08-26 01:34:17,0.5
25283,2025-08-26 01:34:54,2025-08-26 02:05:16,0.5061111111111111
25284,2025-08-26 02:06:45,2025-08-26 02:21:40,0.24861111111111112
25285,2025-08-26 02:23:57,2025-08-26 02:39:45,0.2633333333333333
25286,2025-08-26 02:47:22,2025-08-26 03:17:48,0.5072222222222222
25287,2025-08-26 03:18:07,2025-08-26 03:48:20,0.5036111111111111
25288,2025-08-26 03:49:33,2025-08-26 04:19:47,0.5038888888888889
25289,2025-08-26 04:20:30,2025-08-26 04:50:20,0.49722222222222223
25290,2025-08-26 04:50:43,2025-08-26 05:20:48,0.5013888888888889
25291,2025-08-26 05:22:00,2025-08-26 05:37:23,0.2563888888888889
25292,2025-08-26 05:38:38,2025-08-26 05:53:52,0.2538888888888889
25293,2025-08-26 06:03:20,2025-08-26 06:33:16,0.4988888888888889
25294,2025-08-26 06:34:47,2025-08-26 06:50:14,0.2575
25295,2025-08-26 06:57:00,2025-08-26 07:29:28,0.5411111111111111
25296,2025-08-26 07:29:53,2025-08-26 07:59:35,0.495
25297,2025-08-26 08:02:00,2025-08-26 08:18:02,0.26722222222222225
25298,2025-08-26 08:27:23,2025-08-26 08:58:27,0.5177777777777778
25299,2025-08-26 08:58:42,2025-08-26 09:13:24,0.245
25300,2025-08-26 11:25:13,2025-08-26 11:56:49,0.5266666666666666
25301,2025-08-26 11:57:04,2025-08-26 12:22:04,0.4166666666666667
25302,2025-08-26 12:22:47,2025-08-26 12:38:53,0.2683333333333333
25303,2025-08-26 13:01:57,2025-08-26 13:30:43,0.47944444444444445
25304,2025-08-26 13:35:52,2025-08-26 14:40:27,1.0763888888888888
25305,2025-08-26 14:47:12,2025-08-26 15:30:36,0.7233333333333334
25306,2025-08-26 18:21:11,2025-08-26 19:10:20,0.8191666666666667
25307,2025-08-26 19:11:41,2025-08-26 19:12:16,0.009722222222222222
25308,2025-08-26 19:12:27,2025-08-26 19:28:07,0.2611111111111111
25309,2025-08-26 19:43:04,2025-08-26 20:14:36,0.5255555555555556
25310,2025-08-26 20:14:59,2025-08-26 20:38:45,0.39611111111111114
25311,2025-08-26 22:28:59,2025-08-26 22:50:57,0.3661111111111111
25312,2025-08-26 22:52:42,2025-08-26 23:23:32,0.5138888888888888
25313,2025-08-26 23:23:54,2025-08-26 23:54:14,0.5055555555555555
25314,2025-08-26 23:56:13,2025-08-27 00:11:28,0.25416666666666665
25315,2025-08-27 00:20:24,2025-08-27 00:51:30,0.5183333333333333
25316,2025-08-27 00:53:03,2025-08-27 01:23:27,0.5066666666666667
25317,2025-08-27 01:33:38,2025-08-27 02:04:24,0.5127777777777778
25318,2025-08-27 02:22:14,2025-08-27 02:53:26,0.52
25319,2025-08-27 02:53:49,2025-08-27 03:24:57,0.5188888888888888
25320,2025-08-27 03:25:10,2025-08-27 03:43:56,0.31277777777777777
25321,2025-08-27 03:50:23,2025-08-27 04:05:21,0.24944444444444444
25322,2025-08-27 04:06:30,2025-08-27 04:37:22,0.5144444444444445
25323,2025-08-27 04:37:49,2025-08-27 05:08:23,0.5094444444444445
25324,2025-08-27 05:08:38,2025-08-27 05:09:52,0.020555555555555556
25325,2025-08-27 20:53:12,2025-08-27 21:09:58,0.27944444444444444
25326,2025-08-27 21:13:19,2025-08-27 21:19:22,0.10083333333333333
25327,2025-08-27 21:29:38,2025-08-27 21:31:35,0.0325
25328,2025-08-27 21:31:52,2025-08-27 22:05:00,0.5522222222222222
25329,2025-08-27 22:05:29,2025-08-27 22:39:21,0.5644444444444444
25330,2025-08-27 22:39:40,2025-08-27 23:10:20,0.5111111111111111
25331,2025-08-27 23:11:01,2025-08-27 23:43:53,0.5477777777777778
25332,2025-08-27 23:44:06,2025-08-27 23:44:46,0.011111111111111112
25333,2025-08-27 23:45:05,2025-08-28 00:15:30,0.5069444444444444
25334,2025-08-28 00:16:21,2025-08-28 00:46:26,0.5013888888888889
25335,2025-08-28 00:55:14,2025-08-28 01:11:57,0.2786111111111111
25336,2025-08-28 01:28:07,2025-08-28 02:01:23,0.5544444444444444
25337,2025-08-28 02:21:51,2025-08-28 02:54:41,0.5472222222222223
25338,2025-08-28 02:54:56,2025-08-28 03:25:18,0.5061111111111111
25339,2025-08-28 03:26:05,2025-08-28 03:33:15,0.11944444444444445
25340,2025-08-28 03:39:19,2025-08-28 04:13:46,0.5741666666666667
25341,2025-08-28 04:14:52,2025-08-28 04:36:24,0.35888888888888887
25342,2025-08-28 06:19:10,2025-08-28 06:45:20,0.4361111111111111
25343,2025-08-28 06:54:05,2025-08-28 07:19:43,0.4272222222222222
25344,2025-08-28 07:39:19,2025-08-28 08:10:51,0.5255555555555556
25345,2025-08-28 08:11:22,2025-08-28 08:30:20,0.3161111111111111
25346,2025-08-28 13:04:12,2025-08-28 13:14:01,0.16361111111111112
25347,2025-08-28 13:14:15,2025-08-28 13:21:14,0.11638888888888889
25348,2025-08-28 13:23:51,2025-08-28 13:36:05,0.2038888888888889
25349,2025-08-28 13:38:54,2025-08-28 13:45:37,0.11194444444444444
25350,2025-08-28 13:47:38,2025-08-28 14:01:44,0.235
25351,2025-08-28 14:05:15,2025-08-28 14:12:33,0.12166666666666667
25352,2025-08-28 14:13:52,2025-08-28 14:20:07,0.10416666666666667
25353,2025-08-28 14:25:57,2025-08-28 14:36:06,0.16916666666666666
25354,2025-08-28 14:39:31,2025-08-28 14:49:53,0.17277777777777778
25355,2025-08-28 14:50:48,2025-08-28 15:00:00,0.15333333333333332
25356,2025-08-28 15:03:43,2025-08-28 15:39:45,0.6005555555555555
25357,2025-08-28 15:39:58,2025-08-28 16:10:18,0.5055555555555555
25358,2025-08-28 16:10:57,2025-08-28 16:42:19,0.5227777777777778
25359,2025-08-28 16:43:32,2025-08-28 17:13:30,0.49944444444444447
25360,2025-08-28 17:14:01,2025-08-28 17:44:33,0.5088888888888888
25361,2025-08-28 17:46:08,2025-08-28 17:57:32,0.19
25362,2025-08-28 18:07:03,2025-08-28 18:08:02,0.01638888888888889
25363,2025-08-28 18:08:11,2025-08-28 18:46:18,0.6352777777777778
25364,2025-08-28 18:46:45,2025-08-28 19:17:37,0.5144444444444445
25365,2025-08-28 19:18:46,2025-08-28 19:50:10,0.5233333333333333
25366,2025-08-28 19:50:31,2025-08-28 20:21:29,0.5161111111111111
25367,2025-08-28 20:31:40,2025-08-28 20:48:16,0.27666666666666667
25368,2025-08-28 20:56:38,2025-08-28 21:27:54,0.5211111111111111
25369,2025-08-28 21:29:39,2025-08-28 21:44:34,0.24861111111111112
25370,2025-08-28 21:48:08,2025-08-28 22:07:51,0.32861111111111113
25371,2025-08-28 22:19:45,2025-08-28 22:56:45,0.6166666666666667
25372,2025-08-28 22:57:00,2025-08-28 23:31:20,0.5722222222222222
25373,2025-08-28 23:33:23,2025-08-28 23:44:25,0.18388888888888888
25374,2025-08-28 23:50:16,2025-08-29 00:32:23,0.7019444444444445
25375,2025-08-29 00:34:04,2025-08-29 01:04:20,0.5044444444444445
25376,2025-08-29 01:04:49,2025-08-29 01:35:49,0.5166666666666667
25377,2025-08-29 01:38:42,2025-08-29 01:41:09,0.04083333333333333
25378,2025-08-29 01:42:38,2025-08-29 02:00:28,0.2972222222222222
25379,2025-08-29 02:22:14,2025-08-29 02:55:10,0.5488888888888889
25380,2025-08-29 02:58:55,2025-08-29 03:31:17,0.5394444444444444
25381,2025-08-29 03:41:12,2025-08-29 04:16:32,0.5888888888888889
25382,2025-08-29 04:19:03,2025-08-29 04:52:23,0.5555555555555556
25383,2025-08-29 05:06:25,2025-08-29 05:41:13,0.58
25384,2025-08-29 06:00:41,2025-08-29 06:18:04,0.2897222222222222
25385,2025-08-29 06:22:13,2025-08-29 07:05:28,0.7208333333333333
25386,2025-08-29 07:05:57,2025-08-29 07:47:05,0.6855555555555556
25387,2025-08-29 07:49:03,2025-08-29 08:24:21,0.5883333333333334
25388,2025-08-29 08:27:12,2025-08-29 09:00:28,0.5544444444444444
25389,2025-08-29 09:00:47,2025-08-29 09:32:19,0.5255555555555556
25390,2025-08-29 09:33:40,2025-08-29 09:37:05,0.05694444444444444
25391,2025-08-29 09:37:40,2025-08-29 09:53:32,0.2644444444444444
25392,2025-08-29 10:16:46,2025-08-29 10:28:29,0.19527777777777777
25393,2025-08-29 10:28:40,2025-08-29 10:46:52,0.30333333333333334
25394,2025-08-29 10:54:43,2025-08-29 11:26:05,0.5227777777777778
25399,2025-08-29 12:57:32,2025-08-29 13:01:50,0.07166666666666667
25400,2025-08-29 13:02:29,2025-08-29 13:08:22,0.09805555555555556
25401,2025-08-29 13:08:35,2025-08-29 13:12:33,0.0661111111111111
25402,2025-08-29 13:15:36,2025-08-29 13:20:35,0.08305555555555555
25403,2025-08-29 13:20:58,2025-08-29 13:25:20,0.07277777777777777
25404,2025-08-29 13:25:51,2025-08-29 13:32:08,0.10472222222222222
25405,2025-08-29 13:32:33,2025-08-29 13:38:01,0.09111111111111111
25406,2025-08-29 13:38:20,2025-08-29 13:44:45,0.10694444444444444
25407,2025-08-29 13:46:32,2025-08-29 13:53:01,0.10805555555555556
25408,2025-08-29 13:53:39,2025-08-29 13:59:26,0.09638888888888889
25409,2025-08-29 13:59:41,2025-08-29 14:04:26,0.07916666666666666
25410,2025-08-29 14:06:44,2025-08-29 14:11:55,0.08638888888888889
25411,2025-08-29 14:12:08,2025-08-29 14:17:03,0.08194444444444444
25412,2025-08-29 14:18:56,2025-08-29 14:23:58,0.08388888888888889
25413,2025-08-29 14:24:29,2025-08-29 14:30:36,0.10194444444444445
25414,2025-08-29 14:54:28,2025-08-29 14:59:41,0.08694444444444445
25415,2025-08-29 15:00:28,2025-08-29 15:06:00,0.09222222222222222
25416,2025-08-29 15:06:33,2025-08-29 15:11:14,0.07805555555555556
25417,2025-08-29 15:12:52,2025-08-29 15:18:25,0.0925
25418,2025-08-29 15:19:12,2025-08-29 15:24:03,0.08083333333333333
25419,2025-08-29 15:25:00,2025-08-29 15:25:32,0.008888888888888889
25420,2025-08-29 15:25:45,2025-08-29 15:32:04,0.10527777777777778
25421,2025-08-29 15:32:21,2025-08-29 15:37:50,0.0913888888888889
25422,2025-08-29 15:38:26,2025-08-29 15:43:55,0.0913888888888889
25423,2025-08-29 16:01:14,2025-08-29 16:35:11,0.5658333333333333
25424,2025-08-29 16:35:58,2025-08-29 17:09:06,0.5522222222222222
25425,2025-08-29 17:09:39,2025-08-29 17:40:17,0.5105555555555555
25426,2025-08-29 17:40:58,2025-08-29 18:11:58,0.5166666666666667
25427,2025-08-29 18:12:31,2025-08-29 18:46:15,0.5622222222222222
25428,2025-08-29 18:47:50,2025-08-29 19:21:40,0.5638888888888889
25429,2025-08-29 19:24:58,2025-08-29 19:56:16,0.5216666666666666
25430,2025-08-29 19:56:57,2025-08-29 20:28:59,0.5338888888888889
25431,2025-08-29 20:31:50,2025-08-29 20:47:20,0.25833333333333336
25432,2025-08-29 20:56:59,2025-08-29 21:27:57,0.5161111111111111
25433,2025-08-29 21:28:37,2025-08-29 22:10:33,0.6988888888888889
25434,2025-08-29 22:23:12,2025-08-29 22:53:24,0.5033333333333333
25435,2025-08-29 22:53:57,2025-08-29 23:28:23,0.5738888888888889
25436,2025-08-29 23:28:56,2025-08-29 23:59:32,0.51
25437,2025-08-30 00:00:43,2025-08-30 00:31:47,0.5177777777777778
25438,2025-08-30 00:33:41,2025-08-30 01:04:39,0.5161111111111111
25439,2025-08-30 01:05:12,2025-08-30 01:35:32,0.5055555555555555
25440,2025-08-30 01:47:53,2025-08-30 02:18:23,0.5083333333333333
25441,2025-08-30 02:18:46,2025-08-30 02:49:16,0.5083333333333333
25442,2025-08-30 03:00:11,2025-08-30 03:35:52,0.5947222222222223
25443,2025-08-30 04:00:17,2025-08-30 04:30:47,0.5083333333333333
25444,2025-08-30 04:31:14,2025-08-30 05:01:22,0.5022222222222222
25445,2025-08-30 05:01:51,2025-08-30 05:32:14,0.5063888888888889
25446,2025-08-30 05:33:51,2025-08-30 06:04:29,0.5105555555555555
25447,2025-08-30 06:05:06,2025-08-30 06:35:18,0.5033333333333333
25448,2025-08-30 06:44:55,2025-08-30 07:15:23,0.5077777777777778
25449,2025-08-30 07:15:48,2025-08-30 07:46:50,0.5172222222222222
25450,2025-08-30 07:47:17,2025-08-30 08:18:41,0.5233333333333333
25451,2025-08-30 08:20:14,2025-08-30 08:51:58,0.5288888888888889
25452,2025-08-30 08:52:19,2025-08-30 09:22:09,0.49722222222222223
25453,2025-08-30 09:33:13,2025-08-30 10:04:31,0.5216666666666666
25454,2025-08-30 10:47:49,2025-08-30 10:52:01,0.07
25455,2025-08-30 10:52:25,2025-08-30 11:15:33,0.38555555555555554
25456,2025-08-30 11:16:28,2025-08-30 11:31:50,0.2561111111111111
25457,2025-08-30 11:32:23,2025-08-30 12:13:19,0.6822222222222222
25458,2025-08-30 12:23:11,2025-08-30 12:25:32,0.03916666666666667
25459,2025-08-30 12:26:39,2025-08-30 13:07:09,0.675
25460,2025-08-30 13:08:04,2025-08-30 13:11:12,0.052222222222222225
25461,2025-08-30 13:12:37,2025-08-30 13:28:38,0.26694444444444443
25462,2025-08-30 13:39:36,2025-08-30 14:23:12,0.7266666666666667
25463,2025-08-30 14:28:21,2025-08-30 15:10:24,0.7008333333333333
25464,2025-08-30 15:46:44,2025-08-30 16:30:36,0.7311111111111112
25465,2025-08-30 16:37:29,2025-08-30 17:20:24,0.7152777777777778
25466,2025-08-30 17:27:11,2025-08-30 17:58:05,0.515
25467,2025-08-30 18:05:58,2025-08-30 18:49:17,0.7219444444444445
25468,2025-08-30 18:58:30,2025-08-30 19:29:50,0.5222222222222223
25469,2025-08-30 19:36:01,2025-08-30 20:07:39,0.5272222222222223
25470,2025-08-30 20:08:36,2025-08-30 20:21:22,0.2127777777777778
25471,2025-08-30 20:28:07,2025-08-30 20:42:31,0.24
25472,2025-08-30 20:45:16,2025-08-30 21:03:02,0.2961111111111111
25473,2025-08-30 21:13:27,2025-08-30 21:25:59,0.2088888888888889
25474,2025-08-30 21:32:04,2025-08-30 22:17:18,0.7538888888888889
25475,2025-08-31 01:35:55,2025-08-31 02:09:30,0.5597222222222222
25476,2025-08-31 02:20:05,2025-08-31 02:52:47,0.545
25477,2025-08-31 03:02:20,2025-08-31 03:33:40,0.5222222222222223
25478,2025-08-31 03:40:46,2025-08-31 04:12:32,0.5294444444444445
25479,2025-08-31 04:19:47,2025-08-31 04:53:21,0.5594444444444444
25480,2025-08-31 04:59:28,2025-08-31 05:30:42,0.5205555555555555
25481,2025-08-31 05:37:08,2025-08-31 06:02:34,0.42388888888888887
25482,2025-08-31 06:10:27,2025-08-31 06:20:15,0.16333333333333333
25483,2025-08-31 06:25:00,2025-08-31 06:56:52,0.5311111111111111
25484,2025-08-31 09:12:50,2025-08-31 09:45:02,0.5366666666666666
25485,2025-08-31 09:45:19,2025-08-31 10:15:43,0.5066666666666667
25486,2025-08-31 10:15:58,2025-08-31 10:48:26,0.5411111111111111
25487,2025-08-31 10:48:39,2025-08-31 11:18:47,0.5022222222222222
25488,2025-08-31 11:53:25,2025-08-31 12:25:21,0.5322222222222223
25489,2025-08-31 12:25:38,2025-08-31 13:00:27,0.5802777777777778
25490,2025-08-31 13:00:40,2025-08-31 13:27:18,0.4438888888888889
25491,2025-08-31 13:32:27,2025-08-31 14:02:51,0.5066666666666667
25492,2025-08-31 14:03:00,2025-08-31 14:33:18,0.505
25493,2025-08-31 14:33:41,2025-08-31 15:01:37,0.46555555555555556
25494,2025-08-31 15:02:04,2025-08-31 15:30:14,0.46944444444444444
25495,2025-08-31 15:30:33,2025-08-31 16:03:53,0.5555555555555556
25496,2025-08-31 16:06:38,2025-08-31 16:37:31,0.5147222222222222
25497,2025-08-31 16:37:50,2025-08-31 17:10:10,0.5388888888888889
25498,2025-08-31 17:15:41,2025-08-31 17:48:09,0.5411111111111111
25499,2025-08-31 17:56:24,2025-08-31 18:27:44,0.5222222222222223
25500,2025-08-31 18:28:01,2025-08-31 18:58:39,0.5105555555555555
25501,2025-08-31 18:59:07,2025-08-31 19:31:57,0.5472222222222223
25502,2025-08-31 19:32:14,2025-08-31 20:08:02,0.5966666666666667
25503,2025-08-31 20:08:21,2025-08-31 20:39:31,0.5194444444444445
25504,2025-08-31 20:39:48,2025-08-31 21:11:10,0.5227777777777778
25505,2025-08-31 21:11:27,2025-08-31 21:43:55,0.5411111111111111
25506,2025-08-31 21:48:03,2025-08-31 22:19:35,0.5255555555555556
25507,2025-08-31 22:19:50,2025-08-31 22:55:52,0.6005555555555555
25508,2025-08-31 22:56:11,2025-08-31 23:26:51,0.5111111111111111
25509,2025-08-31 23:27:21,2025-08-31 23:57:37,0.5044444444444445
25510,2025-08-31 23:57:58,2025-09-01 00:16:11,0.3036111111111111
25511,2025-09-01 00:24:19,2025-09-01 00:44:40,0.33916666666666667
25512,2025-09-01 00:46:25,2025-09-01 01:18:01,0.5266666666666666
25513,2025-09-01 01:18:22,2025-09-01 01:48:27,0.5013888888888889
25514,2025-09-01 01:58:14,2025-09-01 02:28:18,0.5011111111111111
25515,2025-09-01 02:37:43,2025-09-01 02:43:05,0.08944444444444444
25516,2025-09-01 02:44:28,2025-09-01 03:14:20,0.49777777777777776
25517,2025-09-01 06:32:07,2025-09-01 07:02:19,0.5033333333333333
25518,2025-09-01 07:02:41,2025-09-01 07:33:43,0.5172222222222222
25519,2025-09-01 07:34:08,2025-09-01 08:05:20,0.52
25520,2025-09-01 08:05:33,2025-09-01 08:40:17,0.5788888888888889
25521,2025-09-01 11:05:11,2025-09-01 11:36:25,0.5205555555555555
25522,2025-09-01 11:36:48,2025-09-01 12:08:28,0.5277777777777778
25523,2025-09-01 12:25:26,2025-09-01 12:57:02,0.5266666666666666
25524,2025-09-01 12:57:31,2025-09-01 13:28:19,0.5133333333333333
25525,2025-09-01 13:39:46,2025-09-01 14:10:00,0.5038888888888889
25526,2025-09-01 14:10:14,2025-09-01 14:43:44,0.5583333333333333
25527,2025-09-01 14:46:59,2025-09-01 15:19:49,0.5472222222222223
25528,2025-09-01 15:20:14,2025-09-01 15:50:40,0.5072222222222222
25529,2025-09-01 16:05:45,2025-09-01 16:36:45,0.5166666666666667
25530,2025-09-01 16:36:57,2025-09-01 17:09:20,0.5397222222222222
25531,2025-09-01 17:29:58,2025-09-01 18:04:16,0.5716666666666667
25532,2025-09-01 18:09:05,2025-09-01 18:39:35,0.5083333333333333
25533,2025-09-01 18:40:12,2025-09-01 19:10:10,0.49944444444444447
25534,2025-09-01 19:19:34,2025-09-01 19:49:18,0.4955555555555556
25535,2025-09-01 19:49:42,2025-09-01 19:59:46,0.16777777777777778
25536,2025-09-01 20:02:51,2025-09-01 20:24:21,0.35833333333333334
25537,2025-09-01 20:54:03,2025-09-01 21:09:49,0.2627777777777778
25538,2025-09-01 22:14:10,2025-09-01 22:49:42,0.5922222222222222
25539,2025-09-01 23:28:32,2025-09-01 23:55:42,0.4527777777777778
25540,2025-09-01 23:55:55,2025-09-02 00:27:01,0.5183333333333333
25541,2025-09-02 00:27:40,2025-09-02 00:58:46,0.5183333333333333
25542,2025-09-02 00:59:41,2025-09-02 01:30:27,0.5127777777777778
25543,2025-09-02 01:30:50,2025-09-02 02:01:48,0.5161111111111111
25544,2025-09-02 02:02:13,2025-09-02 02:33:08,0.5152777777777777
25545,2025-09-02 02:33:25,2025-09-02 03:05:03,0.5272222222222223
25546,2025-09-02 03:20:52,2025-09-02 04:01:36,0.6788888888888889
25547,2025-09-02 04:11:22,2025-09-02 04:42:44,0.5227777777777778
25548,2025-09-02 04:43:35,2025-09-02 05:01:03,0.2911111111111111
25549,2025-09-02 13:19:13,2025-09-02 13:38:29,0.3211111111111111
25550,2025-09-02 20:58:25,2025-09-02 21:11:05,0.2111111111111111
25551,2025-09-02 21:19:16,2025-09-02 21:29:15,0.1663888888888889
25552,2025-09-02 21:35:43,2025-09-02 21:45:22,0.16083333333333333
25553,2025-09-02 21:46:49,2025-09-02 21:53:50,0.11694444444444445
25554,2025-09-02 21:56:35,2025-09-02 22:05:45,0.1527777777777778
25555,2025-09-02 22:07:38,2025-09-02 22:16:38,0.15
25557,2025-09-02 22:32:13,2025-09-02 22:40:28,0.1375
25558,2025-09-02 22:47:56,2025-09-02 22:56:53,0.14916666666666667
25559,2025-09-02 23:06:23,2025-09-02 23:26:12,0.3302777777777778
25561,2025-09-02 23:32:40,2025-09-02 23:33:29,0.01361111111111111
25562,2025-09-02 23:42:29,2025-09-02 23:51:55,0.15722222222222224
25563,2025-09-02 23:54:38,2025-09-03 00:03:49,0.15305555555555556
25564,2025-09-03 00:07:17,2025-09-03 00:16:14,0.14916666666666667
25565,2025-09-03 00:20:00,2025-09-03 00:27:27,0.12416666666666666
25566,2025-09-03 00:30:35,2025-09-03 00:38:00,0.12361111111111112
25567,2025-09-03 00:42:13,2025-09-03 00:50:23,0.1361111111111111
25568,2025-09-03 00:51:36,2025-09-03 01:00:09,0.1425
25569,2025-09-03 01:03:29,2025-09-03 01:18:24,0.24861111111111112
25571,2025-09-03 01:18:45,2025-09-03 01:28:52,0.1686111111111111
25572,2025-09-03 01:31:25,2025-09-03 01:36:07,0.07833333333333334
25573,2025-09-03 01:55:19,2025-09-03 02:01:28,0.1025
25574,2025-09-03 02:02:41,2025-09-03 02:09:59,0.12166666666666667
25575,2025-09-03 02:12:10,2025-09-03 02:19:47,0.12694444444444444
25576,2025-09-03 02:20:32,2025-09-03 02:28:16,0.1288888888888889
25577,2025-09-03 02:29:25,2025-09-03 02:37:10,0.12916666666666668
25578,2025-09-03 02:38:17,2025-09-03 02:44:57,0.1111111111111111
25579,2025-09-03 03:08:13,2025-09-03 03:16:24,0.1363888888888889
25580,2025-09-03 03:22:39,2025-09-03 03:29:13,0.10944444444444444
25581,2025-09-03 03:30:00,2025-09-03 03:37:59,0.13305555555555557
25582,2025-09-03 03:38:55,2025-09-03 03:48:56,0.16694444444444445
25583,2025-09-03 03:51:33,2025-09-03 04:00:35,0.15055555555555555
25584,2025-09-03 04:02:02,2025-09-03 04:10:21,0.1386111111111111
25585,2025-09-03 04:11:56,2025-09-03 04:18:12,0.10444444444444445
25586,2025-09-03 04:18:59,2025-09-03 04:25:16,0.10472222222222222
25587,2025-09-03 04:26:23,2025-09-03 04:32:09,0.0961111111111111
25588,2025-09-03 04:33:20,2025-09-03 04:39:33,0.10361111111111111
25589,2025-09-03 04:40:42,2025-09-03 04:47:12,0.10833333333333334
25590,2025-09-03 05:12:16,2025-09-03 05:17:57,0.09472222222222222
25591,2025-09-03 05:19:04,2025-09-03 05:25:48,0.11222222222222222
25592,2025-09-03 05:26:23,2025-09-03 05:33:31,0.11888888888888889
25593,2025-09-03 05:33:58,2025-09-03 05:40:13,0.10416666666666667
25594,2025-09-03 05:41:26,2025-09-03 05:48:00,0.10944444444444444
25595,2025-09-03 05:49:07,2025-09-03 05:56:56,0.13027777777777777
25596,2025-09-03 05:57:29,2025-09-03 06:04:03,0.10944444444444444
25597,2025-09-03 06:04:46,2025-09-03 06:11:37,0.11416666666666667
25598,2025-09-03 06:12:12,2025-09-03 06:18:12,0.1
25599,2025-09-03 06:25:33,2025-09-03 06:31:24,0.0975
25600,2025-09-03 06:32:15,2025-09-03 06:37:43,0.09111111111111111
25601,2025-09-03 06:39:30,2025-09-03 06:45:15,0.09583333333333334
25602,2025-09-03 06:45:40,2025-09-03 06:51:14,0.09277777777777778
25603,2025-09-03 06:52:15,2025-09-03 07:00:36,0.13916666666666666
