run,mean,std_dev,amplitude,nevents,chi2,ndf,chi2_ndf
23861,8.876403729457698,1.8689185471526373,21.223396280870006,678,41.694834999232235,27,1.5442531481197124
23862,8.821475173088784,1.8113079058459731,24.35190394931809,753,44.32697420601314,28,1.5831062216433265
23864,8.757726597535761,1.8140775192801923,22.478496435159293,695,34.39670863729393,26,1.322950332203613
23865,9.373522954657282,1.6614332729043697,14.487491382343705,423,28.090876633719354,26,1.080418332066129
23866,8.830418028946855,1.6727273768083841,8.790326206503844,266,36.66965236674224,26,1.4103712448747017
23867,9.068349690197712,1.7655711972215775,18.96006585638715,572,33.547209169612124,27,1.2424892285041527
23868,9.011535319317726,1.7675698903472525,19.85904395727769,607,42.49236304987329,27,1.5737912240693812
23876,9.220065974447643,1.5392454054381246,2.5189207853426523,69,10.604121207460347,19,0.558111642497913
23878,9.245469837004926,1.2372787841670034,1.8649855777746265,42,8.748136871900737,10,0.8748136871900737
23879,9.889566634589428,1.5015021489385887,1.4314596145643976,41,6.311192363936571,15,0.4207461575957714
23880,9.23340237527859,1.588983651919799,0.9614884947370704,27,5.42553228148353,12,0.4521276901236275
23881,10.35304291496053,1.2802485259521394,1.4473517090851973,34,4.419092743586307,13,0.33993021104510057
23882,9.218486499891016,1.6967477310017878,1.4722292537719726,44,8.26826940357899,13,0.63602072335223
23883,9.06350843242326,1.904199349543332,1.3815660362690798,40,6.92393385477398,18,0.3846629919318878
23884,8.39450584709949,1.2078967333009965,1.7531590925482288,45,5.3318232856269,12,0.44431860713557497
23885,7.854612524614183,2.309124563921015,0.6789257772098107,24,7.60063890336833,12,0.6333865752806942
23886,9.098148706812546,1.222195817517552,1.3054368870418784,32,6.466652541523757,9,0.7185169490581953
23887,9.07371414661297,2.1995258595561813,1.366898734668061,51,8.461871049559338,22,0.3846305022526972
23888,9.737517519940218,1.336151029025871,1.539781939583852,37,6.139702614019221,13,0.472284816463017
23889,9.476618379026801,1.4685171901704313,1.89400972152431,52,6.981355168212992,16,0.436334698013312
23890,11.445924321127116,0.7426879819224866,1.0856362695892867,21,7.687956212018506,9,0.854217356890945
23892,8.625797898518103,2.6505020344841355,1.5015355698392179,60,12.628227304925861,26,0.4857010501894562
23893,8.545344781983264,1.2356392915020291,2.53494070541015,63,13.567424516753132,15,0.9044949677835421
23894,9.165366729973611,1.5865412805768004,2.2938732938675024,64,6.8024506595013134,17,0.40014415644125373
23895,8.635512184271558,1.466956651442142,2.215300881326803,58,8.417296713155787,17,0.49513510077386985
23896,8.612274943932626,1.1403685383986035,1.7497142241139358,39,6.186319713356131,14,0.4418799795254379
23897,8.846044240435399,2.760182475621511,1.6254520328352273,68,16.61105872381268,25,0.6644423489525072
23898,8.835610256426785,1.8471108624818868,2.2403039050982327,67,12.012857045123448,21,0.5720408116725452
23899,9.15035794544424,1.0792513868175926,3.1163806027042673,66,12.937136475343614,14,0.9240811768102581
23900,9.16448399540166,1.4901928766557195,2.7885596983406318,77,14.183345960525973,19,0.7464918926592617
23902,8.2119922876992,1.26101244032245,1.506069593517891,36,7.696981544604988,13,0.5920755034311529
23904,9.097078078892787,1.7121607511114456,3.1641728357007746,90,14.285901352024352,22,0.6493591523647433
23905,8.88040885948362,2.2775832031212384,1.8584471144744223,66,12.33240731917848,24,0.51385030496577
23906,8.88429388589759,1.8590443303000739,2.102145206051127,68,8.460243681218614,22,0.38455653096448245
23907,8.589097734909691,1.6135044420139053,2.9092072272962857,81,18.609043715220757,19,0.9794233534326714
23908,9.217181669113115,1.642891332765139,0.952865817117134,29,5.242976679752929,14,0.3744983342680664
23942,8.731307523895282,0.7311544205141624,2.3710508995631363,33,3.801256432813453,9,0.42236182586816146
23944,9.609399119841155,2.174415271116727,1.9628555758386883,67,15.239874164857085,21,0.7257082935646231
23945,9.00420339412921,1.7770176187429758,1.7197990706442257,56,8.195604786426312,19,0.43134762033822693
23946,9.522941939477594,1.6461426580213074,2.946368651690806,81,19.71793587558681,21,0.9389493274088958
23947,8.594337479208123,1.711722928259176,2.7345039689016915,81,9.667958557827655,19,0.5088399240961924
23948,9.61305163723192,1.9081645031485326,1.4803336174864479,47,10.039290556268906,17,0.5905465033099356
23950,9.58565648564216,2.347170555050022,2.4274872161268037,87,22.84762103990732,28,0.8159864657109758
23951,9.722361596772688,1.5648747177701008,3.361709093230636,98,12.557277902180699,20,0.627863895109035
23952,8.71036920066942,1.4461156536856137,3.391203803990629,86,27.473873645306217,19,1.4459933497529587
23953,9.22346570660681,1.7482036726567602,2.4248726142970285,71,16.40419409315221,18,0.9113441162862339
23954,7.5575279032707865,1.8004633016953915,1.1921421993057686,32,9.98938247218394,10,0.9989382472183941
23955,9.637091921598332,1.9248594296067971,1.268350922594105,43,8.283876131252475,16,0.5177422582032797
23957,8.72988610756986,1.5006480165858715,5.1955476537307765,137,21.799072996561915,25,0.8719629198624765
23960,8.668779167081974,1.8318802068379845,15.175210387923858,465,54.69513392042457,28,1.9533976400151631
23961,9.169672643265212,1.9745922008512535,4.405634696030394,142,39.43715546253388,29,1.3599019125011682
23962,7.777326463290673,1.8177954565914596,1.8286957095984806,55,13.552889745391338,20,0.6776444872695669
23964,8.950958237223258,2.035262748471399,19.95480025436782,643,36.59269196686818,30,1.219756398895606
23965,9.109068428977345,1.9508190008134565,18.103448443455633,571,38.68148802909857,31,1.2477899364225344
23966,8.64963767187265,1.9107748336634618,24.11159197759825,752,35.75979432879525,30,1.191993144293175
23967,9.236389758795488,1.6842255578751046,12.396118738909339,353,26.362454907920004,25,1.0544981963168
23969,8.74259631466208,1.731070705117906,22.57571005194966,671,42.56616716709757,27,1.5765247098925026
23970,8.705520625350307,1.8598611972648889,20.33444661337396,625,34.539861262256075,29,1.1910296986984854
23972,8.732855196598917,1.9005874598665176,12.523709817618553,391,61.37995221773618,29,2.1165500764736613
23973,9.072689419509365,1.9361814878181982,4.228860597310442,132,32.3288543323968,27,1.1973649752739557
23974,9.126477801542535,1.9973864626048838,13.43895244357525,433,48.14399525548839,29,1.6601377674306341
23975,9.054739217650523,1.4376083639618409,3.576628977151865,90,17.66938760875487,20,0.8834693804377436
23977,8.925406375905224,1.816031853574769,16.731511961669963,521,40.32808736388801,27,1.4936328653291855
23979,9.080800911761292,1.8513778368281708,11.267006766799348,344,29.534538392659726,29,1.0184323583675767
23980,8.967815421170807,1.9910646073056857,8.26347311575807,285,33.21419982339911,31,1.07142580075481
23981,8.8442268552166,1.8573353389887417,14.53405696100793,459,67.10558398082203,27,2.485391999289705
23982,9.236325013518735,2.1342498746557776,4.278696707056348,136,43.174305008343715,28,1.5419394645837041
23983,8.963731177205968,1.9597144001644786,19.91305392244015,632,37.773593118957294,28,1.3490568971056176
23984,8.674686318539038,1.9337758302217953,11.707483962165599,387,41.075276980030765,29,1.4163888613803712
23985,8.655122331287656,1.9120849287241295,17.74496463753964,583,31.405660310684468,28,1.121630725381588
23986,9.125728940587845,1.7782131950221707,18.367807783931383,560,50.36835574560795,27,1.8654946572447388
23987,9.094597852689791,1.8392956374576122,15.407881060726693,483,51.488377640821966,28,1.838870630029356
23988,8.951273709521127,1.7570612182925447,16.241241670889387,484,28.83195474221748,28,1.02971266936491
23989,9.027209100083873,1.9157867077092732,24.332163009220167,766,70.27758741549312,28,2.509913836267611
23990,8.838050770048342,1.7863941706400037,11.001923371852119,327,35.975759283625706,25,1.4390303713450283
23991,8.799212732319763,1.9646617473651655,4.379594830419934,139,28.67877793628713,27,1.062176960603227
23992,8.936718621807618,1.8883815019392143,23.103079265845334,744,75.17749673786827,28,2.6849105977810095
23993,8.852462612739732,1.8441665704099957,30.339313992492688,939,59.1572633289151,27,2.1910097529227817
23994,8.77499333104793,1.7995946933341167,32.84529492472156,996,73.81544335422389,26,2.839055513623996
23995,8.886702769746481,1.8682170614548583,21.231105748385986,663,63.304831219750625,28,2.260886829276808
23996,9.122927238698805,1.8480119056587891,18.353592730036954,564,25.434283878966554,28,0.9083672813916627
23998,9.06589040388614,1.8276467734844764,10.551297648887799,317,24.627115451418607,27,0.9121153870895781
23999,8.952327077696161,2.0285774408365262,14.370343123561794,465,59.97954660176268,28,2.142126664348667
24001,9.087390517848407,1.947797788792701,25.950167749886788,841,63.42584779175731,29,2.1870981997157695
24002,9.053766488811227,1.8151043129487192,28.438880941533697,874,35.15363613418169,27,1.3019865234882106
24003,9.01085933666751,1.8952043394435318,25.131888554380303,785,31.313753548166446,28,1.1183483410059445
24004,9.055996216410717,1.660722786820646,13.481601848871511,389,27.295996565857564,26,1.0498460217637524
24005,8.722258208866727,1.6422283550866201,24.879383178812347,724,19.904391037260837,25,0.7961756414904335
24006,9.0359786430659,1.9636973696020044,20.490367083203633,653,30.81607497814241,28,1.100574106362229
24007,8.87667828355915,1.8511840915770623,23.47301056876528,709,46.93214473721903,27,1.7382275828599643
24008,9.202223752186118,1.9201590709610108,5.510947249633512,174,18.507495339024295,26,0.7118267438086268
24009,8.756342903738531,1.8210281884665185,29.55871322431469,913,50.4967320427166,26,1.9421820016429463
24010,8.680966366537298,1.7732904897849004,26.56820247573978,805,38.79887152396149,29,1.3378921215159134
24011,9.062136731898503,1.946381277138183,22.61512226336688,748,74.47281125918333,29,2.5680279744545977
24012,8.721245403693278,1.8625808844361327,22.315778543041088,687,45.73483242986554,26,1.75903201653329
24013,8.653158569468276,1.820354573916025,25.26585720044486,782,71.50277671616743,26,2.7501067967756705
24014,8.671743055627944,1.937081954407836,24.746472973461728,790,42.86532931601311,28,1.5309046184290396
24015,8.841368401440722,1.5236568156849837,18.348708387688465,504,31.447785800572294,24,1.310324408357179
24016,9.202626294308597,1.7170750632959693,6.512164905131808,182,39.10435888834718,23,1.70018951688466
24019,8.83341518818564,1.8724576298537634,27.037519963126503,821,95.34068371752987,28,3.4050244184832095
24020,8.714641492509472,1.8123827485116675,25.642962537769833,746,77.74733931433114,28,2.7766906897975407
24021,8.987926659025582,1.803274920757111,26.022046052932765,787,42.52869954894748,27,1.5751370203313881
24022,8.662771702514373,1.9357545414854187,27.092516126325588,865,42.602781097752136,30,1.4200927032584045
24023,8.933969355852145,1.7124714840571562,3.6022704980467006,103,19.89388905969432,24,0.82891204415393
24024,8.795019663350162,1.74284958999519,18.552881402828646,535,41.79683356274987,26,1.6075705216442258
24026,8.88585984261904,1.724025176619576,11.285075403587495,333,40.52291381318702,26,1.5585736081995007
24032,8.908067539252329,1.7129390986047925,16.946013737948583,489,36.381349208656026,27,1.3474573780983714
24039,9.152312673415818,1.9512258382174927,2.895864618514822,87,27.45443566256593,24,1.1439348192735805
24040,9.088633937462793,1.9904907444995241,15.580708376026127,506,32.441279509111666,30,1.0813759836370556
24041,8.976238047860539,1.70206096328828,23.40716355767084,686,25.735920299296836,27,0.9531822333072902
24042,8.96606994323341,1.722384368365615,23.748116729801573,690,32.849307164225166,27,1.2166410060824135
24043,8.850123175391094,1.830909732121587,10.401742135843667,323,33.32100739690069,28,1.1900359784607388
24047,8.720595306232594,2.0880294260303094,19.797590902527674,669,47.70852626885913,29,1.645121595477901
24048,8.98834368427861,1.887159451133186,18.71923310398264,594,35.74926658879353,29,1.2327333306480528
24049,8.83583922678898,1.8887203310769047,23.396849002246455,750,36.210109483635435,29,1.248624464952946
24050,8.554878021957865,1.7531762294214073,24.117812680034767,713,35.35716680445751,27,1.3095246964613894
24051,9.127144444431224,1.6975381411281951,20.021411377978627,566,59.804621032700744,26,2.3001777320269516
24054,8.834097391001814,1.5943152782432688,26.826107393598328,750,46.05499195173038,24,1.9189579979887659
24055,8.694896515697803,1.9257526238264784,24.30884313243548,767,38.422200425017685,28,1.3722214437506317
24056,8.802626909024207,1.9033915177847167,24.97616666105193,784,51.25980606272316,28,1.83070735938297
24057,9.180672708743726,2.068420470544162,20.056128617453,667,57.33228031683366,30,1.911076010561122
24058,8.669470942412374,1.6690038752614276,12.796194778836009,381,40.5057567717479,27,1.5002132137684407
24059,8.994690293749478,1.8464035052572685,6.394927947716172,192,25.07578039238889,27,0.9287326071255144
24060,9.290495075232458,1.8543634707423469,24.439116365404317,770,35.96194569960263,28,1.2843552035572368
24061,8.927294906366534,1.7875823831216957,30.523154303736163,926,32.89732282751919,27,1.2184193639821923
24062,8.920592085861939,1.7914606146925984,28.723685584235376,859,47.45506790887769,26,1.8251949195722188
24063,8.950085762727932,1.958372695374753,23.243397879309565,755,55.64966154182983,29,1.9189538462699942
24064,8.547403980705788,1.9049653659945893,16.25236676348539,515,34.69857306442522,27,1.2851323357194526
24065,8.749988418591439,1.9647293966475115,10.778725660027485,360,63.837633355129995,28,2.2799154769689283
24066,8.853039893493202,1.8692363203602709,12.696945810355935,400,24.135048285444483,28,0.8619660101944459
24067,9.077229115428649,1.672914839441174,23.42220934552875,678,31.24498826110629,26,1.2017303177348573
24068,8.781872259288637,1.8026278986077622,23.898234960914525,726,69.54383236984106,28,2.483708298922895
24069,8.909124273124913,1.6426328022813528,32.52178337286702,932,35.48639489003399,27,1.3143109218531108
24070,9.20818717868474,1.9611052923169,10.74712306670334,356,45.397369533135134,29,1.5654265356253494
24071,9.009516360759875,1.8409960214069687,25.477925329670615,796,55.44098578550489,27,2.0533698439075887
24072,8.816358209731266,1.8560674814281801,22.86024596645616,717,35.737585799378984,28,1.2763423499778208
24073,8.807332611898468,1.7569446793677108,24.19255277060487,727,53.22303106726319,27,1.9712233728615998
24074,8.908607595440937,1.872560673975652,23.215976910014703,738,47.9431286540179,28,1.7122545947863534
24075,9.052939113524634,1.908800307514843,20.079110378006586,636,64.74436740193235,30,2.158145580064412
24076,8.59592865126883,1.8623003079674598,21.983108668028308,684,45.94187132390566,28,1.6407811187109165
24079,8.887121044505609,1.7362105408806954,22.932641219850566,678,26.27678111169702,26,1.0106454273729624
24080,8.834766868189154,1.9845405433305237,24.62429006813665,786,95.13595814995396,30,3.1711986049984655
24081,9.033798369020642,1.734153816545587,27.247930814791637,815,52.5142209867778,27,1.944971147658437
24082,9.164476446971534,1.778542905697986,24.45255426799949,754,41.7847847732762,27,1.5475846212324518
24084,8.75690772770348,1.8275146144153254,14.631418359387219,444,36.722328828102725,28,1.3115117438608117
24085,8.497030818686595,1.7361617964203415,15.786596227905186,461,54.23220481946368,26,2.085854031517834
24086,9.069862664001167,1.7583058173518054,16.8753371666988,517,35.39215820028577,26,1.361236853857145
24087,8.91962667085018,1.7622778373394845,37.292704222307364,1110,38.14912283115334,27,1.4129304752279015
24089,8.505626841577127,1.9031305032055632,19.666351828909903,610,77.00188701294319,27,2.851921741220118
24091,8.922448156628564,1.978472783759573,14.222196557955618,457,46.71880428897131,30,1.5572934762990438
24092,8.843777208373448,1.8699076279520537,22.61854868495422,710,74.49773811989596,28,2.6606335042819986
24093,8.919970566053607,1.834025327756644,22.84505400392036,708,31.114699823678592,26,1.196719223987638
24094,9.041604864994328,1.8657761104047794,22.335923394949415,710,48.51457237093686,27,1.7968360137384023
24095,8.954583589608363,1.810595079774535,11.612744872625893,359,64.19767663875601,28,2.2927741656698575
24096,9.205459864304043,1.6840132257224412,7.3331516524172615,222,37.64738938785594,27,1.3943477551057755
24097,9.929019545629037,2.1402187571880114,1.6253678572604087,56,9.071679562923869,23,0.39442085056190734
24098,8.651660661127506,1.7069462192795408,22.210691132531284,655,45.168936952050096,25,1.806757478082004
24099,8.891304320088913,1.977977566139117,21.535998513788815,713,34.09429431697932,30,1.1364764772326441
24100,9.092035528657542,1.7411523722530269,20.266874045128024,588,45.27145860898518,26,1.74120994649943
24101,8.861165583806974,1.9801610009396546,20.085353773411022,676,52.559138306808705,30,1.7519712768936235
24103,9.233834602031402,1.8972267787411192,13.703779956314618,444,41.07449121497822,28,1.4669461148206506
24104,9.217632853261561,1.792156497964975,32.617203162086575,981,87.7189232226066,27,3.2488490082446893
24110,8.990573761652962,1.749663794541489,19.70310028689384,591,39.55577083023658,26,1.5213758011629455
24111,8.893450282899718,2.0488016141592653,16.661846970562824,561,39.67903560465336,30,1.322634520155112
24112,8.693152838352509,1.8359985574666988,21.92680341022603,693,44.12155516822029,27,1.6341316728970479
24113,8.992796936121682,1.7049501659157527,13.632569882252726,405,38.785446162263,25,1.55141784649052
24116,9.247518848030982,1.8192513084170356,16.680499081480118,508,27.57278720493822,27,1.0212143409236378
24117,9.039078081906181,1.8382491245907162,17.812416896698625,544,33.25478348933402,28,1.1876708389047863
24120,8.984790064030461,1.846180104548855,26.9066266734683,846,32.84789343582043,27,1.216588645771127
24121,8.744173231998824,1.8863364881258562,25.25106541349306,796,39.80609788098135,28,1.421646352892191
24122,8.726235185032216,1.8446966117167962,24.83820845834843,773,57.75954503556698,28,2.062840894127392
24123,8.829675779242995,1.6395282857010882,25.032117414087953,717,38.62087396116676,25,1.5448349584466703
24125,8.714334467239375,1.4058787720046575,12.134494012577187,305,18.955593957294905,21,0.9026473312997574
24126,9.000731567066778,1.75570419152867,22.157987041694224,668,26.979001394043006,26,1.0376538997708848
24127,9.106505221943136,1.7997592051083595,20.190681212005718,605,64.5577506055038,27,2.3910278002038443
24128,8.898730609829665,1.9043808492695635,23.8280749362582,749,47.58897054314893,28,1.6996060908267476
24129,9.084665268039242,1.954023327104796,21.28932139150132,678,56.97889773422847,29,1.964789577042361
24130,8.653763418982653,1.8462861178694014,24.982405093926292,790,47.224243371469,27,1.7490460507951482
24131,8.731200156020627,1.7534945349091027,21.60115838185044,668,48.32897860586971,27,1.7899621705877669
24132,8.770204752491791,1.6159520454195337,19.127669835409936,550,30.79276769690921,25,1.2317107078763683
24133,8.938244670509706,1.858948436230521,23.111331741578283,724,41.01823789694875,27,1.519193996183287
24134,8.637777448053743,1.5934021897595516,16.113763298991028,449,20.89361054617735,23,0.9084178498337978
24135,8.90755792450819,1.9900966711063948,4.711509779100097,153,35.17769444012281,26,1.3529882476970312
24138,9.121269799785637,2.079181958340425,28.99688742438304,972,66.71231910657986,29,2.3004247967786156
24139,8.816461437374619,1.8070721438892683,34.58505835020761,1065,44.40610311091813,26,1.7079270427276205
24140,8.913726982937275,1.759445161567419,37.66322464913711,1132,69.5663762587617,27,2.576532454028211
24141,8.648795072788642,1.6551126107899266,35.5186991030336,1042,37.12617701947303,26,1.4279298853643474
24144,8.990485235168537,1.8571025113738864,22.958064756949423,726,51.425322515022316,26,1.9778970198085506
24145,8.851126935972557,1.892661433512052,21.456205285141905,681,60.0937944590973,29,2.0721998089343896
24146,8.626660396618183,1.7583771459718769,20.188608880437236,593,37.53038673319726,27,1.3900143234517504
24147,9.053039248311748,1.7697299145299803,23.87933094771175,718,55.18167385189786,27,2.0437656982184396
24150,8.843010953904022,1.654091605636252,26.201392190762498,761,56.68842667993013,25,2.267537067197205
24151,8.999495261962386,1.835362878062917,22.978538173859224,712,36.32564876976671,28,1.2973445989202397
24153,8.945636080764917,1.7880418596555057,23.087534890172027,712,48.2703384227293,27,1.7877903119529372
24155,8.961593971485643,1.5314373320655026,26.420575112091395,725,21.62717603934412,25,0.8650870415737648
24156,9.004840742494792,1.8137595564596332,14.585759114245294,455,71.56629594185168,27,2.650603553401914
24157,9.027476037333743,1.8709989655224186,5.317066186760462,165,18.09458299151502,25,0.7237833196606007
24158,8.97414873655641,1.8548634751152258,20.82021173562708,675,47.71879484313061,28,1.7042426729689504
24159,8.892134163498401,1.9286178122324358,20.36934317374413,667,38.198024994095306,28,1.3642151783605467
24160,8.687619872928344,1.746842677295113,24.870137835565007,733,77.54809547292943,27,2.8721516841825716
24161,8.64763414845958,1.6893720336664406,21.13470295553167,634,49.41056691148314,26,1.9004064196724284
24162,8.869327191276074,1.86732434975541,22.2905370136515,698,33.01629026544409,27,1.2228255653868183
24163,8.643620592136642,1.899884127604271,22.646445764971176,696,34.612081896442696,28,1.2361457820158106
24164,8.767998757558376,1.848719033434109,22.783778860120172,718,52.30761202300697,28,1.8681290008216773
24165,8.936233679791783,1.7053132734995926,26.695846671305993,787,43.80754211227041,27,1.622501559713719
24166,8.968437728094889,2.008656876152703,9.113209452770102,298,46.57810514150747,29,1.6061415566037058
24167,8.984167469760056,1.8097999806041367,19.358424043167368,596,29.887769711286733,28,1.067420346831669
24168,8.821953182385522,1.6527183917112,23.62676746447439,690,29.119962770087955,26,1.119998568080306
24169,9.05319369398972,1.931340503755706,22.36235262319386,713,78.06498955733154,27,2.8912959095307977
24170,8.828115222209338,1.9301416571061731,20.205337588428275,633,34.869862911602105,28,1.2453522468429323
24171,8.940341342842348,1.9504415353049844,12.049598978738915,402,57.73053665959893,28,2.061804880699962
24172,9.270934825902643,1.8798858662286317,17.130424929609312,544,31.369588463409713,29,1.081709947014128
24173,8.970335482963234,1.737308996561626,18.703127578921272,559,54.487712871053425,26,2.0956812642712856
24174,8.843764476679395,1.6226964255895602,23.45205943806083,674,54.48652124723514,25,2.1794608498894057
24175,8.833093534183538,1.8506130139193206,19.486889814779783,598,59.43575142663053,29,2.0495086698838114
24176,8.733595897151083,1.7389633413769425,23.0198350164017,666,67.97566061004687,27,2.5176170596313656
24177,8.642940276592473,1.868800988396939,19.425454380861385,599,44.02785458915682,28,1.572423378184172
24178,9.058959243530259,2.005737746577669,18.794329457499792,608,55.98374200009922,28,1.9994193571464007
24179,8.944292440463663,1.7067882449494178,23.90658909261558,714,31.54837194532757,26,1.2133989209741374
24185,8.6326072858013,1.8463786152226158,20.826484956375854,644,36.47823876739478,27,1.3510458802738807
24187,9.370701067028659,1.707563763727677,22.701301786274584,684,24.187315687877334,25,0.9674926275150934
24188,9.038639848815512,1.5501120929645666,25.224970266947334,704,47.86311159879933,24,1.9942963166166388
24189,8.901255022320646,2.0187167327235818,19.89312658046503,669,40.870902308033905,29,1.409341458897721
24190,8.882313841854787,1.9634984602112389,22.937203842168064,764,52.8253485099525,29,1.8215637417225
24191,9.065525345403469,1.8489184027760397,19.80121168155703,635,65.89244026467878,27,2.4404607505436586
24192,8.912058827866183,1.6767347730994677,24.792484275033573,735,26.7469454392139,25,1.069877817568556
24193,9.131237172775586,1.7089728030251825,21.91430598174123,662,47.99929069400809,25,1.9199716277603236
24194,8.788945806998699,1.5563832023390216,25.394749939304962,715,35.304012315088784,23,1.5349570571777733
24195,8.755376337741936,1.6561776618860817,24.920981075418624,724,51.82611928516032,25,2.073044771406413
24196,8.911008116828938,1.4784859942458821,16.71817493841796,449,25.79502332728201,23,1.1215227533600873
24197,8.900644266846095,2.0340914693902925,8.112328782899821,263,34.817468241695885,28,1.2434810086319958
24200,9.09089560322912,1.8934482127999173,7.677704079053893,243,22.892493716835634,26,0.8804805275706014
24201,9.29159728258954,1.7264348446954445,32.079091552060646,987,74.4947055952498,26,2.8651809844326843
24203,8.940478641197679,1.8750714430550892,47.237316967827375,1507,71.3399904419433,27,2.642221868220122
24204,8.784313038040851,1.7920963726837063,20.91228706338417,640,34.94122487628037,25,1.397648995051215
24206,8.92625990111776,1.6364826385212585,10.83106545177726,310,35.64765876213854,23,1.5498982070495018
24207,8.706712335125781,1.8328850882899421,22.961748222121837,714,31.450144950113728,27,1.1648201833375456
24208,8.860813355697857,1.8559233787412155,24.52320808990534,774,59.933466731233196,26,2.3051333358166612
24210,8.951192573686395,1.810173921245443,14.629910180883615,454,28.25936143954502,26,1.0868985169055778
24211,8.538184326979495,1.7585181909472232,14.70654281436978,452,62.87165763658222,26,2.4181406783300856
24213,8.819451496508893,1.8348716863722925,71.16015588749553,2214,81.2676867855323,27,3.0099143253900853
24214,8.983187049883835,1.78482897123539,56.52929856938189,1727,71.30419382054755,27,2.640896067427687
24215,8.874187687479623,1.8129033613917342,74.7256949660923,2305,63.35862391016217,27,2.346615700376377
24216,8.801371555108762,1.767234706356974,81.16141850650189,2463,57.66880985401382,26,2.218031148231301
24217,8.874976584260526,1.7324243751974575,76.53202226106417,2289,113.79966517002804,26,4.3769101988472325
24218,9.037208411401092,1.8615862970483021,71.2502016978673,2227,283.3157111562042,28,10.118418255578721
24219,8.998113336792278,1.81658227366248,51.92038602709097,1585,77.59997527276046,27,2.8740731582503876
24220,8.817747521821783,1.8193205974865234,20.7442016114669,659,30.536517228836953,27,1.1309821195865537
24222,8.886150844681504,1.6871223570217422,55.902764134901204,1640,58.43969518674395,25,2.337587807469758
24223,8.949923717411776,1.9448841897693658,27.2704092499448,872,46.66831534862315,29,1.6092522534007985
24224,9.007840421885588,1.7130836049203402,54.710091732448916,1639,48.455367511767676,26,1.8636679812218337
24225,8.747801396160908,1.7725246152914143,20.91383044521022,644,45.31749503807455,26,1.7429805783874825
24226,8.852503249210168,1.7990074924303434,59.42519458460648,1819,101.35058592430322,26,3.8980994586270468
24227,8.909919005297562,1.6253123290878757,73.6437097998973,2155,66.5425873274028,25,2.661703493096112
24228,8.823481412271516,1.85123193642704,50.31348136402247,1598,188.855203230329,28,6.744828686797464
24229,8.802953952728716,1.8330842947291743,34.353450180606025,1116,171.5017135195059,27,6.351915315537256
24230,8.96068152320089,1.716932777250261,18.41825160356196,560,38.81559345445117,26,1.4929074405558143
24232,8.896152384805612,1.7593306568280085,24.875515163096495,750,28.761006684078357,26,1.1061925647722446
24233,8.512440765289131,1.7556901716059128,23.426660498024575,715,48.87469183390822,27,1.8101737716262305
24234,8.659354336801515,1.686959394466617,24.469353483742715,723,30.045371078502082,25,1.2018148431400832
24236,8.932461261373108,1.7648309807153815,56.89326132134047,1741,143.0336179516224,27,5.297541405615645
24237,8.822711462064103,1.654660597332341,54.29130602658201,1584,45.39192019589954,25,1.8156768078359815
24238,8.871693862085516,1.7330074244065927,62.908837860988896,1901,50.081885288952336,25,2.0032754115580933
24239,8.659276618871928,1.8107434848379451,58.9210706971993,1792,141.57974006934012,28,5.056419288190718
24240,8.927415689556828,1.8041021072759538,61.10746526374067,1914,84.18938085120475,27,3.1181252167112867
24241,9.099194136901296,1.8010994140318033,29.34507237208996,901,63.60216216696782,27,2.355635635813623
24243,8.80068228444951,1.8865603321245152,30.01720795423189,966,55.73753938137669,28,1.990626406477739
24244,8.79967717289075,1.684187144348546,37.3739524451904,1097,61.583433116863134,26,2.3685935814178127
24245,9.020701184482077,2.0448047420095308,32.25109776575692,1087,134.2257079267743,29,4.628472687130149
24246,8.7998662863516,1.7917668041054144,34.91831828824073,1078,43.98820076163405,27,1.629192620801261
24247,8.9097497407866,1.752978180067315,31.983066538562703,972,58.848032843511184,27,2.1795567719818956
24248,8.87170027252647,1.7670545669590119,35.17971588563027,1074,45.37159870260509,25,1.8148639481042037
24250,8.821593809214228,1.8206469296722474,68.8805870728689,2148,61.59649458733839,27,2.2813516513829035
24251,8.841932779263187,1.8354260858909526,75.61178045175457,2353,443.59967793468803,28,15.842845640524573
24252,8.89742410053839,1.7441913473651576,76.74880492237342,2313,118.97972535628267,27,4.406656494677136
24253,9.005232545133355,1.751950743028681,81.87189169056532,2422,83.68346694682677,26,3.2185948825702604
24254,8.842111760795792,1.9091171128254687,75.28538748951624,2409,130.80350472180618,28,4.671553740064506
24255,8.85731216728444,1.8267466152821092,73.71930022170689,2271,69.93663584024874,27,2.5902457718610643
24257,9.137788967412769,1.9550212005957988,50.031350547636414,1662,66.72128473733206,29,2.3007339564597262
24258,8.994575092612303,1.7702270435522145,54.780297291893525,1653,45.51627471742349,26,1.7506259506701343
24259,8.860877799504483,1.7675402484680536,53.7044293202682,1635,73.39339318650038,26,2.822822814865399
24260,8.960113284703588,1.7357058166012616,49.090992939288384,1509,65.97022154696067,26,2.537316213344641
24261,8.891748719253526,1.5307023045471815,43.609053321316445,1198,36.3246064462288,23,1.5793307150534261
24262,8.742471162954677,1.7796153909576562,45.92344385660569,1409,59.5466297133193,27,2.205430730122937
24263,8.938062868991,1.7250133042477294,35.358427261394866,1051,37.84188139469682,27,1.401551162766549
24264,9.103099627832416,1.7667085122184731,18.166670290080745,563,57.34601402047298,27,2.1239264452027027
24266,8.933374117764481,1.9068166920117573,45.40149410802164,1473,91.5911375293251,28,3.2711120546187535
24267,9.009586612055907,1.8832860860318865,22.454105204293306,723,51.66631392836623,28,1.845225497441651
24268,8.9602196284737,1.9295318993690709,21.845517713055713,709,32.636674217251795,28,1.1655955077589926
24269,8.716121292933014,1.7420703051046906,20.65233181358609,621,53.27154122346701,27,1.973020045313593
24270,8.803533779724118,1.8564420120831417,55.189072990597,1757,59.93950422357571,28,2.1406965794134183
24271,9.066809920194258,1.8628793975146547,56.13558526990405,1758,65.93233100523113,27,2.441938185378931
24273,8.908552605811176,1.7767045190217827,64.73620806989415,1972,128.04363858112572,27,4.742356984486138
24274,9.05383806624729,1.7744342422857087,61.33685056591228,1866,55.93152279491276,27,2.071537881293065
24275,8.874662658125624,1.7533945423118282,62.88054430651227,1919,67.84235335718067,27,2.5126797539696546
24276,8.833023887414011,1.6420267845120304,32.740688626988835,964,26.195147017217703,25,1.047805880688708
24277,9.082782788501978,1.6711843574864758,39.394520914635144,1154,33.73945020292079,25,1.3495780081168318
24278,8.924693358804841,1.7972289870264098,40.79839647666001,1256,40.29764037565894,27,1.4925051990984795
24279,8.951445932616656,1.7843056972175355,38.7628965814157,1175,67.9251847909487,27,2.515747584849952
24280,8.894439757838676,1.7318484852078686,38.8067245065957,1150,48.62085859757592,25,1.9448343439030367
24281,8.83881929554913,1.8343922672794868,40.57500149007636,1259,88.13041796810134,28,3.1475149274321907
24282,8.76779283150148,1.7403874529961951,43.365772855914116,1303,53.296959153044,26,2.049883044347846
24283,8.940655127515914,1.8746796851273355,38.903094968931924,1238,62.989393289158876,27,2.3329404921910695
24310,8.85825002118462,1.8233490780375257,32.07933807593735,998,31.404879050816476,27,1.1631436685487584
24311,8.742332455489418,1.743110234987256,35.332559553581525,1064,36.04335670454214,27,1.3349391372052646
24312,8.844839971846758,1.763083379481702,37.788424593019315,1156,40.842064374562405,27,1.5126690509097187
24313,8.896754279193068,1.7305290544009457,49.54196058680179,1474,53.797977611323745,26,2.069152985050913
24314,8.822952723347818,1.7646434032927854,31.28545773713999,964,71.10137821132288,27,2.6333843781971438
24315,8.919536826933507,1.7827817466416014,28.61924358567117,850,37.50988045794321,26,1.4426877099208928
24316,8.84116800919556,1.904715333638131,29.85623975114325,939,118.21715134094222,29,4.076453494515249
24317,8.808728974666911,1.950041174034422,31.85942537381692,1011,67.26983847746156,28,2.4024942313379127
24318,8.936971396717714,1.9875956537637722,4.675603945939513,156,33.657429488911895,30,1.121914316297063
24322,9.13157399537287,1.6807940770500163,39.14949009986393,1150,44.985918172463904,25,1.7994367268985563
24323,8.50398974946269,1.8443971393230958,22.12568530929311,671,39.81442524416436,27,1.4746083423764578
24324,8.831705279984883,1.6976332835409778,39.2611391893841,1169,32.90519211547652,25,1.3162076846190607
24325,8.826901643275482,1.8340481783621647,37.01476651451695,1156,78.58407935599517,27,2.910521457629451
24326,9.008537882426316,1.7513094602928814,34.06785269878893,1047,32.775712768919625,26,1.2606043372661395
24327,8.85096543476572,1.7499553849363578,34.20077465079383,1053,40.19777889543081,28,1.4356349605511003
24328,9.013968933710526,1.864091242856051,34.94701171939158,1118,57.02279548791287,27,2.1119553884412174
24329,9.053488348071346,1.823836026720043,33.35763906160077,1066,41.12218967269234,28,1.4686496311675836
24330,8.997176849583026,1.866402074122115,27.833537020041017,888,40.54624618810314,28,1.4480802210036836
24331,8.956349281882469,1.8176393399715365,14.545975770526908,449,39.42986698778603,26,1.516533345684078
24332,8.503187748799883,1.6995934774324983,11.662284335313908,341,31.679824825734563,26,1.2184548009897909
24335,9.481989789921272,1.9311147354143763,3.034450709427141,98,25.0817915325823,25,1.003271661303292
24336,8.782016246885373,1.6242138064923142,28.604610033950234,800,54.26527615460076,26,2.087126005946183
24337,8.83110266087029,1.795201077677608,30.57704474340758,913,64.467086689573,26,2.4795033342143458
24338,8.857999838926371,1.7112024292452013,35.9307568219768,1037,41.71277912759983,25,1.6685111651039932
24339,8.88900515261844,1.7929663314864164,30.069756222308555,924,54.74006831450956,26,2.1053872428657523
24342,8.799069064414292,1.7891795357518605,40.57782384578846,1228,62.6417702193225,26,2.409298854589327
24343,8.968836502964631,1.8908163578802273,33.492446928768814,1056,36.13683865476398,28,1.290601380527285
24344,8.903030396051053,1.8305472491554426,36.61040746507656,1144,57.62279806758121,27,2.1341777062067115
24345,8.915877071459173,1.7285725393975229,41.982178863229294,1247,39.36455396622627,25,1.5745821586490507
24346,8.931867060124107,1.8315656487736938,39.60096387166703,1211,55.367915251847336,27,2.0506635278461975
24347,8.867506031835687,1.881264359471065,38.182496459981806,1224,43.48299439461536,29,1.4994135998143228
24348,8.978388381244136,1.8909254112673173,36.364834151937266,1138,52.48688005540886,28,1.8745314305503165
24349,8.98739073105847,2.1846857503515733,11.476483432267194,412,45.20988423483379,30,1.5069961411611261
24352,8.802739868245263,1.6754728906775471,30.144366497537764,886,36.67778127449526,26,1.4106838951728946
24353,8.997994515462802,1.9853038409984622,26.855066230984473,890,95.62702131467071,29,3.297483493609335
24354,8.80459718239978,1.8914883569926646,26.299602451289473,826,42.27990472112074,27,1.5659223970785459
24355,8.72339582160509,1.7853949183807762,28.169925573768587,835,54.922927525425806,27,2.0341825009416965
24356,9.037798839126827,1.7109682557214867,25.30463383104977,743,80.16158270471712,26,3.083137796335274
24357,8.915505893245784,1.9478818176039618,21.336367287905393,690,43.56271943587871,28,1.5558114084242398
24359,9.112188951184327,1.9788298869805439,20.17587630608664,651,37.48518528842267,29,1.2925925961525058
24360,8.587158000276823,1.7610348630659778,26.757133218240636,810,62.913976651957,27,2.330147283405815
24363,8.856223677656876,1.900789144338949,14.459629822382526,469,43.59568684500935,29,1.5032995463796326
24364,9.089390904057039,1.9922233046110969,15.452105385776584,526,24.0995408582171,29,0.8310186502833483
24365,8.749595405901033,1.7772853588967519,18.928794315193667,574,45.51492493483876,27,1.6857379605495837
24366,9.086315708935294,1.6954326134649822,18.808201762245705,544,40.56796155148624,26,1.5603062135187016
24367,8.337535598804752,1.7532537648879536,15.47296026982499,467,41.23830952113687,27,1.5273447970791434
24368,8.752507666901998,1.584008634086539,20.13261904357932,572,43.5799699424908,25,1.743198797699632
24369,8.697955013987984,1.7209910776047554,15.510149434671582,478,38.97064731560749,27,1.4433573079854627
24370,8.497650619770047,1.5853601799598445,17.19115675023328,494,29.890396331728088,25,1.1956158532691235
24371,8.807473362683243,1.9128589907003133,16.87537822640109,540,37.989310320476676,27,1.407011493350988
24372,9.001612722581633,1.554964114602294,15.838666954130517,437,27.3832630216427,23,1.1905766531149
24376,9.062061768824526,1.7939772064057304,21.675642036880262,661,32.29715482780132,27,1.196190919548197
24377,8.826423670572588,1.7542452126431913,31.17031442219509,946,34.06039414818551,26,1.3100151595455964
24378,8.798797291634568,1.9869927854650002,24.414608583185654,815,59.7727398769775,29,2.0611289612750863
24379,8.943920435307497,1.81381613434879,32.536156705319065,1007,39.50458244930832,28,1.4108779446181543
24380,8.974582702101113,1.739165663359362,31.96402827798922,967,33.00131013592178,26,1.2692811590739146
24381,8.83179802064067,1.8472017572082136,34.63593207255438,1069,55.13531738955536,28,1.9691184781984057
24382,8.935345401099434,1.8602525742242593,32.294492901239444,1018,47.387172853123474,27,1.75508047604161
24383,8.839109607646627,1.7939913978417865,34.603745288445566,1033,54.580526115006364,26,2.099251004423322
24384,9.15922650691002,1.9061976230035629,13.85258831154185,427,52.078995791384045,28,1.859964135406573
24385,9.1402559819951,1.976131953630343,13.117029357380614,431,46.063098004604925,28,1.6451106430216045
24386,8.836751768232958,1.7689547570784878,44.124804363914315,1358,36.845982310214374,27,1.3646660114894213
24387,9.012608407428617,1.7051222713440413,39.500569197301914,1176,59.479208453930376,25,2.379168338157215
24388,8.90646300329939,1.8131316900316536,41.42137393286396,1272,76.52974894656528,27,2.8344351461690844
24389,8.831303193546557,1.7587660114936412,32.452171656495274,988,51.86838985300783,26,1.9949380712695317
24390,8.732102715082906,1.8646316867488117,32.19785397950476,1016,123.79264711743996,28,4.421165968479999
24396,8.8701268995098,1.8714183571893226,36.16163202297133,1157,71.57857451867164,29,2.4682267075404014
24397,8.878576019104393,1.7263572082583047,37.5074570925945,1122,36.203335397990976,26,1.3924359768458068
24398,9.023272407659343,1.5646838637082294,25.148328462591756,706,23.909361724652985,24,0.9962234051938744
24399,8.798830114125265,1.8642789276525606,9.303360723972078,288,50.94769349702669,26,1.959526672962565
24400,8.796047399308268,1.7267491521755371,22.750264529046035,680,85.28947604607679,26,3.2803644633106455
24401,9.28425584551537,1.8177334934153828,25.274173901648787,783,52.63267868796931,27,1.9493584699247892
24402,8.877219326383063,1.7612589529071165,32.4424356415325,988,31.819049885575417,27,1.1784833290953858
24404,9.05342720068979,1.90129680969718,35.35510946604894,1147,88.89804540184284,29,3.0654498414428564
24405,8.726050597867296,1.53467350063401,16.6689239705826,480,20.698677769613223,25,0.8279471107845289
24406,8.705377974971183,1.6855560375207237,30.122041806188946,888,43.112888714458386,26,1.6581880274791687
24407,8.765777422858797,1.8369129282809062,28.716424870486666,889,47.371153428055315,28,1.6918269081448327
24408,8.930356589243619,1.9408065953561537,27.016697022728458,871,72.99776915650128,29,2.517164453672458
24409,9.250258714836196,1.8546575769638058,26.800874608645955,855,47.89710705072081,28,1.7106109660971718
24410,8.820251587988082,1.7979758633974936,27.03215953910952,830,40.490409672012895,26,1.5573234489235728
24411,8.881099446849472,1.7073019678528418,12.733522212517123,393,29.963447026743175,26,1.1524402702593528
24412,8.751287384129107,1.7106546947043202,16.311687708534297,483,34.15944065527513,25,1.366377626211005
24413,8.879695695699619,1.424111337130116,18.254930050510684,488,15.153318125467978,24,0.6313882552278324
24414,8.481117395957282,1.8299594567782815,17.113831291656627,545,32.78136137235569,27,1.214124495272433
24415,8.952381002877226,1.3486925161481733,5.731667888629703,148,22.533388942638904,23,0.9797125627234307
24416,8.7664432314307,1.7590664800776257,29.438616981076745,889,36.25789518584806,26,1.3945344302249252
24417,8.713184717083319,1.7247572221258969,35.49936468700959,1050,33.306743833989955,26,1.2810286089996137
24418,8.987749648873281,2.0930141958675943,31.442945204606577,1089,168.85738860201914,31,5.447012535549004
24419,9.16714577729457,1.7841387677355645,32.72573479009897,982,44.6966273236457,27,1.6554306416165074
24421,9.256803562265912,1.7465589532421917,5.294449700612047,157,24.762648491649564,23,1.0766368909412853
24422,8.954826190024464,1.9968617192889644,19.34158433386439,631,51.15529497543675,30,1.705176499181225
24423,9.366166210009816,1.9899396961907647,13.378999523734382,438,45.460954389553635,30,1.5153651463184545
24424,8.720913031682876,1.758311591371783,36.83848003064808,1125,37.11430031810428,26,1.4274730891578569
24425,9.057984260158895,1.8499828454386824,38.14877792134641,1180,74.24743035304476,27,2.7499048278905467
24426,8.990257819525404,1.9352006615065067,21.70905247168361,704,54.120495105556316,28,1.9328748251984398
24427,8.90458373309807,1.5685796753891361,11.988750539228583,341,28.67225887824862,24,1.1946774532603592
24428,8.63202143213866,1.3353005400229532,4.092037725080401,107,25.210706094228662,20,1.2605353047114332
24429,8.944926029752102,2.03138734881057,3.2155071087476443,111,21.516918306592533,26,0.8275737810227898
24430,9.09773759281691,1.7126459698238818,2.920681847776142,98,20.63205831843333,25,0.8252823327373332
24431,9.203147737949939,1.9624192229167843,3.1072523708848023,102,16.45537586905627,27,0.6094583655206025
24432,9.474106139863709,1.378200482102155,3.6880996628821205,98,17.65976614402927,20,0.8829883072014635
24433,9.53649512908677,2.0039126061145223,3.6962558358118263,122,27.734526293618025,26,1.0667125497545393
24434,9.149722582316254,1.6924619254870568,4.097213737096063,114,14.07759224494731,24,0.5865663435394712
24435,8.81095844262391,1.6780887699340161,3.8351514287960855,109,19.377967975973256,23,0.8425203467814459
24436,8.906618916550615,2.007188842053538,2.7062184108309646,88,25.01549899534095,24,1.0423124581392063
24437,8.83268960649381,1.8731945884488033,3.626793671624592,110,25.105457002210745,21,1.195497952486226
24442,8.56778973729901,1.5640434463581525,4.347101986246529,121,15.166287611742161,21,0.722204171987722
24443,8.809599268072692,2.248219551005222,3.3759742544832383,116,31.37938433430211,32,0.9806057604469409
24444,9.380157332101744,1.915164350057215,3.5930330888290576,121,26.996991201601944,24,1.124874633400081
24445,8.203073449450832,1.3013727390952299,0.7626523150795212,19,4.323579468523962,6,0.720596578087327
24446,8.937450659251386,1.7649793437989114,1.7412697217320092,54,10.223069924513126,16,0.6389418702820704
24447,8.563622004010108,1.5752129338461445,3.966519996179847,117,38.697319719056644,23,1.682492161698115
24448,8.436582912215806,2.054591407419097,1.3926984278441086,44,8.732742287511293,18,0.48515234930618295
24449,9.798304867952698,2.042162180963805,3.4160192365172666,114,28.706081387020237,28,1.02521719239358
24450,9.014255924325612,1.5321705304787185,4.129434909468672,112,23.541735060842974,21,1.1210350028972844
24451,8.642466182204434,1.5516869624110683,4.695629126110973,134,13.683694444616096,24,0.5701539351923374
24452,9.206418716012552,2.1051002416541933,3.697914110716898,124,25.552896530908573,25,1.022115861236343
24453,8.686504021675058,1.8594991761924586,3.1347974836302828,110,26.40202132554716,27,0.9778526416869319
24454,8.31194146720291,1.873633014928457,1.7437308240140172,60,10.350103289311836,22,0.47045924042326526
24460,8.397384780554454,1.856839315326531,2.551342016561937,77,22.4680597844027,20,1.1234029892201352
24463,8.011042705651464,1.9478816544943651,1.487396736830443,47,8.127654246368115,19,0.4277712761246376
24464,9.041675968234685,2.005064931535688,2.097145334203547,73,11.747854106359814,22,0.5339933684709006
24469,8.704519137935314,2.08564784095496,3.309382215530933,106,27.877061882710173,26,1.0721946877965451
24470,8.655187731753026,1.198184222629306,3.87280524970939,93,26.163326076012456,22,1.1892420943642026
24471,9.47763268331704,1.5368223991196608,3.8234928892772317,103,20.70261035520111,20,1.0351305177600554
24472,9.40604809358401,1.7046276528397502,2.352556889050305,67,11.605902340229969,19,0.6108369652752615
24473,9.033841707651263,1.5539948308593412,1.4775741631250336,40,6.010357344886998,14,0.4293112389204999
24474,9.124950801863882,1.5562023522331188,4.151801667311286,117,23.488931082514775,22,1.0676786855688534
24475,8.086738358818222,1.5379487303711419,3.7416070354155058,106,25.204301543192063,19,1.3265421864837927
24476,9.422807179456434,1.7685139798037928,3.3886469840960545,106,22.27913025002796,24,0.9282970937511651
24477,10.196302159793516,1.6014984600771318,2.9796957364157315,88,10.92583657320303,26,0.4202244835847319
24478,8.490723150445175,1.9643617445189403,3.887781123081559,128,36.909381678600695,28,1.3181922028071678
24479,8.449878022460078,2.2556266005634615,2.097573446324724,79,18.351007313241727,24,0.7646253047184053
24480,8.806327193519653,1.2466614708050954,2.474330606955055,58,10.327400857755558,14,0.7376714898396827
24485,8.73581901688013,2.62293890480829,1.1457205454762067,44,8.99388358367889,21,0.42828017065137575
24486,9.11712068935413,1.6417902405677955,2.027026458730652,52,9.996845040348212,18,0.5553802800193451
24487,7.561703240553774,1.7473132419977357,1.9096392007916665,56,10.5363762311863,22,0.47892619232664996
24488,8.142989610227902,1.381209318888826,1.7486694465414991,46,7.8585402473099295,16,0.4911587654568706
24489,9.010653501920157,1.3754351495423454,1.8261117556158837,48,8.610778141722019,15,0.5740518761148012
24490,9.349931677551513,2.04527696727217,1.523706379445331,56,8.635959511641673,18,0.47977552842453736
24491,9.444220804810922,1.4822365403529039,1.8490947765112502,52,9.484805799088168,16,0.5928003624430105
24492,9.253512796965913,2.0718740229500705,1.5108125207839873,51,9.928984819321245,19,0.5225781483853287
24493,9.267536180179802,1.9570934466701424,1.9521662598169063,60,12.549659766723746,22,0.5704390803056248
24494,8.729986407291708,0.9561741706098398,2.6457091681077713,51,9.046361262550539,14,0.6461686616107528
24499,8.39133373407008,1.7108382976202468,1.7686802758261198,60,10.19302111488885,19,0.5364747955204658
24500,8.668985487012709,1.6079330099148335,3.172637051374629,89,17.95549258869268,20,0.897774629434634
24501,8.88134781469852,2.1408977538450826,2.6615872395972593,91,24.007927217256842,23,1.043822922489428
24502,9.884473866485312,1.4134172270894503,4.561758929905329,126,35.22684743143452,23,1.5316020622362836
24503,8.536013412776374,1.698555872268991,4.187404658220601,123,17.349703781950545,26,0.6672962993057902
24504,9.067710152125326,1.6606666512344392,3.4648417771622815,98,21.843918998955083,18,1.2135510554975046
24505,8.601279708313587,1.2582967175102961,3.624367680444374,93,23.78560699503165,18,1.3214226108350917
24506,9.548668870993614,1.7183089319980238,3.750087896696395,109,31.538077527851897,22,1.4335489785387225
24507,8.647929535336257,2.124289826691383,2.532384219573542,89,18.294568706378143,28,0.6533774537992194
24508,8.473302982029459,1.5088705613753794,2.7727706114198183,80,12.65136287675268,18,0.7028534931529267
24509,9.138383714119023,1.9532227374273532,3.3496658829401813,111,38.012578635422265,26,1.4620222552085487
24510,8.783852525844951,1.7857549124349705,3.914220807237827,115,34.44700184861048,26,1.3248846864850186
24511,8.704702222528207,1.5134691726015903,4.610499145707149,125,18.281552556863353,21,0.8705501217553978
24512,9.271250945404175,1.4502809377825194,1.8723865292082735,50,8.46560211940158,18,0.47031122885564336
24513,8.827522079808263,1.8276929703707736,2.7097176875509748,79,12.161841717656587,25,0.4864736687062635
24514,9.236019897966523,1.553125271424938,3.386896317199395,94,22.174814051872936,22,1.0079460932669517
24515,8.547310161178219,2.014629220309937,3.145391522880926,100,20.41433965464342,24,0.8505974856101425
24516,9.037559067301295,1.6589957797150012,3.7730639545436766,107,17.685593513730495,21,0.8421711197014522
24517,8.671344079778827,1.9753878619581198,2.5819592335283046,82,12.112734319522225,24,0.504697263313426
24521,8.3681264737565,1.7466770711688149,3.1667151386932018,102,18.248512422135505,22,0.8294778373697956
24522,9.28139344626232,1.814678778245896,3.202110812036856,100,12.128936035512789,26,0.46649753982741493
24523,8.763988503303246,1.6601692418026206,2.7855201563767906,81,14.324272863549222,24,0.5968447026478843
24524,8.752839167269004,1.5134221069428158,3.4405070960034387,101,20.546403317549924,25,0.821856132701997
24525,9.593678581340967,1.6015182210335634,1.232279239440624,34,6.945698967222757,11,0.6314271788384325
24526,8.53818328431737,1.9779793176565303,2.2191687719104656,72,12.42652060628619,20,0.6213260303143094
24527,9.82274001244869,1.4947650703964541,3.0394412265211566,87,16.291412934300418,20,0.8145706467150209
24528,9.217071583982273,1.8367137793496715,2.4974856448335805,77,12.751021281469638,24,0.5312925533945683
24529,9.139225768701802,2.0792378447745214,2.2292434926274725,71,14.99805486870867,23,0.6520893421177683
24530,8.70536173805953,1.7509340091997336,2.601649811920006,78,10.250737315897023,23,0.4456842311259575
24531,9.086834126922593,2.1208106752258016,1.5507430254710222,55,10.260537089619522,21,0.4885970042675963
24532,8.653924874388188,1.643196640124556,2.3898375815859714,67,7.9918068472680215,19,0.4206214130141064
24533,8.090112249501551,2.445678121739494,2.0608121797492105,79,14.185194981825376,27,0.5253775919194583
24534,8.644911476103928,2.3758265909607856,1.5815368697736134,59,11.37167913876934,23,0.49442083212040605
24535,8.942199297891984,1.5148170591362762,2.7858009383785696,69,15.339268326864968,19,0.8073299119402615
24536,8.083604495089046,2.097699449283993,0.5238182121594165,15,8.03446607966879,7,1.1477808685241129
24553,0.7967205187852558,0.04125987104488614,1.0052596049760796,70,,,
24554,2.84,0.05081989442544187,6.299036747042743,42,,,
24555,7.077270841424697,1.0116762733136226,0.4013884408545456,14,3.5202613804616356,3,1.1734204601538785
24556,9.034437002649833,2.421898698064636,2.1102794175445343,73,23.733644556448834,37,0.6414498528769955
24557,9.481717911750001,2.7464934899142013,1.7488833717658818,62,16.064171130890216,33,0.48679306457243077
24558,0.9806020580934608,0.2825088738280816,0.6174550893039386,74,2.5275038198617814,1,2.5275038198617814
24559,4.985000000000292,-0.05003806706655433,6.674756141663315,52,2.000000001313947,1,2.000000001313947
24560,0.9806010879989027,0.2825285318451427,0.6174346370117053,70,,,
24561,2.719741988163769,-0.005136202797010258,-1.1984880330352046,77,10.999999999999998,4,2.7499999999999996
24562,8.793299842727919,2.7631303285459654,2.7869501925295563,97,21.660015975165685,42,0.5157146660753734
24566,4.497063378124958,0.027128290101374793,1.0001295281815386,11,,,
24570,2.157600427057367,-0.026122389226541327,1.0000073900485171,12,,,
24572,1.2800000000000264,0.04949474179600881,13.921179178061942,100,3.000000000004727,2,1.5000000000023634
24574,1.5122408146635355,0.11044817535446624,1.7246163876825932e-16,82,6.0,2,3.0
24576,1.323207139959372,2.0297994711680913,0.1817355076503751,42,,,
24578,2.4009545075087457,-0.0060851164764088375,-6.401316945471643,123,9.0,3,3.0
24580,9.005366103683567,2.5874652318159588,1.8669002267918768,62,13.98146031467791,31,0.45101484886057774
24582,9.14228923564932,2.3672358641235607,5.0103876734308175,158,47.9451980845025,46,1.0422869148804892
24583,-153.755759546912,22.00516071494247,6153699751.387627,85,,,
24584,0.88142472096436,0.04911668298131801,10.298914488284844,116,4.000000001930336,2,2.000000000965168
24585,0.0056879433383017425,0.03506283756272137,0.0,36,,,
24587,5.6724406007161665,-0.04074109551853939,2.0147975553336344,22,,,
24588,8.920499360976647,2.526279782030613,4.548003150219161,157,54.12328787565086,48,1.127568497409393
24590,8.594008193872638,2.1761876172719257,3.6661932718266654,125,28.968546348626788,36,0.8046818430174107
24591,0.0014679738490781956,0.015184839568095127,0.0,106,,,
24592,0.694999999962545,0.059964540512349444,3.750328282429172,103,4.0000000019335165,2,2.0000000009667582
24593,0.9031073996183139,0.06072435011071278,5.253370309368997,74,2.0000000000046176,1,2.0000000000046176
24594,0.987498875428611,0.15908851658180115,2.0299328874707467,71,3.0040244489275976,3,1.0013414829758658
24595,4.295494016849256,0.040532978491798766,2.0301735618811936,69,,,
24596,8.447625371536626,2.4850239688685734,5.202276636787944,170,66.85855881284857,49,1.364460383935685
24597,9.325592408589166,2.556882539922243,6.156757486709713,207,28.891388878654244,49,0.5896201811970254
24598,2.157195784713435,-0.02673656807461806,1.0000647343523081,10,,,
24599,4.3026170273849225,-0.02605707191278494,1.0000100854659881,10,,,
24600,0.0,1.0,0.0,13,,,
24601,4.205000001189651,0.6893686404165299,0.2485642172730274,60,,,
24602,4.09971702343904,0.45743800785353694,1.0896338264970111,75,3.510391237521361,3,1.1701304125071204
24603,0.9872854096342594,0.20710009354713207,1.213429605408481,79,4.143294029103497,3,1.3810980097011658
24604,8.262468123141065,2.2000019170308622,2.8388535774402905,107,26.17190478784508,36,0.7269973552179189
24605,9.540275388664416,3.297963674113887,3.281590491446434,137,31.688112949560757,51,0.6213355480306031
24611,9.041451731667102,1.6511503629533875,8.692731531419406,245,34.24626182860664,25,1.3698504731442656
24612,9.012179787938223,1.8177505504275717,82.08600980286441,2469,555.3078130099285,28,19.832421893211734
24613,8.809741662391955,1.7915655488763702,79.80345739225446,2417,501.8581160454069,28,17.92350414447882
24614,8.934373768234908,1.91893551479182,72.95606327763458,2314,82.99735195422551,29,2.861977653593983
24615,8.789803602087934,1.8738835600230874,74.73371420056348,2356,382.21547270778274,29,13.179843886475267
24616,8.889082287736397,1.8187264251538735,77.14312044327359,2359,85.94629974316172,28,3.0695107051129185
24617,8.832169686511941,1.8382653887076297,78.2094490404116,2415,62.53847960056179,27,2.3162399852059923
24618,8.849832892876565,1.9155497996522821,69.88546927261594,2168,76.91463868547199,28,2.7469513816239997
24619,8.694952507541728,1.5481067277264446,14.534248076096668,403,17.156637353161642,25,0.6862654941264656
24620,9.444202029905242,2.133622455960029,2.49316923690716,91,15.707309169036062,27,0.58175219144578
24621,8.802335071355403,1.8667798880793045,43.10885077925846,1370,51.51584263094987,28,1.8398515225339238
24622,8.906814442336353,1.715117076281802,18.950961664619285,568,33.57054465551342,25,1.342821786220537
24627,8.93851770085638,1.8288981624710972,34.26066765807892,1074,78.15693262937702,27,2.8947012084954453
24628,8.860288839684289,1.926566145147549,28.64870332681482,893,57.65924378847058,30,1.9219747929490194
24629,8.86535372400723,1.780797935783921,39.49977929688487,1192,76.313750331373,26,2.935144243514346
24630,9.054557153458328,1.886884706930715,32.087517661702236,1008,49.77101656210721,28,1.777536305789543
24631,8.752922508224625,1.746679593461255,45.49384221373279,1393,52.38616944226286,26,2.0148526708562637
24632,8.947329823262974,1.799255151931857,44.55667241962792,1375,77.4417236270771,27,2.8682119861880406
24633,8.540134191776987,1.833782741872775,12.658695791381827,392,23.56819674392579,26,0.9064691055356072
24634,8.835669392127977,1.92271746921048,40.249049044428155,1278,158.1825860908703,29,5.454571934167942
24635,8.992410301808704,1.686068930370475,29.181390156624804,850,42.4363502153534,25,1.697454008614136
24636,9.02769958036261,1.8113115003002285,16.36608789205407,495,33.26475085864977,26,1.2794134945634528
24641,8.589016762114898,1.6634290796947837,16.015112489396603,456,38.34342941656243,24,1.5976428923567678
24642,9.016842803167627,1.8218941609256938,20.39680959085007,634,23.129294610643225,28,0.8260462360944009
24643,8.947478605029126,1.8250921989719286,16.146616465359628,501,25.08966555843899,26,0.9649871368630382
24646,8.936172825882524,1.804497525970853,51.50374609160858,1563,78.87653386944136,27,2.921353106275606
24647,9.021928771506321,1.8251576197130235,48.859217290389594,1481,52.86538856423974,27,1.9579773542311014
24648,8.997571327142595,1.935782481372963,40.71120331470846,1307,58.25173782261146,28,2.0804192079504094
24649,9.006849811188323,1.7741816434978646,44.15663207019699,1351,57.92718982505275,27,2.1454514750019538
24650,9.053414603839872,1.9160816028138639,45.793160843833,1454,51.11905329208716,28,1.8256804747173985
24651,9.086176286383122,1.655882803718158,20.443839601104116,598,32.7624282234333,26,1.2600933932089728
24654,8.892194866249111,1.587743721326665,32.703735780638574,903,35.93985611656954,23,1.5626024398508493
24655,8.874281648094907,1.741413341415703,32.191223377766924,984,28.264093673519067,27,1.0468182842044098
24656,8.872426667989293,1.8740899846640557,31.551429672298113,984,58.68546050878213,28,2.095909303885076
24657,9.005476147008928,1.8788210586131042,27.99864274266846,874,36.60249963358234,28,1.3072321297707978
24658,8.749951973384558,1.7504382692352776,29.418206503610108,885,125.29278527327807,28,4.474742331188502
24659,8.829183927447717,1.8013548051866481,33.96357989851408,1038,49.28021375946425,27,1.8251931022023797
24660,9.032126218778151,1.8618551247699946,18.577396891084497,597,41.46747136487466,29,1.4299128056853332
24661,8.656291556381397,1.8307150829339867,29.22067480584329,895,39.362509367525725,27,1.4578707173157677
24662,8.79169985521019,1.9455677222215066,29.60471064042047,955,88.9524438775461,29,3.0673256509498654
24666,8.732099150678623,1.8348812667001084,103.76561972439214,3211,91.4571877252677,27,3.3873032490839887
24667,8.961411924381856,1.7083349259765042,74.4327813808713,2190,65.16756717501025,27,2.413613599074454
24668,8.790511083741508,1.7781021500238008,82.82625384790362,2513,85.71766516972941,27,3.174728339619608
24669,8.85264769508032,1.8223894093757937,82.68540903761854,2564,61.87497087882983,28,2.2098203885296366
24670,8.9741895592708,1.7725373005510883,73.9321457409486,2201,64.11961833771699,27,2.374800679174703
24671,8.645020462719115,1.823448008028422,76.61673156481757,2368,97.32476830615047,29,3.3560264933155337
24672,8.854687075739593,1.7965195916371104,61.92280555513094,1879,121.92439997445607,28,4.354442856230574
24673,8.831134053795527,1.6856608304977534,25.316949327824496,747,59.13227885426992,26,2.27431841747192
24674,9.091974632150363,1.9427022642106155,64.78161975842852,2099,230.40290669765363,29,7.94492781716047
24675,8.841831423367129,1.7938755178370607,54.82884900986523,1668,63.58909972343911,26,2.445734604747658
24676,8.656177973496893,1.780980131559285,49.371504588955844,1488,52.89258265529411,27,1.958984542788671
24677,8.950093201825348,1.8659055137997647,48.05466468448123,1535,51.97230046554496,27,1.924900017242406
24678,8.964541381461789,1.7721356029281945,45.77118854126457,1388,106.41177464064286,26,4.092760563101648
24679,8.799593697471181,1.7407608418511804,48.1167417047265,1448,79.26941816052337,25,3.170776726420935
24680,9.016401157974489,1.842186233403086,60.97454602690728,1918,136.99550823865337,28,4.892696722809049
24681,8.814501530783117,1.751158246978254,35.77355256129917,1077,137.70043483480788,26,5.296170570569534
24682,9.099999750233918,1.8834133028509075,14.069657213180767,443,55.81499123532539,28,1.9933925441187639
24683,8.430153481532765,1.7692676018003206,14.165284743792572,435,37.9414959031899,27,1.4052405890070334
24684,9.077422593924899,1.6156830449340345,19.41290344764753,552,64.56912290708904,25,2.5827649162835615
24685,9.017733772871152,1.8858821097107592,19.26631386108702,601,57.685880038068106,28,2.060210001359575
24686,9.309627286691832,1.8565208329269327,17.81396322104869,564,28.790586158734147,27,1.0663180058790425
24687,8.775394163964457,1.7518033040353056,31.86823643488402,956,43.49476288511043,26,1.6728754955811704
24688,8.9610017822061,1.794709465072353,34.707693922628465,1067,53.34440996963643,27,1.9757188877643121
24690,8.957401842491453,1.7905478372339494,26.813734161416313,832,54.0723934678225,27,2.0026812395489815
24691,8.983851482973462,1.9342378034147152,19.6835760167174,620,40.98046576782112,30,1.3660155255940374
24692,8.849690820880546,1.9510605364434572,23.4111476289847,766,58.44957860671784,27,2.1647992076562166
24693,9.004795573984993,1.7922371465369757,22.913185361003226,703,46.56447206088433,26,1.7909412331109356
24694,8.723378044711577,1.911795137765695,26.158848980993945,846,46.10178048140108,29,1.5897165683241752
24695,9.05858527436343,1.838806759961356,29.34280346286705,917,58.62524467984831,27,2.1713053585129
24696,9.411185134030152,1.8237037573848374,2.3071653547094595,65,20.043043718178776,23,0.8714366833990772
24697,8.908891271846807,1.8339316372970609,25.322937860696165,769,82.8527355848539,27,3.0686198364760706
24698,8.960792249957324,1.7680477495041556,25.101830444525287,773,44.053472939429476,26,1.6943643438242106
24699,8.825057660223047,1.8167201249818317,25.994626430682615,804,34.87947837343209,27,1.2918325323493367
24701,8.67864782691882,1.91757240396714,25.712864582945564,837,33.969537888171146,28,1.213197781720398
24702,8.733603873518996,1.6402840130193972,19.555122695155692,577,38.78294886436139,26,1.491651879398515
24703,9.02431103970601,1.8414133770968324,11.363503224059441,358,48.397854053810065,28,1.7284947876360737
24707,9.091078524257252,1.9474196145478242,12.088862861813109,388,38.39932379544411,28,1.3714044212658612
24708,9.023006933343977,1.9891447108768934,10.98546901568336,362,22.356310106973986,29,0.7709072450680685
24709,9.1309937049091,1.930405763491145,12.261875718479994,390,68.45886400931387,27,2.5355134818264395
24710,8.843572140231817,1.74921403991443,6.376318013837355,194,36.48757713723967,25,1.4595030854895867
24713,8.890165025079526,1.8223231690955988,31.25109243977403,969,34.729092086300064,27,1.2862626698629653
24714,9.09901654621049,1.778428142076028,33.432715463895555,1025,32.877155632667936,27,1.2176724308395532
24715,8.984595522066996,1.7335974922143398,32.657102333219306,995,42.0470257016337,26,1.6171932962166808
24716,8.96727674307869,1.8208684407588753,32.3787239174832,988,33.589129495007455,27,1.2440418331484242
24717,8.834983788166118,1.7807962359823628,30.626367804096677,935,102.1644850587124,26,3.9294032714889386
24718,8.868332453906737,1.755557500469678,31.691329627204833,962,46.17563981711302,26,1.7759861468120393
24719,8.700223218763009,1.8481961227854962,27.865413064594804,874,67.36217088252567,28,2.4057918172330597
24720,8.934543114347825,1.7303050599843646,20.943531894599356,614,92.32597341997415,26,3.5509989776913136
24721,8.712091086346527,1.7231894098982807,21.747203894198464,650,38.09819708437796,26,1.4653152724760754
24722,9.06555303049703,1.718276231826655,20.918510811232355,625,41.01571628330187,27,1.5191006030852545
24723,9.097574468058715,2.0246874613393055,17.199012191792182,570,40.99024688583214,28,1.4639373887797194
24724,9.044227911584283,1.7464519865051098,8.224854493410307,257,32.382564570370945,27,1.199354243347072
24725,8.835129570848801,1.6864920224883424,8.680148365583287,260,26.40459694261846,26,1.0155614208699408
24726,9.34589622395099,1.7104064065917535,7.78184849801236,228,36.52412937188252,25,1.460965174875301
24727,8.645743926270342,1.661963549175143,6.241290099148375,177,29.20052062668411,24,1.2166883594451712
24728,9.050525518750337,1.7583819802458656,8.21148703271193,244,81.92846244319074,26,3.15109470935349
24729,8.9707933769577,1.6593772278288423,8.398131425631133,249,23.661189884209602,26,0.9100457647772924
24730,8.982870401015484,1.8959628198252143,10.236442783517841,324,47.50134127175983,26,1.8269746642984548
24731,8.988116559446802,1.9579680874809582,11.666734323261368,384,40.904312079221526,27,1.514974521452649
24732,8.991180609741225,1.9410756777354086,11.633289627857925,368,27.594166860649885,28,0.9855059593089245
24733,9.133383713376142,1.6228641877059955,4.892607364218536,149,27.555403262186566,25,1.1022161304874627
24734,9.241532468539715,1.600780952741425,11.427269671040898,325,23.827155951266036,25,0.9530862380506414
24736,8.975740102419499,2.135304480963305,9.895402723848417,344,33.88910182260902,31,1.0931968329873878
24737,8.824123208093381,1.6029975190270929,6.275822099044147,177,21.14719885903565,25,0.845887954361426
24738,9.213266374912953,1.784571050572032,13.66802077235459,416,34.89913665647899,26,1.3422744867876533
24739,9.015707705478874,1.65243574415472,13.68665066621773,396,29.304737025734408,25,1.1721894810293763
24740,8.763199900486624,1.7955002522442414,13.337735343151083,421,38.01262458144137,27,1.4078749844978287
24741,9.247767309308218,1.8804302817115965,12.355867522176853,396,28.362985279604615,27,1.0504809362816525
24742,9.035164574361767,1.654390241387168,16.070268933627222,474,38.78812166855434,24,1.616171736189764
24743,8.923843952259745,1.9651366581066907,12.471798498361313,415,36.59977058238531,29,1.2620610545650108
24744,10.316174391000672,1.958749195915517,2.0197412324689847,68,9.762161316764214,25,0.39048645267056853
24745,8.640199074196357,1.6421321497892993,9.172643852181954,256,17.242665545142472,25,0.6897066218056989
24746,9.134726753347167,1.854927644777777,11.861424140547795,379,39.2855787016843,27,1.4550214333957148
24747,8.835713507104543,1.7106861010956294,8.430286639932499,259,14.456458735422743,26,0.5560176436701055
24748,9.45263779870225,2.236357422416056,3.115858537120151,110,32.123519647545955,29,1.1077075740533089
24755,8.816686028409215,1.5695175792575158,5.956529218115999,170,42.009745228850925,22,1.9095338740386785
24756,8.695972161950447,1.7838003166558838,7.319916006884123,232,38.72986224048012,27,1.4344393422400044
24758,8.496601198339839,1.70547190790996,7.213004327131723,219,62.91429721817511,27,2.330159156228708
24759,8.976070908496617,1.9687581747264618,2.9316705958434897,90,24.07053774908979,24,1.0029390728787413
24766,8.61368899901643,1.8719081348382005,12.266285534381355,384,51.15656057515593,28,1.8270200205412832
24767,8.755845683934142,1.8979110586592303,13.434311542128558,415,40.80445369872892,27,1.511276062915886
24768,8.886384922995308,1.888162577493206,11.663505719424567,369,34.677457893572736,27,1.2843502923545458
24769,8.975810317472547,1.9281292545567073,5.417172470603663,173,40.117583844839636,27,1.4858364386977643
24770,8.857764024896852,1.9939861719534526,19.446749807402217,644,35.33403762621407,28,1.261929915221931
24772,9.107793887360913,1.6699525235152746,14.042841446804218,417,56.91580338894396,25,2.276632135557758
24773,9.194662723145587,1.7223225534457212,7.625559262384593,231,42.88008675927198,27,1.588151361454518
24774,9.680837282507236,1.9049507117387012,3.6881459449406475,120,24.301146543558446,29,0.8379705704675326
24775,9.007162965605033,1.7073482411706555,5.966699183948609,185,27.006229458675936,27,1.0002307206917014
24776,9.329919073527082,1.8169770042858377,5.817103640629075,179,27.12939195638192,25,1.0851756782552768
24777,9.264703738588697,1.5092602445788945,6.646138755019293,178,27.061232315035436,23,1.176575318045019
24778,8.623765902144035,1.3828976659726124,3.6468217463130888,92,16.09146580834568,19,0.8469192530708254
24779,8.80410442474114,1.6959665882129231,30.482157870985123,904,61.774162340779654,25,2.4709664936311864
24780,8.886912532677266,1.9072004149939994,18.133089358869228,563,63.035853169303536,29,2.1736501092863287
24781,8.89240459327922,1.6529697674297916,28.80416966393412,855,55.195540481260466,25,2.2078216192504185
24782,8.759475451090696,1.767229020074803,30.50117081601057,923,41.88635120402276,26,1.6110135078470291
24783,9.199970987961004,1.8132712782877887,24.52818539470093,750,27.698601008969764,26,1.0653308080372985
24784,8.86696024901392,1.8810239783243112,26.70975902509028,850,31.142453316426135,28,1.1122304755866477
24785,8.785130777821651,1.833075353968409,23.84277482404477,743,36.375630024276866,27,1.3472455564546988
24786,9.061003444575734,1.7646035753621718,21.768594072679793,671,52.231467163442346,27,1.934498783831198
24787,9.110527325344759,1.9444158782263705,25.27068019648591,825,42.009308989522346,28,1.5003324639115123
24788,8.924880284878638,2.009017140913747,20.6162706768617,678,56.09058979718779,28,2.003235349899564
24789,8.698502370032436,1.738197559368851,23.326408982113367,707,81.33053466080455,27,3.0122420244742423
24790,9.041547449078704,1.942477856651873,16.857253347742333,541,37.54703273642066,28,1.3409654548721666
24791,8.995387026774608,1.9474276473626022,7.893547995112471,266,27.702722562362062,26,1.0654893293216179
24794,8.961730660337496,1.5864397593150512,6.017116854067832,170,37.57113796146002,22,1.7077789982481826
24795,8.88158461452213,1.6626295823754296,8.935598435890366,260,27.27940621570056,25,1.0911762486280225
24796,7.346631513546751,0.15973156704021063,3.5911278516425065,29,11.962890995519755,11,1.0875355450472506
24797,9.027740141879177,1.6989377984541607,10.484584580364974,308,44.976636542015605,26,1.7298706362313694
24798,9.265817091986008,1.8775045628754454,9.30133013081293,295,28.10030693384911,27,1.0407521086610783
24803,8.88266835995766,2.0278746436679835,19.622862251098624,654,59.06021260891081,28,2.1092933074611
24804,8.878590606554331,1.7288450979099985,25.442551181571915,760,35.65318702882031,25,1.4261274811528124
24805,8.78991941791861,1.7465462657895363,29.98039061845108,899,37.83751290599459,26,1.455288957922869
24806,8.935527508146007,1.9732811943107125,23.37269207174621,770,101.98088608237708,30,3.3993628694125695
24807,8.79558440574399,1.850506591096582,26.43944323558891,831,64.98521512960131,27,2.4068598196148634
24808,8.936412225295191,1.7954010332495802,27.679849898201958,873,79.26244192444061,27,2.935645997201504
24809,8.754337940337855,1.754886652770942,27.142780781934924,806,34.4356509171385,26,1.3244481121976348
24810,8.80092611960795,1.6125205586347684,26.633028338784452,782,37.476300063685656,25,1.4990520025474263
24811,9.147472669469462,1.7059237553383202,21.136026843713466,622,41.54823904523866,27,1.5388236683421725
24812,8.934853419158204,2.1068443358466116,17.904959922570242,623,27.99564481606962,30,0.933188160535654
24813,9.214664725737487,1.8048787718990613,5.83953063026248,187,20.320066304164396,26,0.7815410116986305
24814,8.84262987427888,1.6266666806428383,11.05588453621142,322,32.47591449681754,25,1.2990365798727015
24815,8.846127533906008,1.9330219090080765,10.156877656407685,334,19.797651806039074,28,0.707058993072824
24816,9.452139313757938,1.5903531649864342,10.873327424239351,315,24.63732539037105,24,1.0265552245987937
24817,8.874051738883336,1.7234566212815234,11.276136829068944,338,45.257707967140156,26,1.7406810756592368
24818,0.6949999999985551,0.05611720337072694,4.523616967137272,94,4.000000001625724,3,1.3333333338752416
24819,-2.347527785245429,1.9499748281561682,3.4229079346227906,81,1.2432264926772403,3,0.4144088308924134
24820,3.2432036223503324,0.586242867295861,0.518867649370085,93,1.7452404724723558,1,1.7452404724723558
24821,3.3351928454589244,0.011175081421675788,2.5347360162433716,27,,,
24823,0.39146075627447385,0.08514527928995486,18.68693838917448,34,,,
24824,9.939394752133667,2.7535169407487037,1.2373282707218214,45,12.469872923800441,28,0.4453526044214443
24825,8.429853174800453,1.9534838481488768,1.8228445018143433,49,14.896120301885073,22,0.6770963773584124
24826,8.389676882758266,2.495089733760829,1.7937275189599122,62,13.531589713905245,30,0.45105299046350816
24827,9.83313074710538,2.6209654314799957,1.1209412418182327,40,8.81183905346507,26,0.3389168866717335
24828,8.5418093931095,2.44339915824428,1.8057462925123229,60,13.92955471977162,33,0.42210771878095815
24829,1.3301151379053382,1.0051407579909606,0.20627134025097824,29,,,
24830,4.1073860625803755,0.0263817324359909,1.0000093260592127,20,,,
24831,3.716198484985077,-0.04109690529956428,2.001005890995013,27,,,
24832,0.0,1.0,0.0,22,,,
24861,0.8912569044183768,0.18353278597748995,1.7314530849152217,59,3.6380113480192113,3,1.212670449339737
24862,0.8758074607693659,0.06318801326642096,4.769499283715498,49,,,
24863,0.6949999963052367,0.06724122227563119,2.860953444855425,64,2.0000000199854435,1,2.0000000199854435
24864,0.7926281002961829,0.026889131677710853,1.0000113526378493,68,,,
24865,0.8953182068261346,0.05057352122674707,15.79637569698734,60,,,
24867,1.872590592986434,0.10589712915070659,1.4345635275395466e-13,84,8.0,3,2.6666666666666665
24868,9.345073365426705,2.8152960450687257,1.658713648115582,61,13.133482349269572,32,0.41042132341467413
24870,9.432061428143449,2.443068892241735,3.6884659179581396,119,30.7712655216803,40,0.7692816380420074
24871,8.738030799051822,2.2470598718690487,3.530094596552073,106,38.90437205716357,37,1.051469515058475
24872,9.047746739951712,2.1011778107955994,3.908085921582507,111,25.498854447490746,35,0.7285386984997356
24873,9.228030508135777,2.3582664298767786,3.6594708667593276,116,29.493305487083106,40,0.7373326371770776
24874,8.911139342699862,1.4398917412203194,1.1869341700164815,28,12.158702649285773,18,0.6754834805158763
24877,9.21865556996817,1.9146310462530853,67.88644381622349,2212,78.50816653409007,27,2.9077098716329655
24878,9.072089397637704,1.8299529597085968,391.38752947756973,12418,1273.7201410841049,27,47.174820040152035
24879,9.087325854501678,1.7695408131755486,74.09463536850934,2317,93.20841924851472,27,3.4521636758709153
24880,9.098464859161657,1.7796670991896262,496.6879294441726,15424,334.60808409061445,26,12.869541695792863
24881,9.06075052931326,1.8019887546216724,502.725183555716,15626,471.87434072727393,26,18.14901310489515
24882,9.005136841361804,1.7176761444702966,303.526823249308,9195,201.03840724982018,25,8.041536289992807
24883,8.842342975439239,1.7165164626554577,134.99097079818006,4053,129.1149707411217,25,5.164598829644868
24886,9.103891117091143,1.7528204224508501,264.78484874280554,8203,229.12813268084182,26,8.812620487724685
24887,9.022482439323042,1.659243789101828,221.52820012537077,6581,123.5748303756524,25,4.942993215026096
24888,9.109366100900916,1.7137234320466996,262.36358461057455,7952,1090.8534261660488,26,41.9559010063865
24889,9.005496246860348,1.8034199507559028,206.02010847674353,6490,166.69456942775926,26,6.411329593375356
24890,8.968220822089883,1.7691326154008995,110.35553134520622,3437,94.38796198948715,26,3.6303062303648903
24893,9.083138968660473,1.7353914131082895,104.20577629173229,3175,83.98791711910422,25,3.359516684764169
24894,9.039149043816986,1.7679890042157849,119.53644420545234,3701,95.58205509450626,26,3.6762328882502406
24897,9.01920875387692,1.7263571857333542,205.7248864714312,6234,133.80216972091458,25,5.3520867888365835
24898,9.070985592187496,1.7880401371693737,489.0733874783849,15198,363.8754128525353,26,13.995208186635974
24899,8.996745208495922,1.7270167211397542,133.7479991766839,4075,96.5257201023437,25,3.8610288040937477
24902,8.985724221318302,1.7899403691972808,91.71844558778425,2858,82.72173968665166,26,3.181605372563525
24903,9.047412636997864,1.8109278486258953,255.92252345545788,8030,403.9042430037952,27,14.959416407547971
24907,8.941882702701847,1.7536306828280328,334.92895778017623,10329,247.88931842208743,26,9.53420455469567
24908,8.962438017200034,1.7288546389051882,389.7237365972387,11865,325.8976315712994,26,12.534524291203825
24909,8.96563415426302,1.798214659062461,168.93841481649372,5288,264.90304825180374,26,10.188578778915529
24910,8.89303964523455,1.7769458767068638,161.8554193782068,4993,126.41075055323664,26,4.861951944355256
24913,8.947477669185314,1.7727336239337048,409.1268645343347,12683,255.03492507627374,26,9.809035579856682
24914,8.910355473489794,1.711698951350853,171.81781346153326,5175,170.62906844548422,26,6.56265647867247
24915,8.956827319668243,1.6831995795476178,270.14539823774277,8096,229.5136786766375,25,9.1805471470655
24916,8.880343876472638,1.6820862016284297,262.7165135810454,7763,217.5796804240015,25,8.70318721696006
24917,8.939263408451975,1.6309384560455218,31.952719502615093,946,41.7859421013066,25,1.671437684052264
24920,9.005790278327533,1.7567819987582833,267.71644244260216,8187,204.7458928564187,25,8.189835714256748
24921,8.875251938599485,1.738657601648255,120.86882517690027,3668,111.76683148062597,26,4.298724287716383
24924,8.945614297789879,1.8130526668474416,234.20211483919306,7332,385.6891020038213,27,14.284781555697085
24927,9.07270365464687,1.781416521942145,141.6186226645284,4420,121.07667293209127,26,4.656795112772741
24928,9.057910474757941,1.7766448571043816,411.1632435154771,12812,325.6586430218952,26,12.525332423919046
24929,9.042971571320612,1.7421157010140793,262.72766200690575,8093,195.0960192374781,26,7.503693047595311
24930,8.950139541667971,1.783089923410765,166.8087022885366,5165,127.6837715576366,26,4.910914290678331
24933,9.064676801993075,1.8094443940489984,279.74225613386255,8772,316.75544578076233,27,11.731683177065271
24934,9.013038671149486,1.8252406702286434,247.0266049421539,7802,378.8074806188875,27,14.029906689588426
24935,9.047358638978361,1.7265470109367105,257.91536299556765,7713,181.15318639916376,25,7.24612745596655
24938,8.963689885881816,1.7386199407685188,390.183778151438,11883,878.6271597357958,26,33.7933522975306
24939,8.960733260005878,1.8058236539155617,162.8593811686243,5099,1891.514613675018,27,70.05609680277844
24943,9.009199205200643,1.755630713375717,425.4185346297527,13081,2251.8095001560896,26,86.60805769831114
24944,9.008194483034746,1.8086270596058187,394.57896962309576,12363,335.967603498005,27,12.443244574000186
24945,9.002519655778299,1.7612188942355802,274.2000090630074,8440,314.4127350907409,26,12.092797503490035
24946,8.969233508497217,1.7586173234235027,176.3027148658687,5407,270.95648402485045,26,10.421403231725018
24947,8.949478142800126,1.7359453919772763,172.87102438463592,5249,143.49328290917413,26,5.51897241958362
24948,8.991738537651294,1.7257730348440972,471.16864500526117,14362,286.70809120602144,25,11.468323648240858
24949,8.98592317284771,1.7154771206306865,434.5639574711585,13113,265.85108947141015,25,10.634043578856406
24950,8.965470662184131,1.7911272054679883,256.7089756723469,7975,196.0919310036189,26,7.5419973462930345
24951,8.822906386526453,1.737278864158348,140.4889202647452,4283,106.23024542203993,25,4.2492098168815975
24952,9.033628090807776,1.7205120085486256,290.10430285392425,8730,175.7340899806035,25,7.02936359922414
24953,9.013084009578195,1.765978679403711,410.43108523441583,12586,1907.6702562847108,26,73.37193293402734
24954,8.999846216804004,1.7815546528388424,396.842659205299,12242,704.3813531912443,27,26.08819826634238
24955,8.922868412189757,1.7403748695274648,172.74615285281237,5337,110.11189047971517,26,4.235072710758276
24956,9.007806003781523,1.7052388049988103,163.86982074867728,4875,2009.9419212357975,26,77.30545850906914
24957,8.97770199228394,1.770317901900441,134.26314292692098,4133,118.07273776283552,26,4.541259144724443
24958,8.984629815738854,1.7775955831983863,256.26475020698064,7902,367.325442004696,27,13.604646000173927
24959,8.991711971795763,1.7908667338180988,265.1083015628894,8247,829.191854025065,27,30.71080940833574
24960,9.003970503425148,1.6775236854442872,26.63393970372876,796,55.53379740124814,26,2.13591528466339
24961,8.912636178044503,1.753575503885296,156.3561137044993,4780,142.36283492823438,26,5.475493651085937
24962,8.872512281476679,1.7051330466837313,142.83068868690216,4291,105.62228271963764,25,4.224891308785505
24964,8.870117383911438,1.8091178343853014,154.3655384647157,4806,137.85090167670046,26,5.301957756796171
24965,8.886911417580986,1.8211277088351534,83.09312374408746,2608,194.10660220170053,27,7.189133414877797
24966,9.090323453105176,1.8311837735275753,66.59309225036199,2077,67.46325926998058,27,2.498639232221503
24969,8.928202114456731,1.7808990141472059,181.47448685380505,5622,140.7069505418314,26,5.411805790070438
24970,8.8913211400054,1.735609301689915,200.14318218172852,6092,200.1667485963194,26,7.698721099858438
24971,9.003749706683925,1.7503163724692767,197.21400532923332,5981,597.5454171935975,26,22.982516045907595
24972,8.942861836261795,1.7431870713950048,198.6168472125685,6057,154.52083937294682,26,5.943109206651801
24974,8.991513949514125,1.715460293155098,89.00001590580321,2674,73.504794910049,25,2.94019179640196
24975,8.802985091615728,1.7317057716018167,88.46096961683877,2651,84.36591896557557,25,3.374636758623023
24981,8.957738444294185,1.7910292100114227,122.33270964971025,3785,106.33790939231963,26,4.0899195920122935
24982,8.978949178311682,1.7360758419838065,130.38208779086926,3993,310.7563815805,26,11.952168522326922
24985,9.020084143769623,1.7799265065184409,184.27260195558173,5688,3123.9307514813545,27,115.70113894375388
24986,9.016875036818679,1.7699975825828183,186.4335250425213,5753,503.97303821004454,27,18.6656680818535
24987,8.948029118852066,1.7381163114895675,172.75348951389958,5262,130.12011423239002,26,5.004619778168847
24988,8.852134382830188,1.6809552899996265,73.61912710567196,2191,64.17729708487379,25,2.5670918833949514
24991,8.969159286770315,1.8485265460486573,129.35266002582378,4123,130.87689423206427,26,5.033726701233241
24992,9.050929805691645,1.7178987221655762,129.87109723922657,3920,80.63074587687753,25,3.225229835075101
24994,9.002689979084304,1.8841469422153496,128.21333330270144,4157,121.24296862816072,27,4.490480319561509
24995,8.96580434905809,1.769945643018553,125.45866980020554,3866,114.3568020809779,26,4.398338541576073
24998,9.046991303917933,1.7891406764152875,161.9250962903617,5003,616.3808108757032,27,22.82891892132234
24999,8.943655680327101,1.7910958826014909,156.96834028759088,4889,138.0278420443715,26,5.30876315555275
25000,8.762639591193649,1.788491157752522,68.81884529747005,2137,267.86051721201824,26,10.302327585077624
25001,8.953048738594289,1.7126336930952406,64.03169709633256,1922,112.33324038066934,25,4.493329615226774
25002,8.930656807941935,1.7340719770186042,88.61131343333436,2694,87.3532961604678,25,3.4941318464187123
25003,8.95653884141153,1.7552557004336777,78.40308085880177,2418,68.12822720911824,26,2.620316431119932
25004,8.830419190160178,1.7860654902299165,128.0459084929684,3961,99.26543689515624,26,3.8179014190444707
25005,8.987988780573819,1.64586919967132,124.58032122457651,3663,88.87602578572003,24,3.703167741071668
25006,8.93272905547508,1.7906615961161667,126.80588194989654,3906,102.63046958426685,26,3.9473257532410324
25007,9.032272275441642,1.7759293020595521,152.86727860093515,4761,461.7248908340107,27,17.100921882741137
25008,8.974573136115833,1.5953924213635844,21.22119757064597,593,30.457239547057146,24,1.2690516477940477
25010,9.058941837073647,1.8317012491573594,242.99436306734958,7600,174.5314494720636,27,6.464127758224578
25011,9.01010399770817,1.8465784913367647,252.96879542918865,7939,196.35958694204714,27,7.272577294149894
25012,9.01249105677776,1.839539854514967,94.06112540747957,2941,277.722831851053,28,9.918672566109036
25016,8.891594280674095,1.7073156074391713,123.59631868224218,3678,81.08323479712413,26,3.118585953735544
25017,8.966335109806698,1.773430686492286,245.0824938869706,7536,155.8805386839812,26,5.995405333999277
25018,8.931082655078761,1.8196540124098912,96.11077450938217,2977,156.1926390395393,27,5.784912557019974
25019,9.05577154840347,1.7791443163066867,113.73615955809781,3451,207.48973789433586,27,7.684805107197625
25020,8.894631089506335,1.7958497175807473,47.28317955387088,1477,67.03505287365147,27,2.482779736061165
25026,8.96086695178013,1.8650879900599775,95.29699412354891,3031,292.4383475204649,27,10.831049908165367
25027,9.02899515054664,1.719909041772516,95.79480065731103,2857,73.31473477551997,25,2.9325893910207985
25030,9.048410608952688,1.8363104755164388,230.97162879208165,7275,158.88986185478072,27,5.884809698325212
25031,9.065018202236743,1.774853508474502,131.52816933593925,4041,130.77820063184728,27,4.843637060438788
25034,9.055439423391636,1.7806351235283027,114.25456887116484,3562,90.98748448620981,26,3.4995186340849926
25035,8.847907958071294,1.7864486203277214,71.99717272630932,2257,59.71231505626519,27,2.211567224306118
25038,9.031732388551543,1.7667870279421067,142.2963042452453,4351,430.0013890797511,27,15.925977373324114
25041,8.949577731763819,1.8047732719855747,140.03471588997024,4312,157.52375092885342,27,5.834212997364942
25044,9.026436562302875,1.8099826615393313,221.22516099779943,6913,508.24051336932547,27,18.823722717382424
25045,9.048179305633486,1.7412636490350188,241.32623518836792,7322,161.36525102087637,25,6.454610040835055
25046,8.834979321671232,1.7722796799149214,93.29834784698406,2859,541.6346420308839,27,20.060542297440147
25049,8.953315382823671,1.745330427324951,210.94982170398114,6427,134.8376880360181,26,5.186064924462235
25050,8.928858270589084,1.7488457710897258,228.11306016722975,6950,200.5101894613471,26,7.711930363897965
25051,8.933703556111974,1.744502686705964,130.51923083406206,3973,110.37821868434962,26,4.245316103244216
25052,9.08086617061119,1.76084796250658,116.46684120902908,3600,164.7897528677684,26,6.338067417991093
25053,8.75961049692052,1.738795159404781,50.68567843797816,1539,62.59280154549066,26,2.407415444057333
25056,9.034809147864275,1.7850763235729223,147.79053532753215,4565,451.59984612717403,27,16.72592022693237
25059,8.991798949026261,1.8058985155573113,204.28045773304683,6368,477.23068258529287,27,17.675210466121957
25060,8.907363484677663,1.7297291429388653,216.40993813664713,6549,128.4377801659819,26,4.939914621768535
25061,8.993464678090417,1.7083880195666463,190.96587925793182,5754,124.47117685175613,25,4.978847074070245
25062,9.12529456827612,1.8274876750152491,112.11360159761463,3537,604.9923062590192,28,21.606868080679256
25063,8.879952764203939,1.8197336406644695,57.85362281604562,1820,61.43150494876457,26,2.3627501903370987
25064,9.111839332583587,1.762950485865976,80.90465924656168,2463,94.7925606013132,26,3.645867715435123
25065,9.067330591287417,1.748601298162378,237.59270516217936,7255,244.37305599233576,26,9.398963692012915
25066,8.97060773333538,1.7752546505242295,216.06656843920564,6653,140.5837520588725,26,5.407067386879712
25067,8.934572530180152,1.7303401756410866,218.64498416728355,6641,140.48795451898434,26,5.403382866114782
25068,9.005214014062723,1.7507502036705815,97.70579653301677,2975,137.67348401020948,26,5.295134000392673
25069,9.07088963500129,1.7934419626016873,212.5428256503333,6609,1045.3815091850927,27,38.71783367352195
25070,8.989135122116833,1.7943820596199358,195.87100637027507,6061,153.32788823210845,26,5.89722647046571
25071,8.927476938189722,1.7550200377516978,232.2540583211013,7086,269.47824586631737,26,10.364547917935283
25072,8.95373184931052,1.6314819013809985,121.39731069023163,3524,84.6171662835911,24,3.525715261816296
25073,9.173166310786206,1.7567172652802192,53.67503544037975,1687,53.76495052106742,26,2.067882712348747
25074,8.984809659715022,1.7907028625615207,92.33630434155509,2828,75.03704544171393,26,2.8860402092966897
25076,9.025575558960329,1.7210152937538719,106.21874570246142,3196,75.04552318954943,25,3.001820927581977
25077,8.950528749771015,1.7560594667581393,95.66891475639471,2957,78.61938538334773,26,3.0238225147441438
25078,9.033483046014423,1.6604120526775428,110.6932873753059,3264,73.4725195900572,25,2.9389007836022882
25079,9.058705784031341,1.7541351262465614,57.49103064979822,1789,85.43937611113263,26,3.286129850428178
25080,9.136924776033126,1.7044803022506991,56.12297689384084,1671,56.48938890960021,24,2.3537245379000087
25083,8.994092809417676,1.7856801354744445,74.44806848274784,2305,70.49662867014307,26,2.711408795005503
25084,8.964398398150175,1.7292383933105784,150.9032614419746,4577,1964.311468337657,26,75.55044108990988
25085,8.962588509157364,1.7321388631664336,90.77794806025003,2762,99.20718266844807,26,3.815660871863387
25086,8.983094758645297,1.7765531293729295,121.69227403287012,3736,115.04974449222348,26,4.424990172777826
25087,8.928971791250637,1.7520946167096283,41.570810413835254,1277,65.760012625429,26,2.529231254824192
25088,8.818999578794921,1.7928917311240418,43.70846614451744,1362,149.2845413264317,27,5.529057086164137
25091,9.115458272188125,1.7154234140704396,13.215663657424274,396,20.837125549373177,25,0.833485021974927
25092,9.075427047596039,1.7634947015137894,82.20867288533991,2547,60.75907003915792,26,2.3368873091983815
25093,8.951274339960406,1.7445576107114016,87.24648689824376,2688,501.46309192150125,27,18.57270710820375
25096,9.05799207947649,1.7631061560191559,158.48220922203177,4895,311.38481339787063,27,11.532770866587802
25097,8.929145491943187,1.7672862677984433,155.5388499436791,4798,107.98339686225069,26,4.1532075716250265
25098,9.03015320581655,1.7788452000897843,165.81804004556477,5100,144.47029570023602,25,5.778811828009441
25099,8.805908826359014,1.735465061185863,65.08665407009042,1976,66.70040516674267,25,2.668016206669707
25102,9.021246842734815,1.765887830390826,171.56661178497018,5302,222.35404730280007,26,8.552078742415388
25103,9.089395300955077,1.767229903613708,127.9204912510709,3955,132.7411878406423,26,5.105430301563166
25104,8.93806423426624,1.7500026675994915,114.08727513678548,3493,80.85641208522694,26,3.109862003277959
25105,8.937780431829818,1.7774787958769853,124.17111796444591,3812,136.19968577550608,26,5.23844945290408
25108,9.0127113943819,1.7538560508703378,137.2344424650365,4230,277.99475399350473,26,10.692105922827105
25109,9.048839792965603,1.733732812694283,144.16015668687837,4419,115.93918230671974,25,4.637567292268789
25110,9.021697143239857,1.6894138192737775,153.45738329654708,4544,89.01994127788385,25,3.5607976511153536
25111,8.907601259276673,1.7996911560923592,70.50845204640555,2198,78.36088134037514,26,3.0138800515528903
25112,9.041311924930563,1.671103578309407,75.12567484519896,2215,50.02892115109017,25,2.0011568460436067
25114,9.05855385498722,1.7870371411777515,181.22399295610813,5611,355.75976190616063,26,13.683067765621562
25115,9.070436619333508,1.7674508670863989,182.90001263906225,5632,155.5387876261696,26,5.982261062544985
25116,8.969601972585483,1.7641405655613014,173.39254644134448,5356,113.39349125746814,26,4.361288125287237
25117,9.076798751379926,1.652829559423477,63.20524826742263,1858,51.622227460599625,25,2.064889098423985
25119,8.907085574668,1.8430570623005194,67.53069761181148,2152,69.50550259289624,26,2.67328856126524
25120,9.038297096032254,1.763123943715111,86.83336167330704,2675,649.3740805534906,26,24.97592617513425
25121,8.922047781639986,1.792732926258001,86.99141611989573,2698,71.94874256941202,26,2.76725932959277
25122,8.979137405602179,1.8323053232533595,137.27643873302688,4317,107.07484284856486,27,3.965734920317217
25123,9.090049208187867,1.7360699817350937,132.18263832037468,4014,466.0169861126184,27,17.259888374541422
25124,8.830146698485951,1.7508854580614803,100.56891233021771,3074,439.2732655915213,27,16.26938020709338
25126,8.163398392794884,1.5265554546449922,6.415825692259121,191,28.240531437480143,25,1.1296212574992057
25127,8.963792054792806,1.9142737652822512,81.38125581725994,2629,90.07029088903559,28,3.2167961031798424
25128,8.960628489831771,1.6900481592096128,85.18591078292334,2540,198.08267265042028,25,7.923306906016811
25129,8.848433343755248,1.8199272013847914,90.54374962768831,2820,137.92553317310217,28,4.925911899039363
25130,8.708467586010851,1.4954066651797662,3.7563931078700885,98,15.18143977553207,22,0.6900654443423668
25131,8.932965009108402,1.819667744078584,51.146697302246274,1590,237.59886656993893,27,8.79995802110885
25134,9.050919592657795,1.7690976499505358,46.74627546125136,1425,107.86239034484996,27,3.994903346105554
25135,9.082285594184656,1.8521138637685601,48.27520655535417,1527,45.05381880821635,27,1.6686599558598647
25138,8.98888998204995,1.7778417355929572,296.23156735341513,9166,453.94981105508253,27,16.812955965003056
25139,9.041384186896831,1.792938731932732,343.08659917349945,10685,833.3636231542591,27,30.865319376083672
25140,9.072926516964525,1.790383940387216,365.3478877872554,11333,316.0396772427037,26,12.15537220164245
25141,9.030739906576148,1.786673222160581,187.0980353911488,5856,231.25809509090567,26,8.894542118880988
25146,9.007522587096785,1.7566581624593556,146.16564848176458,4503,164.88296207291702,26,6.341652387419885
25147,9.111336427350414,1.7205109975854838,38.04639112766125,1170,30.653907761630187,26,1.1789964523703917
25148,8.92840563207662,1.672504259889672,133.6463470527811,3991,122.32091782858723,25,4.892836713143489
25149,9.025508120552372,1.7067290667819441,121.79985220970272,3674,94.47289708868009,25,3.7789158835472034
25150,8.960041132107968,1.70112701337182,166.5698670379425,4965,154.74985146436666,26,5.951917364014102
25151,8.964927025594825,1.715329045002967,86.12126496564974,2583,61.04356922438205,25,2.4417427689752818
25154,8.971069706645698,1.719366792713352,82.26673492739235,2496,56.244827428703765,25,2.249793097148151
25157,9.222452608369647,1.7642307540116424,73.59260667123262,2272,423.2124700105089,27,15.674535926315146
25158,9.11647363382128,1.680958568443003,130.63779385363736,3918,134.8656845813846,26,5.187141714668639
25162,8.980823882853592,1.7944503106249348,219.1191134001932,6817,214.4502768278498,27,7.9426028454759185
25163,8.923405053907825,1.7172433367721842,128.43581679331467,3834,160.80970609205622,26,6.1849886958483165
25164,9.020253502456027,1.7777608055361438,119.14223321238538,3671,95.8539127412927,26,3.686688951588181
25165,8.92005751344889,1.687556756392754,142.71874630153178,4261,167.0950520299381,26,6.426732770382235
25166,8.959737704737567,1.7399554116674998,121.7967778974015,3662,119.13748793810353,26,4.582211074542443
25167,8.96357658979997,1.7810345465243251,152.04638838785004,4702,135.5961772358557,26,5.2152375859944495
25168,9.023756298263965,1.7647786208652363,173.29668837761199,5314,160.0718456648213,26,6.156609448646973
25169,9.022459332176348,1.7447220139676503,148.31005622373985,4544,128.042425746184,25,5.121697029847359
25170,8.987838619889565,1.741485898746244,84.9179507079142,2579,652.0381479026621,26,25.07839030394854
25171,8.882680162960101,1.7731956529712545,76.63144333917548,2368,82.4591362374093,26,3.1715052399003576
25181,8.922704950572326,1.7466735525837538,262.7761361432369,8080,229.32283080761408,26,8.820108877215926
25182,8.965079741410715,1.7845483237888675,213.86003214968707,6572,185.85917668747265,26,7.148429872595102
25183,8.965022091090098,1.7502582035418788,197.88792041828555,6051,183.04091737524772,26,7.040035283663373
25184,8.93139106366918,1.732422874741171,118.5630449503272,3613,302.63032586400607,26,11.639627917846386
25185,8.853758695636223,1.7435984042329433,114.69771548244714,3515,927.5808642887139,26,35.676187088027454
25187,8.898703740060276,1.7586536888927444,110.11902626035571,3402,90.913980951664,26,3.496691575064
25189,8.877504941153267,1.6400819578081578,135.9777342413071,3985,301.97036726395334,25,12.078814690558133
25190,8.811414586133177,1.7266434908844768,128.03170642164434,3907,116.81261992886827,26,4.492793074187241
25192,9.02679125987946,1.7700790974524885,329.9655146486888,10143,381.92786866914935,26,14.689533410351897
25193,8.954154498181936,1.7394857798831238,284.80721480380043,8645,289.1187493245936,26,11.119951897099753
25194,8.937002899036468,1.7991169671497935,316.9452118307423,9880,898.2580276270965,27,33.26881583804061
25195,8.976141273740778,1.7094978669608547,199.2563911590138,5985,130.61270054466968,25,5.224508021786787
25196,8.982102744789149,1.7099128664303487,170.38258709297716,5137,190.0193092146188,26,7.308434969793031
25197,8.956117099599869,1.7185395711178684,184.2663994807672,5611,352.68312794249834,26,13.56473569009609
25198,8.840760921960811,1.83147521753459,186.62822135049515,5879,1195.015512755404,27,44.259833805755704
25200,9.003204170989273,1.7972826158996036,349.1528440377077,10879,403.97842461583,27,14.962163874660371
25201,8.939697041647266,1.7465300392489278,411.2613499096079,12573,401.6796935328555,26,15.449218982032903
25202,8.990324858617877,1.746222857597454,158.1849611037347,4799,120.00652999751122,25,4.800261199900449
25203,8.981141702543315,1.7568073172737637,323.7296077520113,9899,1616.0688658534673,26,62.15649484051797
25204,8.923298575105555,1.7930752034965018,114.94654139484666,3584,265.23933768145497,27,9.823679173387221
25205,8.968556183338483,1.699024107742803,36.54048291153127,1088,65.08263438854998,25,2.603305375541999
25206,8.817977152874718,1.6567385853829433,37.21968432450884,1083,41.13659871116791,24,1.714024946298663
25207,9.06011638403277,1.781182035845125,38.35404095562821,1202,152.29762221700946,27,5.640652674704054
25208,9.11932547763722,1.630992608236531,32.134264420181474,933,30.989001779430463,24,1.2912084074762693
25210,9.070442120953592,1.7138365932892154,17.957894219406104,537,41.37883888912104,25,1.6551535555648416
25211,8.811131515724917,1.8054125329092396,16.15096095628841,500,36.85869910658862,25,1.4743479642635446
25214,8.89708380070858,1.8165969253126006,26.85097826997701,850,34.829119471566614,27,1.2899673878358004
25217,8.87989707347049,1.8148326508786374,36.67526975108467,1142,61.52347857244169,26,2.3662876374016033
25218,8.942834890670497,1.8152527330970576,37.87684507751829,1170,68.9761172865461,26,2.6529275879440806
25219,8.93472840249796,1.6667377183864942,42.54193043839492,1243,82.73404649183004,25,3.3093618596732015
25220,9.1383149821032,1.634655128383364,18.41179182731755,536,23.164939230168045,25,0.9265975692067218
25221,9.239425651741795,1.748248303214979,16.663596944341005,504,31.431556548103558,25,1.2572622619241423
25222,9.073358522049295,1.7077331332500538,29.461096003529505,888,48.21308675895805,25,1.928523470358322
25227,9.066941785578454,1.8133737190219639,482.59825777140816,15259,1562.241465310579,27,57.86079501150293
25228,8.988665059172048,1.7430102547241584,406.0060151495446,12485,1185.2071639142318,26,45.58489091977815
25229,8.907044149425865,1.7188203422503041,208.4136098350801,6351,223.31473087308865,26,8.58902811050341
25230,8.927280814639008,1.7895597359037239,167.70955171196184,5227,133.62257365039352,26,5.139329755784366
25233,9.007036154857454,1.6934748029890778,215.33775375074677,6485,131.40102369382635,25,5.256040947753053
25234,8.952412229120368,1.8010689664121475,218.1833085102937,6827,195.96144586582,26,7.536978687146923
25235,9.029028681204299,1.7615056810425869,225.77882206666465,6954,183.86473508657258,25,7.354589403462903
25236,8.793484431440424,1.7006639645101171,117.41317425207689,3527,95.84475246425923,25,3.8337900985703692
25237,9.007685339138238,1.7417371491169273,118.539239100425,3646,160.53861740967733,26,6.174562208064513
25240,8.969941255534032,1.7976317704602138,95.44895225235555,2967,224.90884174867412,27,8.329957101802746
25241,8.932195669665099,1.7125307627395003,94.95785078843478,2884,95.82938335958757,26,3.685745513830291
25247,9.03149963737165,1.731189076390236,270.54215047548513,8207,190.49686300813366,25,7.619874520325347
25248,9.049581011521173,1.7070424551587293,272.30584156979694,8223,172.94215309852703,25,6.917686123941081
25249,8.869590203586185,1.693111664442382,125.32803533843646,3723,268.83427454073853,25,10.75337098162954
25251,8.924074793790206,1.8148687220858575,122.39735883926492,3856,98.3869474892728,26,3.784113364972031
25252,8.886732615924423,1.7110886415741144,124.4309070579561,3741,105.48787437092976,24,4.39532809878874
25255,8.983287274687275,1.7671258413110218,643.2064811097713,19867,4787.44879000915,27,177.31291814848703
25256,9.031593071880208,1.751674324525963,461.22721702225454,14152,309.5131910567734,25,12.380527642270936
25257,9.039105835030268,1.7999400075284473,377.5838393872426,11793,368.08140294820384,27,13.63264455363718
25258,8.973446548355838,1.7577166648683582,456.1865721844763,13998,960.7299369076812,26,36.9511514195262
25259,8.977617607505788,1.7761546202739014,419.72405277358007,12966,283.6349189547723,26,10.909035344414319
25262,8.977240460798425,1.7626239623760247,519.4462345927459,16000,618.7998840229998,26,23.799995539346146
25263,9.008309154120548,1.7564646645789765,541.4078233258282,16656,1163.4344442090908,26,44.74747862342657
25264,8.947038824161618,1.730981163758725,456.0149231047616,13891,434.33120277533453,26,16.70504626058979
25265,8.92962749785374,1.7119869226759128,268.4166645194898,8105,515.969090943591,26,19.844965036291963
25266,8.872618572976302,1.7489820643085934,259.66443289971465,7958,197.86804718500608,26,7.610309507115618
25269,8.909397785660218,1.770115245443765,181.92845415118475,5596,168.60238513191408,26,6.484707120458234
25272,9.078149606107925,1.7854237253348741,480.3369962971517,14892,339.4181522846009,26,13.054544318638497
25273,9.026902622163444,1.8077568141755769,516.0922938197425,16131,696.2456898513051,27,25.78687740190019
25275,8.99652088167936,1.789408761071191,284.31774512775473,8815,546.0973297419991,27,20.22582702748145
25276,9.02636295292499,1.7705077672645397,281.94764444331554,8699,219.3677371988574,25,8.774709487954297
25277,8.929618470980635,1.7673857758170548,277.1686174604891,8501,273.0817896359597,26,10.50314575522922
25279,8.835301089405776,1.7360229204548674,189.47748073289594,5735,248.05442433879443,26,9.540554782261324
25280,9.012855502235746,1.8022124598042761,360.47080842674626,11223,315.1685796835597,26,12.12186844936768
25281,8.96984567985021,1.766736956029118,367.96635007620245,11373,620.2862975306556,27,22.973566575209468
25282,8.916321387151989,1.798527215992533,149.22112810625848,4642,110.45870782350374,26,4.248411839365529
25283,8.824663747753409,1.7582729066664877,164.1713523872169,5049,410.725101489332,26,15.797119288051231
25286,9.034455061709938,1.7491348708369767,422.31457709667774,12987,275.6879484018773,25,11.027517936075093
25287,9.01270911055308,1.7477332459850465,376.5017083183053,11526,1860.9066620034428,27,68.92246896309047
25288,8.87982723206937,1.7806047062434995,253.32944909157388,7873,1755.1119248980035,27,65.00414536659272
25289,8.950052042560726,1.7276165184461272,194.35688093794616,5921,155.03822239974113,26,5.963008553836198
25290,8.986287170326259,1.6980129823432775,186.13091329558532,5550,139.87366768524137,25,5.594946707409655
25293,8.988789659238085,1.7356089678480797,212.43826497069816,6471,304.7980818350452,26,11.723003147501739
25295,8.96957273268644,1.7618834010673035,424.2360146204783,13056,374.72870286388564,26,14.412642417841756
25296,8.944816235115896,1.756096528173872,387.65546101654445,11835,390.69068009370767,26,15.026564618988756
25298,8.956442850132271,1.827864047408314,278.27591863471855,8809,5798.906936563084,27,214.77433098381792
25299,8.954165904718526,1.778011955879611,78.99842098284644,2428,112.4219346443932,26,4.323920563245893
25300,9.009222440068726,1.7216803478693907,323.5961393310315,9731,205.54226715991385,25,8.221690686396554
25301,9.012243773164316,1.7518909044390374,227.9194597822527,6984,267.695725750952,27,9.914656509294518
25303,8.928810602808928,1.7901593576590726,107.54979873353798,3330,93.04744295690259,26,3.578747806034715
25305,9.07199808417413,1.7969011919970064,170.2157531097466,5289,528.4192821941458,27,19.571084525709104
25306,9.004335380306655,1.7273754872522926,86.61044285925058,2623,77.55682506669915,25,3.1022730026679657
25309,8.971918920921839,1.8033346135890183,348.7832172002579,10909,405.41088420715914,27,15.015217933598487
25310,9.026487073450504,1.7151536446388986,102.34547882829513,3031,89.25432920759657,25,3.570173168303863
25311,8.99043901227951,1.76616129409511,243.62798652106122,7473,197.76151124736705,25,7.910460449894682
25312,8.93678712256496,1.7922230167840776,159.31847321968309,4927,132.8847702126723,26,5.110952700487396
25313,8.911190089576978,1.741896341447862,169.37212441811593,5121,122.95826834777931,26,4.729164167222281
25314,8.949193668758829,1.7335537393355094,157.2860837185754,4764,113.4839267313092,26,4.364766412742662
25315,9.037228226636184,1.7443386049949992,377.5363807736987,11501,250.16243464709206,25,10.006497385883682
25316,8.966296466803591,1.734584275985095,176.06775492180859,5319,370.9386099097937,26,14.266869611915142
25317,8.972938787047053,1.7854855812216492,205.49757850342445,6315,205.13169885710448,26,7.88968072527325
25318,9.010246392593846,1.6599512133195806,31.98360218741083,952,44.26778640073114,25,1.7707114560292456
25319,8.943866339314196,1.8324136728996163,29.11777236789455,906,56.42466083928777,26,2.1701792630495294
25320,8.680084328121229,1.7837299018482018,9.842969834499138,310,32.671811224021134,26,1.256608124000813
25321,8.804829735816503,1.577619215918774,15.543793508938188,440,26.51798497991035,23,1.1529558686917543
25322,8.83361394898631,1.88077920387682,15.467569432565048,488,62.97178727552606,28,2.2489924026973593
25323,9.238310590589501,1.6661676123694937,18.55538527354802,545,39.376391387028136,25,1.5750556554811255
25328,9.300676334412666,1.765645726738057,34.889377175413514,1092,63.67496773063846,26,2.4490372204091715
25329,9.021730852125586,1.6595312696743854,40.26343297873822,1190,78.01098615445221,25,3.1204394461780884
25330,9.115127914806436,1.6621678387088104,34.35950831740724,1018,76.78205888367711,25,3.0712823553470843
25331,8.968761747647637,1.6844867660747789,40.68314053749468,1194,60.115337483115034,25,2.4046134993246016
25333,9.122968918322606,1.650819179406356,19.2767361896947,560,84.45211984456029,25,3.3780847937824117
25334,8.887538241524949,1.8817056410453448,18.07600683698427,579,39.73102099873792,27,1.4715192962495525
25336,8.923632658504827,1.739457424567747,22.76120227914931,693,83.65169470563805,25,3.346067788225522
25337,8.553288159404556,1.6629205648284564,21.070808368887253,633,47.153285244161964,25,1.8861314097664785
25338,8.787756358563449,1.7164101095307385,17.48752741242089,528,23.529568358525975,25,0.9411827343410389
25340,9.303227310642848,1.9177664464964637,18.931603040706854,608,39.55087588826677,29,1.3638233064919576
25341,9.00683332808856,1.8634659943376009,9.946715048150436,317,60.406309040979764,27,2.237270705221473
25342,8.984975111690114,1.6820684553871834,16.03387773495897,487,29.435630881000613,25,1.1774252352400245
25343,8.983301919418192,1.9158552447275705,15.265497784381058,510,56.58004364357433,28,2.020715844413369
25344,9.108144966381998,1.6906105922754147,32.16704013469346,975,76.37192994144766,26,2.93738192082491
25345,8.73503338093093,1.8632504274288955,17.473784188106887,554,33.63353178880479,27,1.2456863625483254
25356,9.012479776315148,1.7641518015099842,361.9102938445483,11160,339.82688197445594,26,13.070264691325228
25357,9.058989215411007,1.752933540921833,362.3292796024416,11095,371.6129482007605,26,14.29280570002925
25358,9.00889532466459,1.804262027705068,327.49428335902564,10156,337.78629956503096,27,12.51060368759374
25359,8.926653103519254,1.7425276993107954,196.75839513447198,6028,214.25099355989605,26,8.240422829226771
25360,8.960265168463808,1.7464068892293538,201.6683241936152,6215,201.34056785430076,26,7.743867994396183
25363,9.065970807324321,1.764922786524943,467.24661020969705,14467,325.6599311915987,26,12.525381968907642
25364,9.086131560836977,1.7562520516389837,559.1242689412466,17326,358.99619928189503,26,13.807546126226732
25365,8.988689340304678,1.7361604490417695,284.20755649593065,8690,192.8705657991284,25,7.714822631965136
25366,9.00842370039602,1.7636980510542672,141.78828405849018,4324,143.711616651776,26,5.527369871222154
25368,8.948066226623997,1.7986688599499039,141.7920784640368,4471,159.15489285403595,27,5.894625661260591
25370,8.849681598558321,1.9559221383411292,12.606522069528008,416,42.735198095886126,28,1.526257074853076
25371,8.957899254121665,1.7510502466962985,386.4814843408677,11816,733.2104341453924,26,28.20040131328432
25372,8.957349558390394,1.7324384864998588,447.00312342975565,13585,1626.2744533361508,26,62.5490174360058
25374,8.995899813257257,1.775802499822662,343.61140611649785,10584,8113.703546399339,27,300.5075387555311
25375,8.96936558232589,1.8152747484789076,227.0739663223339,7142,210.49320825374667,27,7.7960447501387655
25376,9.011878057333115,1.7332744951696213,223.41586069783295,6771,1031.9511340163583,26,39.6904282313984
25379,9.064187842240099,1.7845818827906246,466.8453635491826,14494,338.4998040697357,26,13.019223233451374
25380,8.98243827844796,1.7577195914963144,383.02190684531814,11710,330.1246892582347,26,12.697103433009026
25381,8.932915793550146,1.7796001382104942,457.42290040937894,14218,352.07927241440314,26,13.541510477477043
25382,9.04012591676112,1.7301256667109786,211.61504768874246,6455,130.25628422602395,25,5.210251369040958
25383,8.94057123103481,1.769051541804385,173.96406841778938,5366,130.9196047506595,26,5.035369413486904
25384,9.017697970378393,1.8684515023507873,90.37410049734473,2908,93.62312931434508,27,3.4675233079387064
25385,8.894382153911343,1.7251815388433323,279.4034321525789,8456,392.57377346663213,26,15.098991287178158
25386,8.934457713315053,1.7204813487998325,276.8064708930713,8384,484.2699792417239,26,18.625768432373995
25387,9.022232545514433,1.7677551614736087,232.54192457666088,7083,4705.37070547458,26,180.97579636440693
25388,9.033072811092998,1.771346025612449,108.10621788234302,3365,132.57645298532984,27,4.91023899945666
25389,8.936467720203153,1.7283234740970368,106.85226028740286,3250,104.50283957910513,26,4.019339983811736
25394,9.002323696762712,1.823237094111217,86.49662538570038,2704,122.44174374797504,27,4.53487939807315
25395,9.004759552912022,1.7650569063593662,74.61728042432276,2314,98.81148051563966,26,3.800441558293833
25423,8.830082398232753,1.812564447924684,103.93721725417402,3280,99.58667245037823,26,3.8302566327068552
25424,8.9727951689908,1.7069307662809496,97.97293206226915,2955,772.0783964095695,26,29.695322938829595
25425,9.058635585910649,1.7914348155653734,98.19436028564654,3056,107.07103502758717,26,4.118116731830276
25426,9.007179626136429,1.7911242064996826,92.347690512689,2917,92.54070675128564,27,3.4274335833809495
25427,8.91947356785346,1.6929622763426908,97.93887187845752,2960,103.44950640603206,25,4.137980256241282
25428,8.93821056981093,1.7783906810819046,112.590207688163,3487,83.32342348585448,26,3.204747057148249
25429,8.942148237734967,1.7241064514107423,48.67924168834578,1499,136.48981400900118,26,5.24960823111543
25430,8.88601009081202,1.638633261089899,47.43774853602371,1396,32.18749356728678,24,1.3411455653036157
25432,8.963757119234106,1.6798311320433816,51.101836896057755,1529,41.98758287499753,25,1.6795033149999012
25433,8.898734702989799,1.6712704523439927,34.75112254763667,1036,50.414913748048605,26,1.9390351441557157
25434,9.05461916852532,1.7285169516988486,184.54418979247185,5608,157.16771372599717,26,6.044912066384507
25435,9.028635365900618,1.7900959283625024,182.62988433404922,5738,196.02934296473126,27,7.260346035730787
25436,8.946670681719231,1.76021788089836,205.32244666204588,6341,198.4057210368591,26,7.630989270648427
25437,8.965989644980327,1.7775449913299333,187.43691183014184,5834,2355.079182333913,27,87.22515490125605
25438,8.77834270833962,1.7681542448009548,92.02476474450644,2812,87.15844564595292,26,3.3522479094597277
25439,8.961554040511986,1.8323120058378992,75.30478848898522,2374,464.4054289091379,27,17.20020107070881
25440,8.992609414060144,1.6895559255854984,62.05335063888267,1867,72.56310314040536,25,2.9025241256162144
25441,9.060355341046526,1.7420040145017464,83.21606622487614,2558,104.45133415094972,26,4.017359005805758
25442,9.021117265929995,1.7778435684957339,207.57455672792312,6418,476.26349169530334,26,18.317826603665512
25443,8.929673702926088,1.7398411149612572,385.5383861139781,11769,289.33150867616337,26,11.128134949083206
25444,8.974743771909711,1.761062271014977,326.45952108193904,9970,482.60330757059756,26,18.561665675792213
25445,8.979416191273991,1.7503325343486298,392.104549694454,11906,513.4713065906132,26,19.748896407331276
25446,8.85256302031371,1.680572809605108,163.8284272913194,4845,133.26886856020462,25,5.330754742408185
25447,9.017637388505912,1.7931765941129143,94.60079806060799,2930,381.0781793085698,27,14.114006641058142
25448,8.977973616433019,1.738373388955281,246.42090670303574,7541,5239.514702248139,26,201.51979624031304
25449,8.989491737421046,1.7388595419452224,283.9955348788609,8679,190.65751920166358,25,7.626300768066543
25450,9.059457299754083,1.7915606345595876,226.69625826353564,7012,207.46420082975254,26,7.979392339605867
25451,8.955064654412277,1.7189035592996298,120.15711370708655,3629,119.96474670550595,26,4.614028719442536
25452,8.983654501546837,1.6871952653481095,120.72289827306383,3605,125.45439952850998,25,5.018175981140399
25453,8.946618120061252,1.7214916815216907,135.87217719763413,4131,99.12972903085303,26,3.8126818858020397
25455,-0.0278238993520668,0.12274192608775066,2.0,34,,,
25457,0.8364931833138152,0.3273352302771388,1.1627832551962867,57,0.14938002675133266,1,0.14938002675133266
25459,0.41915160458414885,0.07939544344713921,12.464444150704063,48,4.000000014381478,2,2.000000007190739
25462,0.7848562196546365,1.1900890544046618,0.4553158094556663,28,1.7119340988490124,1,1.7119340988490124
25463,0.4838994427685996,0.06732742175953073,4.151468425027693,16,,,
25465,0.7880173579240405,0.04067631626866636,1.0061061530227284,23,,,
25466,0.7918778481820705,0.04079991626076776,2.000233143644207,21,,,
25467,0.36476139650190303,2.014921685932429,0.1715205715090172,37,,,
25468,0.981641756224091,-0.0361930267128337,4.0528195870803305,39,,,
25484,8.955254494408086,1.7816337861304798,289.49472272339995,8942,1905.2889502705655,27,70.56625741742835
25485,9.045536954011443,1.7298346810162348,366.8279760635189,11147,221.3876540774184,25,8.855506163096736
25486,9.051583922378615,1.7662027115850114,372.98248987441383,11420,524.2604040178886,26,20.163861692995717
25487,9.025724335669336,1.7628299219929986,375.37148567945434,11546,774.9542375880214,26,29.805932214923903
25488,8.950962550289447,1.7365003142234747,387.67854045467584,11835,362.35027181198626,26,13.936548915845625
25489,8.953188506444452,1.693381016658681,180.63671119976186,5349,164.1199555946883,25,6.564798223787531
25490,8.859594312727554,1.6864039255429075,133.01449333369,3991,83.89467162954199,25,3.3557868651816793
25491,9.012092341722138,1.7847089634727304,292.3070179578793,9130,621.4845615144429,27,23.017946722757145
25492,9.014286530943417,1.7529095650117594,280.5985178461325,8578,2633.2748327613526,26,101.27980126005203
25493,8.951513112177238,1.7252628315273055,268.29907178879085,8192,352.29443438735,26,13.549785937975
25494,9.039384922329935,1.862856854173066,215.2597195750522,6879,191.2949879625885,27,7.084999554169944
25495,8.968697209367772,1.8075534399839288,302.458463576897,9474,228.5293721864788,26,8.789591237941492
25496,9.047920399327117,1.7720476155513154,114.86820324136062,3546,358.01410476779915,26,13.769773260299967
25497,8.900751314675434,1.7648136035498108,122.15360649728228,3766,106.15580595947654,26,4.082915613826021
25498,8.987240292025222,1.8497240597477103,130.485690885883,4136,174.94608609447423,27,6.479484670165712
25499,9.070198231960697,1.7574900901178239,199.30096269361633,6132,1570.9354828482528,27,58.1827956610464
25500,9.019380448821458,1.7164046948160459,182.97206504510737,5504,133.42572383644136,25,5.337028953457654
25501,8.929533606656797,1.7691461484026565,205.0527076356469,6365,132.0805602749722,26,5.080021549037393
25502,8.9433691795441,1.7414632364624678,204.5432964535664,6231,166.09608884496967,26,6.3883111094219105
25503,8.863106702109652,1.7968968065014017,196.38834807159216,6075,155.4642352836552,26,5.979393664755969
25504,8.892792053401847,1.6986541457194184,79.05722106751755,2381,58.74762080804428,26,2.259523877232472
25505,8.85489581899206,1.931561982182054,75.4140552676213,2433,107.17936492563818,28,3.827834461629935
25506,8.938701119087838,1.7210607356989467,211.44882443003013,6393,172.30464023778566,25,6.892185609511427
25507,9.025987710229689,1.7292243625359405,233.43956600420685,7134,173.44635108563722,25,6.937854043425489
25508,8.90414749902371,1.733207610363565,209.4813963474962,6383,142.1650887866382,26,5.467888030255315
25509,8.86017511543888,1.7721697873231317,204.73778332054027,6335,144.94515967517074,26,5.574813833660413
25510,9.037234825288257,1.7403390773939693,73.86197751238143,2226,61.685770762928385,25,2.4674308305171353
25511,9.038468949477862,1.7030823980872822,131.87418819437013,3983,80.8254460993407,25,3.2330178439736277
25512,8.925147789261754,1.8053282463467901,79.03743651188043,2487,74.62786442369405,26,2.8703024778343864
25513,8.798436923998466,1.795956939263299,78.94762725597926,2456,88.53331128326604,26,3.405127357048694
25514,8.94195822865755,1.7499851021139234,72.17999264392871,2215,316.7434740334527,26,12.18244130897895
25515,9.448902853283268,1.495539010118756,25.11622131530768,693,37.20927290890041,24,1.5503863712041837
25516,8.92068683069217,1.7535781624243834,153.17013314650706,4706,98.52285024107202,26,3.7893403938873855
25517,9.012331759025743,1.7577610156129773,169.18852310284325,5170,496.2248321873992,27,18.378697488422194
25518,8.89468598199427,1.7307583715882786,192.14222668961395,5791,170.60105804039378,26,6.561579155399761
25519,8.936314469854091,1.7504567284804018,175.49508214668572,5357,135.64080265897948,26,5.2169539484222875
25520,9.036617975215659,1.7643570008989982,188.0109699334907,5761,367.5272986348599,26,14.135665332109996
25532,9.0646621133084,1.7405032208473021,205.50282396594352,6281,150.64949918240137,25,6.025979967296055
25533,8.886747155677021,1.7858152453535365,116.78386500549895,3605,98.54773671541085,26,3.7902975659773404
25534,8.903591992681555,1.8024763593248692,151.74394440399968,4756,124.04224313136172,26,4.770855505052373
25536,8.918205016677854,1.8110943586382602,50.41477979583843,1578,59.477065870117094,26,2.2875794565429652
25538,8.8993046763967,1.7322433747481667,188.71438253403042,5720,189.59999567815083,26,7.292307526082724
25539,9.000895269819539,1.7791350881477062,211.0142747359471,6521,206.26643878086233,26,7.933324568494705
25540,9.019569682622011,1.7210963543759847,233.7795261160547,7084,1052.3971762714862,26,40.476814471980234
25541,9.000564364403758,1.760123570942891,216.39650132053015,6613,358.565178860857,26,13.790968417725269
25542,8.959581988587423,1.7117986257019078,240.6679359374172,7318,236.60500626849048,26,9.100192548788096
25543,8.931658929019292,1.7875797838170095,233.57930319097193,7202,157.96838244551623,26,6.075707017135239
25544,8.954913860832198,1.727627865212708,228.6968359429066,6940,342.68258570927605,26,13.18009945035677
25545,8.994813678869615,1.7316624127019593,187.92818859611432,5687,983.3164055002243,26,37.81986175000863
25546,8.934760670145435,1.7202682549908634,221.45999607899682,6755,219.92316000876377,26,8.458583077260146
25547,8.94928469596966,1.783811417440631,245.11878844857745,7610,182.287550209933,26,7.011059623458961
25548,8.979145602250545,1.6888069784050035,131.91180505085248,3899,114.3017923745286,25,4.572071694981144
