run,mean,std_dev,amplitude,nevents,chi2,ndf,chi2_ndf
23861,8.913994330019115,1.8418754938698545,15.830436917116206,500,37.94792416533457,26,1.4595355448205605
23862,8.862684689054907,1.6768072460371661,18.148267481220344,551,41.793755512399876,26,1.607452135092303
23864,8.659092893229897,1.7475406703091543,16.64254602035755,494,39.946565442936276,26,1.5364063631898568
23865,9.472961335843282,1.6594466982498606,9.587758909701758,287,25.644043351237354,25,1.0257617340494942
23866,8.822122568771428,1.819733742105832,6.142560952474492,200,23.551901624359033,27,0.8722926527540382
23867,9.116844999464256,1.6820674551145511,13.982463658940802,409,30.147222821508844,25,1.2058889128603538
23868,8.946508588629207,1.5800007423699212,15.34036387466462,436,38.97733257704082,24,1.6240555240433674
23876,8.910901321933851,1.5015660003368436,11.58534272503677,313,51.55024271753564,24,2.1479267798973183
23878,9.112067075261916,1.391933201377389,8.803843580276894,233,22.06774029100765,22,1.0030791041367113
23879,9.155838157960646,1.9967921428189428,6.437623327894197,222,37.67207813900916,30,1.255735937966972
23880,9.03114287756378,1.865040648741002,5.65586104765353,181,22.96087619694471,28,0.8200312927480253
23881,9.15373427028058,1.9297492648419092,5.728143416198908,193,44.45058467996892,25,1.7780233871987567
23882,9.262740808414485,1.7868975520159893,6.697665863259247,215,31.15030042120157,25,1.2460120168480628
23883,8.863801792501688,1.5821937154443364,8.317368354723836,224,21.073704568716572,24,0.8780710236965238
23884,8.774799915153412,1.6354610598858872,8.36192932186648,251,79.75989557168681,26,3.0676882912187233
23885,8.609027392755348,1.86146863814036,3.1478651486835534,103,14.567694234167108,21,0.6936997254365289
23886,8.714809885072345,1.82629849274046,7.347971346880592,222,29.578557234092006,26,1.1376368166958464
23887,9.257025275428962,1.9879883043599997,8.093780279513606,266,39.60735840142523,27,1.4669392000527863
23888,8.784982563899865,1.796308042854695,6.945933948744788,211,35.944834238518055,25,1.4377933695407221
23889,9.020740617131679,1.5949882460072358,7.153437224358135,207,16.777942448965135,24,0.6990809353735473
23890,9.642019606003895,2.189452858260492,3.7755562708578725,129,43.2114039084369,30,1.44038013028123
23891,8.899754349159416,2.351041695973398,2.4636574791422556,88,23.71306956348278,27,0.8782618356845474
23892,8.8897612528077,1.8925917715620535,12.925305131410775,408,44.232200193016325,27,1.6382296367783824
23893,8.750603830504145,2.0969745458170572,10.752645040998187,361,35.83561189236822,30,1.194520396412274
23894,8.790143804135278,2.0260507937495826,11.357425547857575,386,42.442379593839945,29,1.463530330822067
23895,9.011516766524112,1.9045598999574525,11.363921815086048,369,50.67149054863233,28,1.8096960910225832
23896,9.168578935008275,1.5910143861931978,7.185506216874186,200,22.943221494826222,25,0.9177288597930489
23897,9.165095137155829,2.112678957854784,9.518175274409742,339,32.357659051430325,30,1.0785886350476774
23898,8.498262254673355,1.9202464343587884,12.012161936805263,390,47.44681871215956,29,1.6360971969710194
23899,9.229919797388236,1.812077502114463,13.211524443670186,404,52.871315186602686,26,2.0335121225616417
23900,9.205838905399562,1.7866309830255165,16.44120441709218,494,45.52046020382558,26,1.7507869309163684
23901,8.979850536620644,2.38965785189973,2.2202475575867786,81,13.972617483865655,28,0.49902205299520197
23902,8.56761157258463,1.6784727752151538,8.878939152934677,268,57.418415100734435,27,2.126607966693868
23903,9.335024125208479,1.55897584986046,1.4036222458462024,40,6.391688078634997,15,0.4261125385756665
23904,8.912933334352697,1.8143268345662384,12.945815374924022,410,36.72548753793047,27,1.360203242145573
23905,9.092970997843217,1.9011623364047099,10.80243564520509,354,32.63928582416617,27,1.2088624379320805
23906,8.305516110948577,1.719701203510781,10.864055802349597,333,21.62509558402778,26,0.8317344455395299
23907,9.133231264174938,1.8183319010378842,11.117033288924567,346,39.763840774458444,26,1.5293784913253248
23908,9.129047044564008,2.1232263973961296,3.08405277632123,112,18.567143877780055,29,0.6402463406131054
23942,9.152627253367053,1.4763176160530305,5.2351964705257314,146,29.340931867018785,23,1.275692689870382
23943,9.822643964366646,2.191173863842751,1.127878453653878,39,10.247821274095045,15,0.6831880849396696
23944,8.671061545056588,1.7812040893895733,10.663407256964469,325,24.377593332047432,26,0.9375997435402859
23945,8.960792038492297,1.7462623766212249,6.906887484449769,214,51.11211093896829,25,2.0444844375587317
23946,8.934811182029808,1.6382453735393265,11.585919040427816,337,16.10723379115038,24,0.6711347412979326
23947,9.102730881597056,1.8889251501571958,9.639107628966794,302,33.93646934860841,27,1.2569062721706818
23948,8.873735797394568,1.8392777238304576,10.31167578707176,320,40.1374022807365,25,1.60549609122946
23949,8.754196700063718,2.389506342400597,0.8935100880857849,34,8.300434082172718,16,0.5187771301357949
23950,8.553782142096603,1.8716151331279762,12.143652350814008,395,58.60671736249839,28,2.0930970486606566
23951,8.993803892104857,1.6890162969555391,15.258615665448518,466,25.047123663328072,26,0.9633509101280028
23952,9.366677941357972,1.656009298214079,13.167302464066998,371,24.567861976576808,23,1.0681679120250787
23953,8.613770076484663,1.6980631807948794,12.217371208281406,366,45.43927606933094,25,1.8175710427732374
23954,8.796630733075094,1.3034305329009048,6.612290466779266,159,29.814977516771354,19,1.5692093429879659
23955,8.747789984309884,1.6314663649512169,8.463754237408839,237,35.45981479924859,24,1.4774922833020245
23956,9.2377948351104,1.934536194143186,2.0265105419166765,66,12.356060113536135,21,0.5883838149302921
23957,10.231207736759604,1.287115665497509,1.8708028202274012,43,7.3517728064281025,14,0.5251266290305787
23960,8.505258727872171,1.7702018470439917,3.9640369742576795,123,23.32395928658364,25,0.9329583714633456
23961,8.886730145549238,2.216810086678868,1.209615692489193,44,9.202128873006659,18,0.5112293818337033
23962,8.066991110096442,1.4097050569652185,0.9818873060380606,25,5.368799166442549,9,0.5965332407158388
23964,8.903365938485045,1.9495810839705565,5.407549285552378,177,29.07642301005539,27,1.0769045559279773
23965,9.10274542150881,1.861475472009706,4.523024566178449,148,43.98851110541945,25,1.759540444216778
23966,8.846537358549107,1.7852239041442919,6.109983383181727,190,37.87222169661793,27,1.4026748776525158
23967,9.602032311689387,1.6163992679071901,3.4563062645974645,96,12.40442632554008,21,0.5906869678828609
23969,9.081292239824993,1.631593501557714,5.6452573847279774,159,22.36527189890323,23,0.9724031260392709
23970,8.84028251333344,1.4683510253785572,5.7446031150534145,153,17.987582975140356,23,0.7820688250061024
23972,9.153401010281089,1.7196675058468052,2.641785371088637,77,11.409191381928093,21,0.5432948277108616
23973,9.47652297174807,1.5371730458707744,0.9291407805118526,26,7.448861723773755,9,0.8276513026415283
23974,10.463193364321269,1.5606785166624124,2.9080399781328,82,12.13669511569422,19,0.6387734271418011
23975,8.427759570205756,1.8750514171157782,0.9637062444349945,30,5.145494808214405,15,0.34303298721429365
23977,9.073418254360446,1.7386711550312954,8.551145774171959,263,30.174055837820198,25,1.2069622335128078
23979,8.982132212572617,1.619167721025906,5.612943679179988,158,37.42017150228901,24,1.5591738125953754
23980,9.275879057134897,2.140027626564487,3.7844030922013214,133,48.19423128414084,32,1.5060697276294013
23981,8.981878209638241,1.834340242893644,6.478982991558845,211,58.64996252801283,25,2.3459985011205133
23982,9.26594235352316,2.228538238352426,2.3331732042341713,74,15.388765769808634,27,0.5699542877706901
23983,9.390643275448735,1.7899195285521632,9.402489470276349,291,29.351296045990455,26,1.1288960017688636
23984,9.095269075704048,2.0325197466120333,4.655424041601151,154,36.40239154444677,29,1.2552548808429922
23985,8.862137280876826,1.8314640135199418,8.657483535664712,273,29.59460641119313,26,1.1382540927381972
23986,9.000273268545197,1.7672122042837455,9.315390466411792,275,27.37271362915797,25,1.0949085451663187
23987,9.64863722054985,1.626533597551673,7.196439334262123,218,54.10399316864935,26,2.0809228141788214
23988,8.770173897522236,1.3935880174112993,9.13502951833099,235,18.949632015176267,24,0.7895680006323444
23989,9.42171301064164,1.7540662304042516,11.57357976490778,350,27.580745634629775,24,1.1491977347762405
23990,9.117078307162219,1.536019280069316,6.12510667198884,169,38.569385873176074,24,1.6070577447156698
23991,8.762028930161383,1.833221012844337,2.481359208495337,76,14.942682654296174,21,0.7115563168712464
23992,8.929717706560668,1.8618856376300403,10.563160618213256,349,65.13703892257017,26,2.5052707277911606
23993,9.1271901510744,1.7139961604679854,16.3852858850293,486,66.55422174217753,25,2.6621688696871013
23994,8.916302221769957,1.7630286226151162,15.615096120212613,472,96.51747588555247,25,3.860699035422099
23995,9.135930671015656,1.996106087338426,10.414913973393082,340,71.52313481357547,27,2.649004993095388
23996,9.642980666653616,1.7450394289204296,9.198690191829801,273,23.650243943810164,25,0.9460097577524066
23998,8.93122499690523,1.7705912768393741,5.5795911776340255,174,26.835554246759052,26,1.032136701798425
23999,8.956204803813709,1.8261862314214905,7.187254249305749,207,40.136030471572525,24,1.6723346029821886
24001,9.180093957068669,1.9100047067872405,11.050751754488774,365,46.49824898263057,28,1.6606517493796633
24002,8.880554178548827,1.6134620802727664,12.702094904182708,365,56.334119378444925,24,2.347254974101872
24003,9.277862715227805,1.9096180864848504,10.833437756026186,347,24.033897423830883,27,0.8901443490307734
24004,9.258515801921343,1.5856565361607509,7.293741585724719,207,24.04518926032039,24,1.001882885846683
24005,8.637081146873985,1.5878823818624155,9.265494429798313,263,14.221331916269902,23,0.6183187789682566
24006,9.51382595400847,1.9582034971933746,7.752567180866543,250,29.528812623731046,28,1.0546004508475373
24007,9.011475543016399,1.5858263748948673,9.10403821048113,248,28.60073878864762,24,1.1916974495269843
24008,9.728971526912629,2.113713867348821,1.7424969417887755,57,11.213640237639169,21,0.533982868459008
24009,9.018022198790735,1.834393175425653,10.437126341521404,322,43.63941257287032,27,1.6162745397359377
24010,8.863540164832997,1.7599410626425938,10.23121707037454,314,31.759519526191934,28,1.1342685545068547
24011,9.252174690352005,1.7462408242263063,10.767237904827207,336,58.809181177961946,26,2.2618915837677673
24012,8.935148102603343,1.7850669337307712,9.999716152161922,311,30.875110776842554,26,1.1875042606477906
24013,8.3311548283418,1.8365205084598637,11.666946946104844,363,60.178347627609284,25,2.4071339051043714
24014,8.634735199175795,1.9043149297342323,11.601607268455801,363,47.38029146633731,26,1.822318902551435
24015,9.212218221619514,1.6805888275078222,7.574006498895375,233,26.009474467775128,25,1.0403789787110052
24016,9.583652944276967,1.4812442346887273,4.085777279098594,106,28.045904126793925,18,1.5581057848218847
24019,8.665561818856292,1.793493428252293,12.211514702311588,367,43.808240017229274,25,1.7523296006891709
24020,8.836897681808153,1.6896988719485455,13.612406091975691,383,41.50882091229201,24,1.7295342046788338
24021,8.842503652100765,1.8255054951156537,13.147119718029968,397,29.11681497822144,26,1.1198774991623632
24022,8.742591624826094,1.9135734959665078,12.473748494430367,408,35.0141370988357,27,1.2968198925494703
24023,8.818630701243261,1.2520515444225464,2.2919267425716905,56,7.261729042770719,14,0.51869493162648
24024,8.739156395719647,1.5134903582177917,10.51761460686517,280,33.55072578238047,22,1.5250329901082031
24026,8.90915232293735,1.6383795897929612,5.712720492774678,173,35.00058133523013,23,1.521764405879571
24032,9.006157684020003,1.6398836969223087,7.955505400866747,225,33.26941312152999,24,1.3862255467304163
24039,9.070639421880838,1.8163635070991888,1.6255002415080306,46,9.556571247406984,19,0.5029774340740518
24040,9.236905157229055,1.5127780390447556,8.224421229692998,231,20.65262433514401,25,0.8261049734057605
24041,8.90802238454081,1.6437814768867225,10.314820371081028,303,31.079863243122777,26,1.195379355504722
24042,9.123725078998865,1.478895638447354,10.888314342368574,302,23.87263699624508,25,0.9549054798498032
24043,8.608770520132246,1.6926164621239719,5.833907756686773,172,36.581378315445384,27,1.3548658635350141
24047,8.81257673212142,2.035573125067378,7.881114694598706,269,38.5921606359267,29,1.3307641598595414
24048,8.787909196392233,1.9764819892515197,7.561844655322474,242,32.652704069799505,28,1.1661680024928394
24049,9.004971859629938,1.6359094311809645,9.63291124282824,290,25.788672782241182,25,1.0315469112896474
24050,8.838859213380738,1.5563368573296938,9.330504994603778,270,31.64238006828598,24,1.3184325028452493
24051,9.19208919600832,1.8206943934965756,7.644974039661091,235,27.60792460518738,27,1.022515726118051
24054,8.922344647095915,1.4475452067254777,13.390435954241283,353,61.27949596872625,21,2.918071236606012
24055,8.93556712480731,1.877527390452309,11.276041155899275,355,27.799313556672494,27,1.029604205802685
24056,8.929442474976486,1.9475354305181376,11.677536767348654,380,50.155373923972924,28,1.7912633544276044
24057,9.274172706570466,1.8526897925192063,10.085764838928696,318,21.703266874686612,26,0.8347410336417928
24058,8.698056039584442,1.7906905290580386,6.344432631850393,202,31.332826342253263,29,1.0804422876639057
24059,9.300331194652784,1.6697271756265892,3.8676458961403593,109,24.855658955250043,22,1.1298026797840928
24060,9.55836950309309,1.576802171629796,12.53322649954809,360,31.341334442842903,25,1.2536533777137162
24061,8.575528806506442,1.8188267734654737,12.663561128805576,414,57.639100089840966,28,2.0585392889228915
24062,9.150897911698165,1.6473871649089498,14.291396408913853,408,30.242946501437164,25,1.2097178600574865
24063,8.86623085953924,1.7219845993391554,11.410663069178149,353,65.14599044145191,25,2.6058396176580767
24064,8.756016983247147,1.7698954902759532,8.53700590821447,264,31.13645054559139,25,1.2454580218236557
24065,8.169524436486057,1.700470828349044,6.875551719246046,202,58.590260204187466,26,2.2534715463149024
24066,9.349872743952838,1.7013001699785693,5.158164911699935,168,15.176537039983986,25,0.6070614815993595
24067,8.884539459554128,1.539454810675581,10.435824765843053,297,25.168581797796957,25,1.0067432719118783
24068,8.91288530346928,1.7987134454160996,10.551559243475815,319,33.92558447751468,26,1.3048301722121032
24069,8.993879504539207,1.464869059233297,15.077238401876318,397,25.306253179679928,24,1.054427215819997
24070,9.139446378401798,1.806474360538666,5.44859455883772,176,28.095324452987693,26,1.0805894020379883
24071,8.665982901306542,2.0156266733927435,8.911142915124724,306,40.6646558899306,29,1.4022295134458829
24072,8.676357461264997,1.7479338763270098,8.812472310505768,273,55.35435732606418,28,1.9769413330737209
24073,8.737338476172225,1.79642614363385,9.466756493890992,296,22.28229540760891,28,0.7957962645574611
24074,9.049886995987528,1.7839056482293218,9.514394194313256,289,43.126905929266144,24,1.7969544137194227
24075,9.133551775591153,1.5707630464799636,7.710319720603769,223,25.93128277193532,24,1.0804701154973049
24076,8.582717989717398,1.728214495219163,8.55667312834458,255,26.229724973128924,24,1.092905207213705
24079,9.060272721186788,1.4581523443454234,9.736887393804873,262,14.99295413622492,23,0.6518675711402139
24080,8.84904798650017,1.8288114303485101,9.473272773906169,293,27.623593385784627,28,0.9865569066351653
24081,9.014251784204756,1.8482459942044187,11.599233118550112,360,30.858783014709598,27,1.1429178894336889
24082,9.293979723722076,1.5390040228462443,12.118868974695374,339,31.006822156501084,24,1.2919509231875452
24084,8.599842183198895,1.7986558698098412,6.508424899019647,201,21.033031341926243,28,0.7511796907830801
24085,8.379684732917864,1.7572095572389788,7.485232967338272,223,58.92988821699748,25,2.3571955286798993
24086,9.008483786829835,1.9839350866384442,6.691060117894078,227,52.25063412059542,29,1.8017460041584628
24087,8.896924971954917,1.788580222091593,14.98278817635002,463,35.48277187992742,26,1.364721995381824
24089,8.434072322028586,1.5869613562715916,14.201011648414994,410,32.867931834763134,24,1.3694971597817973
24091,9.085898756370714,1.9745199236740536,8.555784775379287,280,90.70773739482752,29,3.127853013614742
24092,8.805670793349403,1.7520140535104503,15.133253154487084,461,50.84963387983168,27,1.8833197733270992
24093,8.854717255382873,1.8853175258835642,14.576078717954235,468,49.191267279770926,27,1.821898788139664
24094,8.869989480616981,1.8213003705007067,15.147561838933807,468,31.651316207760242,26,1.2173583156830863
24095,9.324548354360418,1.8491112846930686,6.917364475033532,222,56.245719682620305,27,2.0831748030600115
24096,8.896232284671298,1.803197830509394,5.060123139105612,160,25.88603589880087,25,1.0354414359520347
24097,9.682128097054663,2.4669727711485465,1.028093299835286,38,7.808651785946398,21,0.37184056123554277
24098,8.627905450110468,1.6284365745436742,15.762237372722081,450,37.272123042559336,25,1.4908849217023734
24099,8.899225997206253,1.8792158314352634,15.45030809681083,495,35.86593332147954,28,1.2809261900528406
24100,9.226950020169815,1.697465711817886,13.580221031619269,390,41.878212635557716,25,1.6751285054223086
24101,8.841248407784091,1.765470067653025,14.426665011556283,462,39.2130453973475,28,1.400465907048125
24103,9.292000951610722,1.8580142013848502,10.137745536871101,320,30.276069941045233,27,1.121335923742416
24104,9.40144935285459,1.6254030046914518,23.03626660857417,646,64.7664848488921,26,2.491018648034312
24110,8.9543768326805,1.5954535695931669,13.228678489150568,382,28.419482173291605,26,1.0930570066650618
24111,8.959371420639094,2.0813451889126715,11.03970633394709,377,44.534007450656624,31,1.4365808855050524
24112,8.92881936923185,2.0527985209877664,13.712356727649786,455,59.12097863905921,29,2.038654435829628
24113,8.747292605596087,1.8408257758646382,8.61868323371887,271,36.04629638034714,26,1.386396014628736
24116,9.319015006403342,1.6780072334398657,10.755838983730815,316,29.22715635919108,26,1.1241213984304261
24117,9.03358814248152,1.9361584723260126,11.083409012826936,359,50.359061865959575,28,1.7985379237842705
24120,9.125257497033056,1.746124663446584,17.69594600613839,543,36.31236468923838,26,1.396629411124553
24121,8.867387353816804,1.949543170487728,15.844060342006609,515,47.44924719634943,28,1.694615971298194
24122,8.75237712969267,1.8633445928773509,16.334807912726525,520,49.47583082565901,27,1.8324381787281114
24123,8.821947948956442,1.6106469206467353,17.852863041518983,505,39.76100755830181,25,1.5904403023320726
24125,8.786673229258469,1.2815751306858203,8.65658760591775,205,23.064558074596118,18,1.281364337477562
24126,8.947410250970968,1.7361597556368022,14.315290612802242,424,32.70456232883811,26,1.2578677818783888
24127,9.179250093230156,1.7771330790827913,12.710309950740376,378,33.28713304835252,26,1.2802743480135585
24128,8.987820800990146,1.8636354306583,14.516069070093351,462,30.225126228325877,27,1.119449119567625
24129,9.01908805731565,2.047690572231727,12.243471589475549,408,39.71833188591613,29,1.3695976512384873
24130,8.74542655380454,1.9821266665897914,15.042294003917798,505,34.580340599469935,28,1.2350121642667833
24131,8.896575392336487,1.7450820812516827,14.0319337701949,433,42.861323167431344,26,1.64851242951659
24132,8.96745937726707,1.6616194487796112,11.749445166384495,339,28.311356748194527,24,1.1796398645081052
24133,8.882360637765844,2.0209707629296103,14.171355999221223,476,45.781908682118086,28,1.635068167218503
24134,8.685312122279932,1.5047786976970656,10.990634633493197,300,25.970501336197266,23,1.1291522320085767
24135,9.0600648208616,1.9531379478055202,3.5388777149693293,116,16.989264159915848,23,0.738663659126776
24138,9.313472944530634,2.190977490334384,18.177694124662274,624,60.441612368606926,31,1.9497294312453848
24139,9.06165568320089,1.760435924864392,22.868561458992136,685,28.844815106862754,26,1.1094159656485674
24140,8.985143040132762,1.7525249749502594,23.998079383790945,729,31.462768519259793,26,1.210106481509992
24141,8.610656785123892,1.547126598474436,23.239064558085428,660,25.32449837053447,25,1.0129799348213788
24144,8.86325002832634,1.8994802132097717,14.400065333391984,457,62.901672850117144,27,2.329691587041376
24145,9.197973836818063,2.104153735718422,11.472027144509683,392,35.19081257321142,29,1.2134762956279799
24146,8.779308705771253,1.7500308912650009,11.6814965413647,353,37.715634624663224,27,1.3968753564690084
24147,9.06893462457791,1.6974467458935543,15.17569406745935,440,62.213615414950496,26,2.3928313621134807
24150,9.028328541932,1.6146987753038458,17.1582648630263,484,21.94207412976648,24,0.9142530887402699
24151,8.995975813286814,1.8261636037525137,15.214731637629745,472,35.186477146168144,28,1.2566598980774337
24153,8.9772489430732,1.7534552889060946,14.639194701647908,460,48.97874213002297,26,1.8837977742316527
24155,9.122496782689243,1.4968956115537342,17.347597232784103,476,24.909662833291875,24,1.0379026180538282
24156,9.267105370940177,2.0128697588470588,9.054840054826116,301,34.90742556930034,27,1.2928676136777904
24157,9.376776339976264,1.8740340510632993,4.063663017081277,128,15.517104499275499,26,0.5968117115105961
24158,9.012958612890573,1.8603445059586232,13.557847757086908,451,41.475098120698924,28,1.4812535043106758
24159,8.964124561096481,1.7569177698556733,14.056740859226405,436,27.56835895237381,27,1.0210503315694004
24160,8.68070107393637,1.5236609856143593,16.99815840203764,476,60.67743192992411,25,2.4270972771969643
24161,8.732871701262583,1.7786649571507982,13.904798306898734,431,36.892152354886086,26,1.418928936726388
24162,9.02158989995218,1.8777097637750246,14.052917574174062,451,25.69798674195737,28,0.9177852407841918
24163,8.795978629138576,1.6905461300846985,14.9284853400677,446,23.90000358585144,26,0.9192309071481323
24164,8.699740742635607,1.7268846497899901,15.43021254708807,474,35.1612467115104,26,1.3523556427504
24165,8.960455261328415,1.6393282578709383,18.304409435107225,521,25.672264816039572,25,1.0268905926415828
24166,8.97267715393301,2.049148518568743,5.784520058566514,197,56.62669666514016,29,1.95264471259104
24167,9.15156064346811,1.8628744472017689,11.778004629134196,373,44.609987423791125,28,1.5932138365639688
24168,8.820646543184985,1.5602705267989694,15.44449620230995,434,21.7124085100119,24,0.9046836879171626
24169,9.017973882606846,1.9603581176019595,13.335438389752007,431,78.05899445769145,28,2.7878212306318377
24170,8.843293274605111,1.8642851722018374,12.44571041039195,387,40.75761074145481,28,1.4556289550519577
24171,8.923118413745122,1.8762308255025404,8.54848392398791,279,53.1198892882255,26,2.04307266493175
24172,9.142804190379392,2.018181072690972,10.634820396818128,352,49.28305733563067,30,1.6427685778543557
24173,8.867936275619664,1.633781778873268,12.089161507913252,349,31.89763066148313,24,1.3290679442284639
24174,8.768143781284827,1.5103159370425996,15.425882737367656,429,54.48458565071312,24,2.2701910687797136
24175,8.76711574006594,1.9679534322865768,11.552552176271472,379,34.58908462356666,28,1.2353244508416665
24176,8.83868234465809,1.8335280396725686,14.363929709466527,436,30.119695693630923,26,1.1584498343704202
24177,8.680862612636817,1.8345144190135845,12.045082507548024,371,46.81682285785743,28,1.6720293877806225
24178,9.26900095529566,1.781493510156883,13.003403392653825,393,44.55241284423973,26,1.7135543401630666
24179,8.98831855836003,1.6617830178052913,16.75173514410304,491,30.175611386545256,25,1.2070244554618101
24185,8.799854883103109,2.0098772217868306,13.346521383510572,438,36.78457894874471,29,1.2684337568532658
24187,9.3262844738539,1.6845038859264532,18.351611561901173,543,19.104834447346622,25,0.7641933778938649
24188,9.027697131454952,1.4427135417658628,21.08862167879741,561,36.64108944002517,24,1.5267120600010486
24189,8.999314001436664,1.9689069162333286,16.119466538423925,535,42.444136140759255,29,1.4635909014054915
24190,8.790717349379486,1.9536311884676298,18.612689815185206,616,44.46628779929408,28,1.5880817071176456
24191,8.935140824733915,1.8582344600125542,15.21852783463367,502,57.93124002496537,28,2.0689728580344773
24192,8.893443239946661,1.670103394512114,19.105057722858906,570,27.447941623746274,25,1.097917664949851
24193,9.072056806804996,1.7640491095846753,16.95638428258281,522,39.020552661082085,26,1.5007904869646955
24194,8.831627984215515,1.5081231485756308,20.66730339291799,568,35.06357413803465,23,1.524503223392811
24195,8.792938725743605,1.6748435313330863,19.544084939511308,576,37.71769842680202,25,1.5087079370720808
24196,8.970174545272489,1.451854245714931,13.753148733265645,358,14.454605993519284,21,0.6883145711199659
24197,8.84999620408814,2.0561458225485287,6.482119099193183,211,41.92758225048676,28,1.4974136518030985
24200,8.796275432755841,1.8679449796342684,5.914529565710779,185,30.671439333288934,28,1.095408547617462
24201,9.261294687805291,1.7481743131994096,25.679717632015837,796,72.09119290954055,27,2.6700441818348355
24203,8.92832192971838,1.8881096821316272,37.34345799355926,1191,64.55598029858926,27,2.390962233281084
24204,8.644218994737193,1.8105458673996357,16.82769401369939,514,34.54050434992575,26,1.3284809365356056
24206,8.935295742553636,1.611821880570778,8.975270506998214,253,27.425378565410433,23,1.192407763713497
24207,8.576069485259026,1.747432692948027,18.703781265525325,565,49.36549292494861,26,1.8986728048057158
24208,8.774318023323202,1.7990411424494164,19.904426263702543,611,84.54773553247449,26,3.2518359820182496
24210,8.867537645676345,1.909071104320673,10.823239923215581,345,33.63517307478731,27,1.2457471509180484
24211,8.601839546432654,1.861092362182881,11.140988410506452,355,62.77938561421543,27,2.325162430156127
24213,8.695584119711555,1.8143608144557486,56.40815258082156,1746,72.50857111099918,27,2.6855026337407106
24214,8.946445213407182,1.768765047083885,45.67320425805364,1389,196.3972893118482,27,7.2739736782166
24215,8.860953779821141,1.7905222276575585,60.66716401389061,1861,50.6555355975938,27,1.8761309480590296
24216,8.795016824929135,1.7894221604336704,63.57523621539476,1945,61.18149940885673,27,2.2659814595872865
24217,8.924872657907393,1.7019333384590765,61.96687046014145,1825,50.04555622526005,25,2.001822249010402
24218,9.042203243111867,1.8878362387517509,55.50584673083073,1751,80.83067353648472,28,2.886809769160169
24219,8.945515476284038,1.843768977965045,41.15895764817064,1280,43.05049218585299,27,1.5944626735501106
24220,8.792700608044013,1.79345108738512,16.77790948051445,528,26.838089644736403,28,0.9585032015977287
24222,8.962525723219704,1.7093688207629827,44.12027720479115,1312,53.23066458342942,26,2.0473332532088238
24223,9.039682503294493,1.8876400115251317,22.290953163995038,707,53.24987885157643,30,1.7749959617192144
24224,9.034624634927903,1.7251207855890909,42.74354243129284,1296,46.070988504611485,26,1.771961096331211
24225,8.821887213975586,1.8446943228359618,16.016866071691425,511,31.97963004327034,27,1.184430742343346
24226,8.841308998805953,1.79021224488976,47.1817231314521,1446,60.4524285378822,25,2.418097141515288
24227,8.885166853358612,1.5917799909766104,60.54500912417416,1746,47.237028953054164,25,1.8894811581221667
24228,8.756300917528655,1.8451112973699884,40.776945488442195,1294,52.7342311867282,27,1.953119673582526
24229,8.860543809980598,1.8475125904000704,27.871451509093465,903,61.48157947166025,26,2.364676133525394
24230,8.90592948603387,1.7084660808509287,15.552978925497243,467,33.17607296853125,25,1.32704291874125
24232,8.99981428041184,1.7433230896233383,20.308120701228667,616,31.982932446555942,27,1.184553053576146
24233,8.700512506458482,1.7791530437681737,18.89026936756819,582,53.866502888729244,27,1.9950556625455276
24234,8.94114034091672,1.73199955748642,20.389650030620484,603,55.55270478630658,25,2.222108191452263
24236,8.961902986659094,1.8031839922244388,45.70077584128254,1412,60.95409242002909,27,2.257558978519596
24237,8.817959503305614,1.6107298009897761,45.50383929804816,1297,38.55935658263615,25,1.542374263305446
24238,8.817870595174208,1.7550612037830307,50.903735251092215,1543,53.48330236165707,26,2.057050090832964
24239,8.715489042331749,1.770680907522977,49.043414521818306,1467,55.11298467145121,26,2.1197301796712003
24240,8.90248564132232,1.7823420010273259,50.20482820740557,1553,123.21702795186293,27,4.5635936278467755
24241,9.097749005441436,1.735783094887218,25.220275321452135,766,44.07169869040198,25,1.7628679476160791
24243,8.764247698020617,1.8912450515347317,24.28939749683396,786,41.3821938197606,27,1.5326738451763187
24244,8.730001577412962,1.6932017578943863,30.582491481792086,901,40.0843858667381,26,1.5417071487206964
24245,9.008414656522845,2.0114355936408357,26.901321199179314,887,44.98218994067475,28,1.606506783595527
24246,8.801363102834301,1.780741165709961,28.817086737160047,884,107.9313662676688,27,3.9974580099136596
24247,8.97135006608366,1.7505415595068567,26.053715883104008,782,45.185741270641024,27,1.6735459729867046
24248,8.90484772626217,1.7757857379764086,27.595741159448544,857,38.62320160237917,26,1.4855077539376604
24250,8.891737793843046,1.8159143770152935,55.46670892494678,1713,57.30871606568133,27,2.1225450394696788
24251,8.871678498163195,1.863132173485837,61.26960601712801,1923,310.3992919457382,28,11.085688998062079
24252,8.870623532536754,1.7509436446771787,60.96171946385661,1842,186.80450370811883,27,6.9186853225229195
24253,8.961048799096881,1.7858635672533234,64.22353237096881,1928,79.63821025419374,27,2.949563342747916
24254,8.872779670167148,1.8909932872719393,60.34211356144116,1923,370.42960298052344,29,12.773434585535291
24255,8.782385716746239,1.7951320022051758,59.19013213273566,1814,64.2861436642865,26,2.4725439870879424
24257,9.011484427522799,1.9177789601425803,40.70566663244132,1337,153.2171358745835,29,5.283349512916673
24258,8.957571706985501,1.7503951660683348,44.264807170078655,1313,36.94295047704698,26,1.420882710655653
24259,8.95938538465818,1.7289732865577385,43.64979764569318,1311,90.69872790535803,26,3.4884126117445393
24260,9.047482445202546,1.8096162941134546,39.519713453798005,1243,70.89690607686094,27,2.625811336180035
24261,8.944421586059002,1.5207312575069778,35.78116851714613,980,39.97968775980759,22,1.8172585345367087
24262,8.796623521353602,1.7743084678895582,37.01907238692034,1121,58.43404363949894,26,2.2474632169038053
24263,8.939884791680106,1.7356209454550817,28.84309056974516,858,48.25249956558844,27,1.7871296135403125
24264,9.017941367958331,1.8503958997565892,14.924160347411702,474,53.5047863426551,27,1.9816587534316705
24266,8.9899955683198,1.893556516756439,37.42334456618267,1205,59.01176562081583,28,2.1075630578862796
24267,9.08757465107703,1.8605402465503973,19.14044126334443,610,41.15097650951152,28,1.4696777324825543
24268,8.81515106974336,1.9667329695800198,17.625189600663344,582,38.598569225211804,29,1.3309851456969588
24269,8.761778593082264,1.7581217632284258,16.766829793092384,512,22.593126931151836,27,0.8367824789315494
24270,8.80052676150936,1.817187414453609,46.17750134332199,1450,182.57081555569718,28,6.520386269846328
24271,9.106320643852655,1.8348935599521938,45.72459697019279,1423,53.769625623431935,27,1.9914676156826643
24273,8.907927002393452,1.7969571335657075,53.14756356953498,1630,135.90965819906612,27,5.033691044409856
24274,9.103592654404443,1.8246064437770977,49.26371867312239,1523,51.741027214047655,27,1.9163343412610243
24275,8.917056311716866,1.9024955816500704,48.2528268764468,1536,137.4228818380373,29,4.738720063380597
24276,8.819781205671388,1.603754030627876,28.012920512805596,808,24.347656002566378,25,0.9739062401026551
24277,9.07303475406803,1.6428942270576326,31.59123369783704,918,31.785711478686224,25,1.271428459147449
24278,8.943791840418413,1.7869815840320984,33.21823097617649,1013,37.91534020813281,27,1.4042718595604744
24279,8.932004262715877,1.8315875311970315,31.0870612669456,968,42.79460193704319,27,1.5849852569275256
24280,8.946502104852563,1.7223477343596922,31.496734055927455,936,46.99066189451712,26,1.8073331497891199
24281,8.788630148546757,1.854285305169624,33.13875204256492,1028,39.67111285713494,28,1.4168254591833909
24282,8.735910055620248,1.742189940273759,36.17410079027307,1077,53.6250970719326,26,2.0625037335358694
24283,8.84618618001314,1.8612964554194076,31.806566116272375,1007,66.94553820420924,27,2.4794643779336756
24310,8.80053325962846,1.8421018613663154,26.629410380081012,825,30.29594785762466,27,1.1220721428749874
24311,8.779589437290149,1.7386002820334427,28.451928375629386,853,73.73725278583636,27,2.7310093624383835
24312,8.854291617200996,1.708037102698065,30.897524593442064,924,39.613689560306646,27,1.4671736874187646
24313,8.893299842952645,1.6783654365798324,40.52098957733928,1183,112.0304830642461,26,4.308864733240235
24314,8.714982831527161,1.8086156847271886,25.162900267593702,790,80.65880671646701,29,2.7813381626367937
24315,9.099961309539683,1.8263573246367553,23.574422063465608,709,40.89471667180629,27,1.5146191359928256
24316,8.837051578329639,1.9311127480134416,24.194300935615846,766,72.84130231297328,29,2.511769045274941
24317,8.796540758767472,1.9619873484216421,25.991772374777483,828,59.27396939789667,28,2.1169274784963097
24318,8.655160669556254,1.8844013563187478,4.079866024871534,130,32.31404944596728,27,1.1968166461469363
24322,9.200190796872409,1.6936736193347606,31.36556089201607,928,102.40114263729134,26,3.938505486049667
24323,8.426268892205279,1.842487998821809,17.7322523580262,542,35.0179415103979,27,1.2969607966814036
24324,8.89695732756011,1.7031526743302081,31.2387628787246,934,35.35614735375685,26,1.3598518212983406
24325,8.801426513247051,1.8001843244108011,29.862083304173183,929,51.74652270917667,27,1.9165378781176545
24326,9.042427357478964,1.6860709112243857,27.81017237878223,832,41.56994077133215,26,1.5988438758204673
24327,8.869392849445543,1.6926867712378997,28.719885327668646,865,50.36591665975095,27,1.8654043207315167
24328,9.101155856164995,1.8752732532672214,28.86482788658831,923,51.42711251938852,27,1.9047078710884637
24329,9.126976045999857,1.8842363477852206,26.441002397739865,855,90.81085585846635,29,3.1314088227057364
24330,9.02592275076223,1.8938011138006414,22.124085024366988,711,31.118379989639546,28,1.111370713915698
24331,9.063061011714048,1.750070205932708,11.769885968059167,354,52.61055161707267,26,2.023482754502795
24332,8.614629961930484,1.7254939336539938,9.402484045378568,280,28.639594613562707,26,1.1015228697524118
24335,9.685793919486354,2.256431977549,2.09333978063069,72,15.144814663057652,24,0.6310339442940688
24336,8.8743691519887,1.5903669555527704,23.866193347844884,655,38.949272527960986,25,1.5579709011184395
24337,8.937064635021459,1.7777087934197982,25.573272947221785,759,39.22576864638046,26,1.5086834094761714
24338,8.864492759758575,1.7949534558419857,28.26478391798504,840,56.01246548594254,27,2.074535758738613
24339,8.869864361383966,1.7742065996211231,24.86962978450452,760,58.18181711762349,26,2.2377621968316728
24342,8.9437345058221,1.8165622290503507,32.19425091324196,988,44.64655457654695,26,1.7171751760210365
24343,8.97040876282218,1.9338107343720237,26.730345698934812,854,32.704802580582694,28,1.168028663592239
24344,8.940304366627194,1.8485879560375533,28.60280089235201,906,56.337615835294685,27,2.0865783642701734
24345,8.94186242997481,1.693881256291398,34.396648047519534,1006,30.383226332508727,25,1.2153290533003491
24346,8.88417097439567,1.8833080995696356,31.85743664481239,989,41.78333567829607,27,1.5475309510480026
24347,8.868060919255383,1.904147066454896,30.742513554262043,998,42.77071968146047,29,1.4748524028089818
24348,8.936902149663817,1.8657071427347076,29.90364812748246,928,57.331845065491464,28,2.0475658951961235
24349,9.031382792698633,2.1751229182805885,9.419640431895735,339,41.88335341394087,31,1.3510759165787376
24352,8.803554978335928,1.7228949280496382,23.620184707604746,701,70.61022783607822,27,2.6151936235584525
24353,9.051411128612786,2.022351386839876,21.770745305395497,735,82.87660912533337,30,2.7625536375111124
24354,8.855296133059362,1.9223098577485274,21.58862395238768,689,40.36250846477873,27,1.4949077209177306
24355,8.748320417054618,1.803706511395273,21.962455270508357,651,62.08833880759714,27,2.299568103985079
24356,9.181957611612,1.6672597061983891,19.542008905937596,577,49.032929107406794,26,1.885881888746415
24357,8.880233246079621,1.9247290376278448,17.927382150781597,570,47.83369765988758,28,1.7083463449959848
24359,9.203011685876433,1.905849216605504,16.550332481370685,527,44.270994063624535,28,1.5811069308437333
24360,8.567915258716058,1.7520539347958801,22.52786688405313,682,27.59917604302074,26,1.0615067708854131
24363,8.732386392145436,1.8500427373494657,12.085675553841,383,38.100411184029234,28,1.360728970858187
24364,9.045561734481131,2.080733806411811,12.213081846181574,426,25.503571797544392,31,0.8226958644369159
24365,8.741019657066774,1.8737849420522383,15.081660467416254,474,43.952252555739115,27,1.6278612057681154
24366,9.16816747077682,1.7245033156638638,15.18319356875778,444,52.722341974323,27,1.9526793323823333
24367,8.563229947253502,1.7106347711712409,11.875429363200745,363,39.783085077489744,25,1.5913234030995898
24368,8.906726964985767,1.5437566769989441,17.37629457751976,492,45.96608362252742,24,1.915253484271976
24369,8.791503081399075,1.6830339838488602,12.908968851727787,396,27.246666949757344,25,1.0898666779902937
24370,8.52425441913565,1.5779243705754598,13.860482535085078,396,18.542761914593356,24,0.7726150797747232
24371,8.776344085496563,1.8676056464995412,14.20756376020162,449,35.09292031710289,27,1.2997377895223292
24372,8.983026367077368,1.6117790847571527,12.746684911064513,360,27.136195444782114,24,1.1306748101992548
24376,9.040472830234961,1.827909572368896,16.769478989325275,512,36.693820745244125,27,1.3590303979720046
24377,8.826267017183993,1.8106550220132507,23.925155654328393,734,34.317574875006486,27,1.2710212916669068
24378,8.756350057849987,1.9840125108292284,20.23147051258966,677,63.43961065979764,29,2.1875727813723325
24379,8.922559161081502,1.8044465530682334,26.744226680245085,824,68.21209724756008,28,2.436146330270003
24380,9.01225017690249,1.7333304679965587,26.20606182540573,792,32.974607630115116,26,1.2682541396198121
24381,8.791058503340144,1.7589937067374164,29.30570609832827,876,84.5097398132541,28,3.0182049933305035
24382,8.977554917302768,1.89703183780838,25.58899473206117,828,49.15858478419588,27,1.820688325340588
24383,8.853578085363388,1.811829621522528,28.09699532152121,839,48.09877376403459,26,1.8499528370782534
24384,9.2161620226204,1.9118350217465105,11.378347794714955,348,53.811313388516055,27,1.993011606982076
24385,9.06110090551745,2.0398189589496036,10.74965130692537,360,42.042947234342165,29,1.4497568011842126
24386,8.86182550776848,1.8164219737269829,34.85435523314119,1088,34.40680378595911,27,1.2743260661466338
24387,9.010715943940681,1.7596639597919792,30.940834560424083,937,57.76405785919793,26,2.2216945330460742
24388,8.903013711834076,1.848016733073536,33.04564934208421,1014,50.269203562276324,27,1.8618223541583825
24389,8.86874586563032,1.7328267595519047,25.992518368706374,787,47.6100424190717,26,1.831155477656604
24390,8.847069226083871,1.9022994933394521,25.8214234283748,825,42.90912247021911,27,1.5892267581562634
24396,8.930493394080818,1.9043525476913163,28.245632664403185,929,38.14193783474971,29,1.3152392356810245
24397,8.80663038205447,1.7188017755291514,30.461694012614686,917,35.24614723219787,26,1.3556210473922259
24398,9.020543364837975,1.5161419779210554,21.120471280936133,578,29.74203024810914,24,1.2392512603378807
24399,8.733769280172307,1.8011316661598116,7.603299581947572,232,54.92555926155371,26,2.112521510059758
24400,8.786161624938803,1.7122847911174004,18.670614697908192,544,61.02503450430266,26,2.3471167117039484
24401,9.207118699907904,1.8788767796055108,20.117740252685905,635,42.22935342154621,27,1.5640501267239335
24402,8.901662873802348,1.735727395961408,26.308569468277103,792,43.91357578848365,27,1.6264287329068017
24404,9.119157569640205,1.8828720204411715,29.621393762178005,948,27.297573912720747,28,0.974913354025741
24405,8.75866526355107,1.6527003064295924,13.565532641450668,409,31.844064765228072,26,1.2247717217395413
24406,8.779222828431761,1.7491321871444734,24.72453139102561,743,34.652033673539364,27,1.283408654575532
24407,8.688873192654425,1.8226638020668284,23.63005333241106,730,63.388570459327255,28,2.263877516404545
24408,9.002775636468352,1.9757265503130328,21.082806438494384,696,43.497479853622536,29,1.4999130984007771
24409,9.149169116186693,1.8631301192560659,21.82493956403478,693,43.45640172325892,28,1.5520143472592471
24410,8.830001735832084,1.7690791434348143,22.22342161964415,665,30.09071009960957,26,1.1573350038311374
24411,9.010578090526744,1.7521490806924618,10.29713855440444,322,25.86424046381101,26,0.9947784793773466
24412,8.607714151700026,1.7964203118040947,13.040537914248995,402,41.79833027426264,26,1.60762808747164
24413,8.819302540066959,1.3380000827530942,16.488154938646232,415,15.912574769351073,23,0.6918510769283075
24414,8.54198986793827,1.802238374531068,14.341384494585004,452,33.792946690735704,27,1.2515906181753964
24415,9.081114165314187,1.173917276789456,5.021897412884115,119,18.46765220477265,19,0.9719816949880343
24416,8.754773728533241,1.705080138353625,24.39403258836974,722,35.202184750902866,25,1.4080873900361146
24417,8.689880069831416,1.7678754969934405,27.975937527577685,848,40.543351271436265,26,1.5593596642860101
24418,8.910425253351173,2.041037225611485,24.85502399811737,849,56.462274593428226,30,1.8820758197809409
24419,9.19564622290868,1.835525662100966,26.379805754323115,803,26.324935809511707,28,0.9401762789111324
24421,9.412474123497903,1.6225928744534068,4.383441484412789,122,26.897679679982915,23,1.1694643339123005
24422,8.98349036651118,1.8592507825462334,16.82332650129391,524,31.722552345990074,27,1.1749093461477804
24423,9.343070359256945,1.9664844503139993,11.027065281536908,361,54.25176569776856,30,1.8083921899256188
24424,8.687024050325338,1.772399962369159,29.45944484895099,895,35.196512133195846,26,1.3537120051229172
24425,8.9281503559013,1.8631608704444251,32.380657820319776,1002,59.646695781073014,27,2.209136880780482
24426,8.83440975126247,2.100413842015004,17.02825866325324,577,52.97305054829115,30,1.765768351609705
24427,8.847300913455042,1.8007220829271748,8.878785625873286,275,27.540300627469414,27,1.020011134350719
24428,8.899592579267068,1.6387982713878781,14.788588008082469,412,35.249373114604516,26,1.3557451197924815
24429,8.67796336004613,1.7354791202409412,14.863681405192596,438,42.53633603712473,26,1.6360129245047972
24430,9.054472567279294,1.9591735928607423,12.082181827023806,396,53.42029970015005,30,1.7806766566716685
24431,8.797039102311722,1.9408410983390536,12.77969395447557,420,38.02150011083603,28,1.3579107182441439
24432,9.31589931156904,1.6129479921336773,12.806036388363797,364,34.77375054239173,25,1.3909500216956692
24433,8.945542219004146,1.815467891792975,15.754740577321082,488,69.51243423913105,27,2.5745346014492982
24434,8.999785580243879,1.9101140747816008,14.532613020523867,469,36.21482311863815,26,1.3928778122553136
24435,8.751522731177907,1.8733927551059948,12.497957845167669,396,30.985843881331014,28,1.1066372814761076
24436,9.092390911044859,1.848262522951281,13.976518432833998,438,37.032025330086626,26,1.4243086665417932
24437,8.981821658763886,1.9341127663040556,14.640531427111819,467,47.23288549839101,27,1.7493661295700376
24442,8.604585037441455,1.8480479842366075,15.019601741843092,463,30.559742839586274,27,1.1318423273920841
24443,8.818297211169531,2.0591102989426653,13.197810295347407,440,42.50372838174749,31,1.3710880123144353
24444,8.949207853138677,1.7229854024810602,14.261437206613666,421,22.6337112478448,25,0.905348449913792
24445,8.790267512812822,1.272372805634346,2.5259516898151935,58,11.291848234776213,12,0.9409873528980177
24446,8.721463597321153,1.399105368705741,8.70116893478924,218,58.9393130676768,23,2.5625788290294262
24447,9.046772528130903,1.9433063409442695,13.47865765884253,446,41.02712991544716,29,1.4147286177740401
24448,9.287043573533973,1.8725124521621357,4.679160669885067,151,17.77069903748565,27,0.6581740384253943
24449,9.333725229859068,1.8610671013172275,14.861933205734513,462,27.38253559739846,26,1.0531744460537869
24450,8.927293899606536,1.7402374118132677,15.358291133114621,475,33.160812555831875,27,1.228178242808588
24451,9.090251766480817,1.7362648774666096,15.472362638754861,467,43.99780347861052,25,1.7599121391444208
24452,8.986295407256954,1.7113212283774901,16.334654862736414,492,51.30377242323519,26,1.9732220162782765
24453,8.557235919742803,1.6372134666835794,15.8663457275843,471,44.38295048539166,25,1.7753180194156664
24454,9.05440282030317,2.05998911307704,6.68163470651882,235,41.129468090403456,30,1.3709822696801153
24460,9.06175596158754,1.7883507947368538,11.843355860828149,344,29.136960427209416,26,1.1206523241234392
24461,8.61327769721706,2.0185035402148674,3.5032888982692327,116,21.86624637340084,27,0.8098609767926237
24463,8.485109719615185,1.7076245124184468,8.544020783992773,258,63.0179545496417,25,2.520718181985668
24464,9.036972488205043,2.01984563769871,10.209787693529154,335,49.83803646031248,29,1.7185529813900855
24469,8.98302085089412,1.8360370605301919,12.574736940588362,388,34.025569668692604,28,1.2151989167390216
24470,8.962135397363086,1.603609104257446,12.755712451806442,369,60.36492107692126,26,2.321727733727741
24471,8.754340089561707,1.7568684861197403,14.091243063809712,421,25.110800245074792,27,0.9300296387064738
24472,9.196961027712687,1.8400951147429632,8.427829047809537,265,38.38953235945308,26,1.4765204753635799
24473,9.062128295251176,1.731267667159724,4.053674539260249,123,19.451636346379722,25,0.7780654538551889
24474,8.877052022219907,1.9451154462751221,14.82961632852606,476,23.364855287710327,29,0.8056846650934596
24475,8.874615754170069,1.7523785406058947,14.12380177730074,422,35.454808725438134,26,1.3636464894399283
24476,9.056569065555136,1.6887905258432665,12.676511038243973,370,35.90659923243303,26,1.3810230474012704
24477,8.735507500512469,1.8533328492930012,12.420327982988876,373,33.93641512143838,26,1.3052467354399377
24478,8.793942972116458,1.807457585859929,14.784380005544174,465,36.93905295271057,27,1.3681130723226136
24479,8.577535138220401,1.6966396049364405,12.887905272392935,384,48.83556608132943,26,1.878291003128055
24480,8.827425778191476,1.3553414357575841,6.907994944262145,176,26.275870289140634,22,1.1943577404154835
24485,8.594435058730644,1.9539380423401318,5.912189543408086,182,38.74022509450322,29,1.3358698308449386
24486,8.751801688291781,1.5353809809568288,9.51542404534722,263,21.417682186834362,24,0.8924034244514317
24487,8.537242193856573,1.864029838501823,8.352914138318527,256,31.21193182001733,27,1.1559974748154567
24488,8.528729800858152,1.78315385240555,7.936194341320049,247,32.682927024472775,27,1.2104787786841769
24489,8.834730728584512,2.031429523455484,7.023578374801635,223,29.77461616424602,29,1.02671090221538
24490,8.884291324439332,1.8883201590823222,8.168334122089165,254,30.795992963149402,28,1.09985689154105
24491,8.79655727196342,1.8472051812192838,7.191297110109929,224,35.897646356145636,27,1.3295424576350234
24492,8.867219817254957,1.9891758405759745,7.534274043508355,245,39.900443852081665,28,1.4250158518600595
24493,8.873345523473777,1.7401298483229155,8.562765849112907,258,22.41534019373702,26,0.8621284689898854
24494,8.916785738529896,1.4101817020541831,8.742867889519204,232,12.588318115939398,23,0.5473181789538869
24499,8.830492478743237,1.7586171727412323,10.294252078780792,317,18.3090791171972,27,0.6781140413776741
24500,8.776145419854124,1.8836199046705364,11.339792764134748,360,45.76918057846123,29,1.5782476061538355
24501,9.158646788842397,2.0199175587706786,11.641242890267035,379,39.039395036846265,28,1.3942641084587952
24502,9.352098443434583,1.6790653264339284,14.897915880360642,445,37.4489761641534,26,1.4403452370828231
24503,8.573176199739088,1.916074316271258,13.885183752429006,432,30.59600525142462,26,1.1767694327471008
24504,8.701988997276734,1.9455401158329224,12.688688243382119,410,63.595912317854456,29,2.192962493719119
24505,8.918138356015126,1.8442421567966456,14.095633270952844,426,55.21171075736198,26,2.1235273368216143
24506,8.918549054719028,1.799515982781406,14.262514408577347,446,28.039348938487827,26,1.0784364976341472
24507,8.793366406848305,1.8300453234611846,12.01747745253714,382,26.453156323580938,28,0.9447555829850335
24508,8.728406782894114,1.9770712272345312,8.924686198742366,298,34.312621466480834,28,1.2254507666600298
24509,8.994807205515988,1.8758216547440174,12.926343464633897,427,38.53417967837824,29,1.3287648164958012
24510,8.939857072380716,1.9083768661521805,13.733000527694326,426,56.60251185907956,29,1.9518107537613643
24511,8.922438210040033,1.7715363137870215,16.570819063034843,507,29.68217441235625,26,1.1416220927829328
24512,9.371478246281347,1.44360864706383,8.618457266282624,235,20.844679328312868,22,0.9474854240142213
24513,8.80517887479487,1.955148436557663,9.622627916550236,322,27.792144095116598,29,0.958349796383331
24514,8.858897575033534,1.9322552430270008,11.527728235252937,373,33.455363555995454,27,1.2390875391109428
24515,8.51256837075879,1.972681462310109,12.073210262891964,387,62.5606343577932,28,2.2343083699211856
24516,8.872328743794746,1.840513466490387,12.094920818278093,377,45.79251253157264,26,1.761250481983563
24517,8.460578878660218,1.9466718860839447,8.533679750798102,275,40.469615406187984,29,1.3955039795237236
24521,8.793071793238605,1.8404230184774326,12.050211883547574,387,39.72609697698335,28,1.4187891777494053
24522,8.551301980018334,1.7870963184348676,13.805337571901193,422,27.87781132864849,27,1.032511530690685
24523,9.009917634190955,1.9680990154197442,9.983080381086866,343,29.468712321423606,28,1.0524540114794145
24524,8.804259456451344,1.7527265154073612,12.410715505380221,384,32.70036456627731,27,1.2111246135658262
24525,9.186471518123351,1.5989180178714737,5.798634327127469,158,10.854452227857374,24,0.4522688428273906
24526,8.811087655322737,1.9639719240265145,10.405430400979537,341,48.06945385903382,29,1.6575673744494421
24527,9.186300739538703,1.5667682324273227,12.038119408461268,329,46.487210044860895,24,1.9369670852025374
24528,9.000055119312249,1.863939150610472,8.829411041431944,284,75.12955255277588,29,2.590674225957789
24529,9.06870264729486,1.846501042893928,12.425885816938182,387,31.748108147187857,27,1.175855857303254
24530,8.810046780596108,1.684488069580907,12.214409103743103,353,19.55052649355139,27,0.7240935738352368
24531,9.137086458225337,1.8751005776867462,10.549794272985004,327,45.424910229428946,28,1.622318222479605
24532,8.373109759446786,1.570225728259199,11.27155177975004,321,35.08784663482278,25,1.4035138653929113
24533,9.078552758473398,1.970820861493212,11.460423092319118,367,38.74213845062558,27,1.4348940166898363
24534,9.086535122641896,1.6926594620143252,12.229789419767462,355,38.890017822716615,27,1.4403710304709858
24535,8.817695470855645,1.753609167551956,11.458488190843589,338,38.04185767839564,25,1.5216743071358254
24536,8.011513309021987,1.9584052082859789,0.47383274911816714,12,6.748064197716391,7,0.9640091711023416
24553,0.7903780195852514,0.042234410004837006,1.0012668099851039,60,,,
24554,2.84,0.05040473430991815,6.493739569441096,33,,,
24556,8.674748132553125,1.7734802597259678,1.9263674709723733,57,18.236560305920346,23,0.7928939263443628
24557,9.480966447599913,2.4664708937900044,1.5322927894135905,50,13.28356128601606,29,0.45805383744882966
24558,-59.69051956233869,13.936407351295049,1489.2835602175742,53,,,
24559,5.082499999592291,0.20678010087312948,1.214146396500246,45,2.1441390811742327,2,1.0720695405871163
24560,0.9806009417094451,0.28249418476408034,0.6174547493047592,59,,,
24561,2.8991352887839814,2.0686208831765645,0.45117958804525016,65,5.584823757941308,4,1.396205939485327
24562,8.77914556705101,2.7209242584506343,2.2078887900795716,76,17.92386377814448,35,0.5121103936612709
24563,-168.3204346975828,19.371421073519954,5683933647904380.0,10,,,
24564,0.009946525729334405,0.1334389895804938,0.6338312063323981,40,,,
24566,4.160851804979199,0.8185427411233374,0.5067901960732136,46,2.953909987515268,3,0.9846366625050894
24567,4.887499999996487,-0.2067719878105874,1.2141702126169278,45,,,
24568,7.61493111298082,2.1842944739510086,0.9538894481790773,30,8.535998702601068,18,0.4742221501445038
24569,9.577571067466286,1.8214493597311416,0.7155839003151511,20,9.48486463583287,12,0.7904053863194059
24570,8.965828033651757,2.5844220718908755,1.9946194225069562,69,17.137551123400048,35,0.4896443178114299
24578,0.0,1.0,0.0,9,,,
24582,9.831928013120866,2.509701226779553,0.763661946270682,24,9.786627044316388,15,0.6524418029544259
24583,0.0,1.0,0.0,7,,,
24584,0.005649843554276979,0.03389906132566188,0.0,17,,,
24589,1.6371545636686111,2.9782037815809863,0.16772728943523796,43,3.0027917781623654,1,3.0027917781623654
24590,9.270065643510405,-1.7661121559244313,1.9798295140004283,58,19.419588565939772,26,0.7469072525361451
24591,0.9911704121488263,0.04232996497881186,1.003777855046885,56,,,
24592,0.6949999966367328,0.06706526131971006,2.8768005911592267,50,2.0000000199135304,1,2.0000000199135304
24593,0.02182791499628622,0.19766012778207587,-4.4474974592034755e-08,32,,,
24594,0.987498875655712,0.15908902042891296,2.029929793966685,28,1.004023832401766,1,1.004023832401766
24595,8.230818118649106,-0.9034564128909425,1.7089991729756475,36,8.255972170488318,14,0.5897122978920227
24596,3.4739852878873685,0.6833095625840068,0.49497067650890986,71,,,
24597,9.296018677593972,2.7260312842384535,2.625146818024228,91,26.777584821243593,38,0.7046732847695683
24598,3.5305170127289887,1.0195739016058403,0.326014743621823,39,3.2955558271140433,2,1.6477779135570216
24599,0.0,1.0,0.0,30,,,
24600,0.06271531234951237,0.528448648608329,1.1215902873118466e-08,48,,,
24601,0.06045448211932443,0.4643596540324562,-1.196660738424098e-15,49,,,
24602,4.108024100348634,0.5500465035644497,0.7838909890505897,65,3.4452243063948296,3,1.14840810213161
24603,0.9872854992695517,0.2071393842260935,1.2133149069443572,68,5.143194377222491,3,1.7143981257408303
24604,8.412987325103673,2.3349896732686313,2.487890960716375,94,20.472762117191596,36,0.5686878365886554
24605,9.165076286268057,3.2634031773284664,2.5997815323987594,110,34.33777506786471,45,0.7630616681747714
24606,9.206075961972568,2.511560430576199,1.8612030897998026,62,15.873203559514812,34,0.46685892822102387
24607,-444.9276843477877,40.55206797914952,6.978868059388116e+25,48,5.63016697418348,3,1.8767223247278266
24608,0.8899999999995372,0.06888497606544107,2.722770555938812,41,2.0000000021569955,1,2.0000000021569955
24609,1.8562575743235201,0.04959302127065969,9.921391533594791,40,,,
24610,2.84,0.04973062836364251,6.833939955299786,41,,,
24611,9.07747636872968,1.525282240618156,7.186205339717254,195,27.69384446623481,22,1.2588111121015824
24612,8.978344621319135,1.7958054693876788,66.11419113942752,1970,50.831836943988705,27,1.8826606275551372
24613,8.763801402917927,1.8017350867023372,63.26743574751726,1918,54.863695427398106,27,2.0319887195332633
24614,8.863143735006439,1.9144649730449115,57.815457658282014,1836,74.59128395504632,29,2.5721132398291835
24615,8.78480281269382,1.8998561667271314,58.2474654028764,1849,262.03606338526305,29,9.03572632362976
24616,8.90757420793151,1.8562432548013972,61.13044550266359,1887,72.46667342425651,29,2.498850807732983
24617,8.814849190245521,1.8426335547259503,61.593998277505946,1904,167.4041647426949,28,5.97872016938196
24618,8.884509576406552,1.864757820950351,57.113792968569655,1743,58.20897844457727,28,2.0788920873063312
24619,8.68884596287301,1.6223492857777182,10.841083744334721,313,17.324173834336076,27,0.6416360679383731
24620,9.888621284262282,2.2795212909910445,1.9888182777678896,72,14.61075326875685,26,0.5619520487983404
24621,8.728632810824118,1.871508407668565,33.79932896896207,1078,36.69094303608991,28,1.310390822717497
24622,8.86711775247535,1.6408795433607894,15.605955003793252,460,27.585128367772718,25,1.1034051347109086
24627,8.890696117142806,1.7770221649319686,28.054397062554447,857,60.42418425095251,27,2.237932750035278
24628,8.933027179854287,1.9451424246422586,22.192123154493526,694,49.23641914193145,29,1.697807556618326
24629,8.844252614938151,1.7842855376163298,31.760273017000266,951,64.8725552204154,25,2.5949022088166163
24630,9.143401104021446,1.7721038830739415,25.99755374396321,782,80.89050744383628,27,2.995944720142085
24631,8.785149848012978,1.749522148076643,36.49001239673854,1118,44.011146995559,26,1.6927364229061155
24632,8.872725721735774,1.7767943888900601,35.8304653161948,1097,57.19714772256592,27,2.1184128786135528
24633,8.616901682252937,1.8582827489263867,10.071886331856863,318,24.907957147880555,27,0.9225169314029835
24634,8.779174768586698,1.9422207885040343,31.961731387943598,1024,42.943537394940634,28,1.5336977641050227
24635,9.004159791590585,1.7070395712718875,23.275180830018297,679,55.647656422041194,25,2.2259062568816477
24636,9.052291512370344,1.756146297364889,13.620182014248778,408,28.402642157083932,25,1.1361056862833572
24641,8.566611241292321,1.602221752123762,13.229792973906122,369,39.29660229774083,23,1.708547925988732
24642,9.033624322121403,1.7553231831425595,16.864326826689634,516,24.22237618604408,28,0.8650848637872885
24643,8.990161117199655,1.7995019360416065,13.641294174435858,420,40.82922154807303,26,1.5703546749258857
24646,8.878246313816001,1.7781378661215705,42.29901805876008,1280,51.30264144432601,27,1.9000978312713335
24647,9.042846378518789,1.8022152308322497,39.77215132205237,1202,81.75386229794616,27,3.0279208258498578
24648,8.99923643857126,1.891234775316673,32.953024376164876,1038,54.99665566739578,28,1.9641662738355634
24649,8.981865857087264,1.778514152416069,35.57136130181991,1081,50.72723923674325,27,1.8787866383978982
24650,9.061974477831932,1.9171418813704386,36.95348402855498,1169,42.47637433204332,28,1.5170133690015473
24651,9.217012843889329,1.723126123971514,16.37497317410564,483,31.354519766435622,26,1.2059430679398315
24654,8.90131924804405,1.5995889412736148,26.151420480484365,721,44.20734237968113,23,1.9220583643339622
24655,8.918303872898173,1.718052822183739,26.500050898174344,804,32.53923858127606,27,1.2051569844917058
24656,8.897377333146906,1.8686509281356714,26.04400696532385,805,66.53747293442062,28,2.3763383190864507
24657,9.041150750320597,1.7892968492677093,23.84609604199927,718,33.07363815864318,26,1.2720630061016607
24658,8.756790049861287,1.7648224162961952,24.264619331906385,737,68.48477320454862,27,2.5364730816499486
24659,8.952137068021777,1.8542308982685782,26.939520279958526,831,56.36534916978641,28,2.013048184635229
24660,9.011757576692805,1.7560563725925982,15.007155905038779,457,30.462480907877946,28,1.0879457467099267
24661,8.546969574419515,1.7718672352718532,24.90575070609814,742,33.935458272183666,27,1.2568688248956914
24662,8.724349833491932,2.0301973786154166,22.762017978256488,752,35.402908870017654,29,1.2207899610350916
24666,8.747412657291282,1.798774802787468,83.80435266312273,2546,94.07182014749422,27,3.4841414869442304
24667,8.940668573593854,1.677106631624579,59.47450492301129,1730,55.842743803809924,27,2.068249770511479
24668,8.73096539915168,1.8019819671342834,65.12499152828096,1989,214.74288927781663,28,7.669388902779166
24669,8.839915560976298,1.8349798917708784,65.41953367862192,2033,54.42244264100174,28,1.943658665750062
24670,8.844550676217738,1.775525984906068,58.554203495604916,1744,55.20825557404015,27,2.0447502064459315
24671,8.59774238801778,1.870446003336899,58.951618093293085,1864,52.993322155648315,29,1.827355936401666
24672,8.88138363317049,1.8507672920581437,49.33496749699456,1526,61.04172605880978,28,2.180061644957492
24673,8.8555340801253,1.724804986218883,19.79470946060522,592,45.48156743464127,27,1.6845024975793064
24674,9.082914280115142,1.9691537881012005,51.15241357658623,1678,85.74515537224514,29,2.9567294955946597
24675,8.823897327801188,1.7673524442541464,44.616291963744146,1349,54.315409403606324,26,2.0890542078310124
24676,8.572400600972019,1.8287077798244762,38.79723400948219,1189,48.18857176992632,28,1.7210204203545114
24677,8.853323748707465,1.8832832643409854,39.162866984526204,1252,47.91186594479626,27,1.7745135535109726
24678,8.904626789330614,1.7785761386002157,36.144986333734,1106,56.845414626276245,26,2.1863621010106247
24679,8.808333341719239,1.7440409297887898,38.90900195302138,1167,73.17719203737393,25,2.927087681494957
24680,8.976436912369698,1.8216313973425122,49.77729181722888,1553,125.0509577044902,28,4.466105632303221
24681,8.79227349764411,1.6962631195733149,30.467885053738435,888,37.189875308380856,25,1.4875950123352342
24682,8.988421217382864,1.8301233945911632,11.503851805992586,361,49.57359993767771,28,1.7704857120599182
24683,8.469545935199116,1.8763210477993468,10.994581279768273,347,46.4282700839698,29,1.6009748304817173
24684,9.038275573712127,1.6912140163780882,15.221617157053155,445,63.591617691566654,25,2.543664707662666
24685,9.119417187355937,1.8150675965525687,16.017201888565555,489,52.71233434700371,27,1.952308679518656
24686,9.486000413949895,1.8989548600797854,14.134363362504498,453,37.02906032622923,28,1.3224664402224724
24687,8.788900406373699,1.7752433442270288,25.678158026060224,781,33.18138604496945,26,1.2762071555757482
24688,9.032889164804214,1.7795780385993625,28.233465277541335,861,61.69133000019134,28,2.203261785721119
24690,8.938593116157111,1.6080379186921765,19.567619924370923,564,50.55527652018103,25,2.0222110608072414
24691,8.96365191749265,1.9258862928018319,13.16624869328102,416,29.107670663087045,27,1.0780618764106313
24692,8.748062575729323,1.850620216803037,16.450736425555284,521,56.86693460144522,26,2.1871897923632777
24693,8.847282869706376,1.6417459070494167,16.472773431032973,486,58.33085215080246,25,2.3332340860320984
24694,8.680678171671442,2.033711380141694,16.851973599552032,571,41.6315594234091,29,1.4355710146003138
24695,8.88001013214723,1.8224914647759796,20.287294585884094,632,46.147106764927855,26,1.7748887217279945
24696,9.084560934662775,1.9021527093029669,1.2736032726482893,38,6.439765685284416,19,0.33893503606760084
24697,9.166574549305146,1.8796575027395206,16.411830506847203,513,34.625575764631115,26,1.3317529140242736
24698,8.86978487621224,1.7310711955704248,17.18669205861892,524,51.456579665428706,27,1.9057992468677298
24699,8.823184705080932,1.8137701126543757,17.057852888813706,524,36.61181364517064,27,1.3559930979692831
24701,8.65628239209435,2.008149033046294,17.676031963084768,602,31.916568824702832,29,1.1005713387828562
24702,8.882633601247528,1.5451237456506137,13.648607621512237,398,42.72190558147848,25,1.7088762232591392
24703,9.130110471849498,1.9353475821682886,7.608441875820582,249,40.54542011064052,27,1.5016822263200194
24707,9.147399006198487,1.9622532091905007,8.162938717381468,268,32.523308048212954,27,1.204566964748628
24708,9.024286090501429,1.959459907135794,7.720615905424141,254,16.485020591162353,28,0.5887507353986555
24709,9.463562682310647,1.7167358253796172,8.906594086785327,264,61.015143402768416,25,2.4406057361107365
24710,9.048128306786289,1.7784584342910814,4.6643891322660584,140,24.914298454457345,26,0.9582422482483595
24713,8.919603207224611,1.7762736378663695,21.74647902135762,651,45.10964873431763,26,1.7349864897814473
24714,9.01596930283288,1.744183272128997,23.946342879879097,731,27.538987265676848,27,1.0199624913213647
24715,9.043089187223558,1.7332618680270326,21.95209506291537,674,70.0637905561292,26,2.6947611752357385
24716,9.00994113253413,1.7001182097972825,22.65352938133084,660,35.41937761872903,26,1.3622837545665012
24717,8.815481697054642,1.8243015548704504,21.092352790205144,653,55.71616408141372,26,2.1429293877466815
24718,8.695209162992178,1.7412661368183933,21.790745444468108,661,44.73432999059672,25,1.7893731996238689
24719,8.744275930139445,1.9039492358888463,18.069285752346225,573,41.486729280565754,27,1.5365455289098426
24720,8.981907368372308,1.7928631853038084,14.25512855081191,438,43.960979455936574,26,1.6908069021514067
24721,8.625175943385873,1.7310344608840003,14.047617539370528,431,42.28568167375829,26,1.6263723720676266
24722,9.148462245038614,1.6549847706331358,15.195861956764052,447,24.293225459464615,25,0.9717290183785846
24723,9.12023173066417,2.1164233490061903,11.653856861035772,403,61.37121985844442,29,2.1162489606360144
24724,9.07446590937499,1.7802492940643873,5.764685729787578,178,38.97164763040618,28,1.3918445582287922
24725,8.86409956083125,1.8106905366350496,6.047891026024503,190,22.632053196991222,28,0.8082876141782579
24726,9.349219257472143,1.7905429428568067,5.4930476152767795,165,32.46194616640216,26,1.2485363910154677
24727,8.643061885432394,1.6941575574561254,4.710045438369343,134,34.36534100519998,25,1.3746136402079991
24728,9.019993224786486,1.7272008399305936,6.181535639639953,180,53.75920328320072,25,2.1503681313280287
24729,8.662289376107667,1.72031203595922,6.011752604604641,186,32.027075013984394,26,1.2318105774609382
24730,8.967715305678938,1.86372040626593,7.561496271759328,233,54.431450044717835,26,2.0935173094122246
24731,8.857852015303207,1.920438487629403,8.525352630153213,284,28.467704597075812,27,1.0543594295213263
24732,9.10725855861612,1.9537380034013199,8.102369668627578,256,40.521752157786665,28,1.4472054342066667
24733,8.964662496162576,1.5350828389515596,3.6096952392963044,104,20.185034509203735,20,1.0092517254601867
24734,9.38161229265528,1.5604444819646626,8.159278574348557,231,28.29606897048417,24,1.1790028737701739
24736,9.11994337845098,1.8870290991470435,7.524836683574563,246,30.52441207674437,28,1.0901575741694418
24737,8.750175804374459,1.475814441954299,4.768953427956762,128,17.37366391641925,23,0.7553766920182283
24738,9.184430778517044,1.6950366260968759,10.337426531041118,299,23.59198175750461,24,0.9829992398960253
24739,9.003892820545273,1.5966783334921297,10.412272111530331,300,16.717863977708845,25,0.6687145591083538
24740,8.777445504855514,1.827521449610963,9.366368453056472,303,33.41234749754539,28,1.1932981249123353
24741,9.174721876895648,1.7156645139839175,8.9648690611683,278,28.700848775103932,24,1.195868698962664
24742,9.255849062634002,1.6942366202492012,11.226480302545461,336,33.39584243290332,24,1.391493434704305
24743,9.016545282262694,1.951801023783525,8.897443531811934,296,45.29689614952647,29,1.561961936190568
24744,10.61896897391526,1.366407454787988,1.9329769979493274,51,8.47891423393233,16,0.5299321396207706
24745,8.728859993835108,1.487255213942206,6.673044010958077,174,9.023490370337298,23,0.39232566827553467
24746,9.112273458987021,1.6670609418031421,9.289095968637792,285,45.610985488860614,25,1.8244394195544245
24747,8.79610231932251,1.6802582907398769,6.1104934696237665,184,16.253171313419585,24,0.6772154713924827
24748,9.693519722934983,1.7134476338148235,2.6880777938175147,83,21.630387645068705,22,0.9831994384122139
24755,8.7973838630163,1.5497380797473133,4.428791822439951,129,30.48096577988958,21,1.451474560947123
24756,9.125128660481202,1.857082278324164,5.388656080684093,172,49.82865760954936,27,1.845505837390717
24758,8.655641940295274,1.5886775995389955,5.541878503316144,162,53.48075720803438,24,2.228364883668099
24759,8.982465104794393,1.914582782229584,2.2836106486801597,67,17.291481018347433,23,0.7518035225368449
24766,8.879486426503377,1.6600322301499986,9.140875822572045,273,24.34253106663225,25,0.97370124266529
24767,8.73642303731135,1.724680173842688,9.638059948770247,283,33.53431383185789,24,1.3972630763274119
24768,8.918667122433865,1.9190622057189408,8.019203116876767,259,33.02324087232339,27,1.2230829952712368
24769,8.714723376041333,2.143080826661012,3.2885037613753343,112,24.50229548585585,26,0.942395980225225
24770,8.70915864376987,2.03890872594433,14.050643563558685,480,31.261477464111735,29,1.0779819815210943
24772,9.185650995854518,1.675292287083482,9.93235867244499,294,43.2549566028793,25,1.7301982641151719
24773,9.357384384150475,1.9381436626965614,4.706947851593921,151,65.83861732465057,28,2.351379190166092
24774,9.863138366020054,1.9550810918468535,2.733459287767097,91,17.92510450868897,26,0.6894270964880373
24775,9.1130406471118,1.8043778484715456,4.35830088034226,139,41.937157787875606,29,1.44610888923709
24776,9.241831405917337,2.0347172200629573,3.8287505439140603,125,30.960344505568933,28,1.1057265894846047
24777,8.768489074523286,1.360418054762078,4.6907014642811,121,27.321256817912843,19,1.4379608851533074
24778,8.491945672106523,1.287948039492536,2.9342380606415026,68,12.5828612311628,18,0.6990478461757111
24779,8.815730354050793,1.6477762891969723,25.590574855272965,735,38.41340607872008,24,1.6005585866133367
24780,8.828749238947676,1.9028002784457598,15.838211794221992,481,35.20358722395836,27,1.3038365638503095
24781,8.760768503562753,1.6346987633087604,23.528165709533113,698,35.5711913602019,25,1.4228476544080761
24782,8.813045469537439,1.780596166662299,25.065184463932457,762,71.30735460187218,27,2.6410131334026734
24783,9.09756326191534,1.8661695292869187,19.731410400192093,611,28.53642823385467,27,1.056904749402025
24784,8.8025868839067,1.8933640480148477,22.396682846995596,715,86.33710590841517,29,2.977141583048799
24785,8.841643742794577,1.7839287252343314,20.622360170589655,627,46.353485336993685,27,1.7167957532219884
24786,9.115522160535942,1.7126645822522817,18.435011559206533,559,68.31216379873766,27,2.5300801406939875
24787,9.006781752689903,1.9359415644882336,21.208961906368437,691,41.841238793233025,29,1.4428013376976905
24788,9.064375782813633,1.9197792518358192,17.501847934724484,559,53.30895110027618,27,1.9744055963065252
24789,8.582623885697041,1.6850255137914958,19.47669478412135,583,67.90668235059124,26,2.61179547502274
24790,8.983646055743476,1.8907033632773749,14.18397746307215,440,41.48676556893449,28,1.4816701988905174
24791,8.99764982656319,2.1170630375672164,5.9785459683805815,213,31.115003176074733,27,1.152407525039805
24794,9.077558594130394,1.5095925022929553,5.26698850088025,145,34.408851925261175,21,1.6385167583457703
24795,8.829700065104849,1.5625856933875533,7.852230213833834,214,22.795681658035477,23,0.9911165938276294
24796,7.947176124756748,1.9145878197922965,0.6558133344931872,24,8.12198212286703,11,0.73836201116973
24797,9.025656893102054,1.658677399662159,8.475051696621817,246,26.190626587167547,25,1.047625063486702
24798,9.261060041157355,1.8701018265762455,8.2758729892609,263,28.84544842295304,27,1.0683499415908533
24803,8.827958891563693,2.036793406608517,16.25257735434674,541,57.58565025716388,28,2.056630366327281
24804,8.761800891758313,1.794036584172744,21.00242477105731,642,34.91627854714304,26,1.3429337902747323
24805,8.803651089709842,1.7536262007987584,25.081794993317647,747,49.20589760491309,26,1.8925345232658881
24806,8.87111034841554,1.9929296632489217,19.07998795748118,632,55.74221590893336,29,1.922145376170116
24807,8.715774978565095,1.888152076092216,21.024400416653236,680,42.812743636257636,26,1.6466439860099091
24808,8.954715239209518,1.7761807225117374,23.325783128043227,737,59.50867043566163,27,2.2040248309504307
24809,8.695356420396033,1.7679685855959906,22.958663671867644,675,34.673931728376495,26,1.3336127587837114
24810,8.788450124327692,1.6345774799525028,21.963582077438623,648,40.50702826884001,26,1.5579626257246157
24811,9.096390720835561,1.7110682743535106,17.4138645818398,506,52.03869174799828,27,1.9273589536295659
24812,8.703724770115068,2.0815451800624563,15.06106526188483,516,28.2635912520229,30,0.9421197084007633
24813,9.400319289444136,1.6552350165682788,4.875727243895625,151,20.3549131499231,25,0.8141965259969239
24814,8.809606391904392,1.6279058317473438,9.033200242023856,263,28.948329718952508,24,1.2061804049563545
24815,8.862714291215479,1.928769564012025,8.528579220415237,278,30.108672228322952,28,1.0753097224401054
24816,9.49743655303203,1.5897766032065255,8.917395012015907,257,21.090319516433816,24,0.8787633131847423
24817,8.82496074630807,1.6902533175176784,9.581645472533046,280,38.67087895053812,26,1.4873414980976198
24818,4.308078164857052,-0.8488510258791583,0.3856179524875506,73,3.061314160262881,2,1.5306570801314405
24819,0.694999985305366,0.07007264766064077,2.632642023263792,66,2.0000000014902453,1,2.0000000014902453
24820,3.243166120946193,0.5861944755090077,0.5188890700923323,80,1.745265423020122,1,1.745265423020122
24821,3.327586241871454,0.026442238625166724,2.000010637536314,22,,,
24822,0.08019361859080573,0.5258907523874338,-1.0434233382508986e-13,15,,,
24823,0.2884451511356682,-0.08956282128258468,385.15811733160024,29,,,
24824,10.064561050024793,2.753456862262572,1.0607197812957196,39,12.384095229327095,25,0.49536380917308376
24825,8.089338273281871,2.2151967244806166,1.4427947215830879,42,11.587636933937283,22,0.526710769724422
24826,8.352752170126182,2.4698358932056004,1.5600517497352906,55,12.293379912417311,28,0.4390492825863325
24827,9.704002478125243,2.7317236578799777,0.8650780308740523,31,8.437885841815575,23,0.36686460181806846
24828,8.319007941474402,2.4610036544024396,1.5003824951508935,52,11.493311608442768,30,0.3831103869480923
24829,0.0,1.0,0.0,7,,,
24830,8.948138366242485,1.7844063399526786,0.4406594520458716,13,5.848532408902777,8,0.7310665511128471
24831,0.0,1.0,0.0,9,,,
24832,0.0,1.0,0.0,12,,,
24861,-21.182933476381667,2.805426964721226,10870876230022.217,22,,,
24863,0.09690484817265053,0.5661300007039395,-4.098222412471375e-13,27,,,
24864,3.81500000001176,0.41369162346544724,0.4142449731943492,29,,,
24867,0.9903512860510028,-0.008566559565593997,1.056953927438476,69,4.000000000000033,1,4.000000000000033
24868,9.11270370656411,2.9088991188340536,1.4200581875890659,53,12.421066965247618,29,0.4283126539740558
24870,9.391576086635416,2.375031294199817,3.1544952327104436,99,25.725784634476028,37,0.6952914766074603
24871,8.942642909772312,2.365676360528273,3.007601023711132,94,31.089859789659013,38,0.8181542049910266
24872,9.188492870502595,2.121335268161021,3.236756901848942,92,34.101227473087526,33,1.0333705294875009
24873,9.28245376022771,2.346630458210317,3.0568578387063527,96,31.725866045674024,42,0.7553777629922387
24874,8.527616137587591,0.9137230919810051,1.2794718124461004,23,10.965190452674943,13,0.8434761886673032
24877,9.196383169344434,1.891123108277001,50.94972641951254,1654,57.86527904953202,27,2.1431584833160007
24878,9.065605527023175,1.799108960947021,294.61241136750715,9256,992.8373806311812,27,36.771754838191896
24879,9.047528244674549,1.7703072685161847,56.788450471823296,1764,67.44895267639544,27,2.4981093583850162
24880,9.088803218996457,1.7555263415741167,382.2025101350421,11726,295.26641458196264,26,11.356400560844717
24881,9.046266131262668,1.7969337802817702,380.3826709844936,11803,457.9846941607193,26,17.614795929258435
24882,8.978633883995977,1.7228340768648553,233.07020549649758,7082,159.36209639321078,25,6.374483855728431
24883,8.87696584274564,1.727146005469861,103.2189698553611,3119,238.28858617031602,26,9.164945621935232
24886,9.070041553256909,1.7429785430130103,203.7420991278053,6296,511.4247057158312,26,19.67018098907043
24887,9.023748978683251,1.6937973298560716,167.59848310334706,5035,102.37838332881354,25,4.095135333152542
24888,9.12689731332036,1.7106860442942349,199.5678788738546,6011,1600.906542612855,26,61.573328562032884
24889,8.991937207868316,1.803006395890411,160.78169795347964,5047,263.0479702582882,27,9.742517416973637
24890,8.930633959700495,1.7566148506956336,85.84002608906263,2654,76.64100214854028,26,2.947730851866934
24893,9.080331963492004,1.7387485564347838,79.47199923501589,2435,69.81650719155986,25,2.7926602876623945
24894,9.03374329646903,1.7899975642312407,91.79929483231302,2858,81.88019546679833,26,3.1492382871845512
24897,9.056056129312417,1.7379155958359873,156.42575926488962,4767,583.7832231224295,26,22.45320088932421
24898,9.065820416236022,1.7695779814519523,377.4934283636424,11646,346.3108396694402,26,13.319647679593855
24899,9.01732899905581,1.737334385052048,101.73946367854062,3112,83.96789225331946,25,3.3587156901327786
24902,8.95289100116417,1.8158069199835811,70.5084893575233,2225,61.00568713619029,26,2.346372582161165
24903,8.999678331220856,1.8138939660413906,195.0751875848861,6134,195.90252929549007,27,7.255649233166299
24907,8.979480651662872,1.7873992006890123,249.83249024748608,7789,428.346575383611,27,15.864687977170778
24908,9.007951267877413,1.7352393524042449,290.034348934352,8869,433.05703660965565,26,16.65603986960214
24909,8.964542112866035,1.823611066425736,130.0404717247474,4097,384.8587824638365,27,14.254028980142094
24910,8.910373231479044,1.7943923673882543,124.78911693970247,3883,109.26322657403487,26,4.202431791309033
24913,8.969259091290784,1.7787729941634778,307.09726987152584,9581,2112.710116592261,27,78.2485228367504
24914,8.94799424036233,1.6797086633552105,129.58085587348054,3879,123.44339140907095,25,4.937735656362838
24915,8.936639881293669,1.6727726453150331,206.5087668344959,6164,801.8217753701701,26,30.839299052698852
24916,8.904581054289364,1.657939342503866,201.40512395136156,5909,3151.2038508223495,25,126.04815403289398
24917,8.979067268016772,1.6251379590745867,23.944938583162514,704,22.915965688684864,25,0.9166386275473946
24920,9.0117744315723,1.7330782262639235,205.48431398926513,6207,136.20009782414112,25,5.448003912965645
24921,8.859279778815331,1.728873757470421,94.56094548220901,2845,101.23222188461773,26,3.8935469955622204
24924,8.929588361011083,1.8211595146508879,178.47421860700365,5570,151.76235105947137,26,5.837013502287361
24927,9.122452938725148,1.7815267622527544,107.9024626420751,3369,88.47266717235246,26,3.4027948912443255
24928,9.07764889472252,1.7793896105789686,313.6217525017871,9798,212.85836926711326,26,8.186860356427433
24929,9.024849019235017,1.718194206788077,202.7231479155715,6200,255.37146747997664,26,9.82197951846064
24930,8.88468969597454,1.802386363061991,128.90066719039092,4031,100.48672294780688,26,3.864873959531034
24933,9.048667139242193,1.7909583524201464,216.63149855102802,6741,1520.3827073697694,27,56.31047064332479
24934,8.957802827661654,1.8013015497076579,191.6161100741383,6005,160.3053585894035,26,6.165590714977058
24935,9.055999995977938,1.7170594145721214,199.54512226073828,5928,152.56034296865369,25,6.102413718746147
24938,8.967389906198338,1.7583514325118659,291.00334922306564,8946,460.98803334497615,26,17.730308974806775
24939,8.88545200618575,1.7918560402376786,124.52916400256055,3879,91.41639879497593,26,3.5160153382683053
24943,8.996290826002758,1.74096776981424,321.5860870301274,9835,759.7525835982944,26,29.221253215319017
24944,8.99908941240617,1.806605259322936,298.40101640425036,9337,258.835132196353,27,9.586486377642704
24945,8.992215349496723,1.7476485913889903,207.90490698894817,6383,503.96924798521036,26,19.38343261481578
24946,8.958939333377252,1.7964654928113553,133.65934910348133,4178,112.62166852073044,26,4.331602635412709
24947,8.906661781764145,1.7566338769934235,132.57802439781875,4056,100.35382193745454,26,3.85976238220979
24948,8.972029768080011,1.745508909047263,355.13188042264386,10857,966.6767604196356,26,37.179875400755215
24949,8.94435046580489,1.7070316782782868,330.7285980580275,9936,1545.1529772801528,26,59.42896066462126
24950,8.939298374359382,1.7904426184647582,196.57505389945732,6097,162.55251431607192,26,6.252019781387381
24951,8.808662123054399,1.741088428426814,108.88008108075348,3307,92.81810793090708,25,3.712724317236283
24952,9.038197902441045,1.72372318939011,222.89165537432186,6725,146.3176632562699,25,5.852706530250796
24953,9.004930534815642,1.7640593290027657,309.5342867098051,9457,710.6696855859217,26,27.333449445612374
24954,8.960965196005898,1.7535596757342262,302.27303407784467,9214,570.9509762363585,26,21.959652932167636
24955,8.959875547161298,1.7093318437281388,136.22601376035698,4164,771.6337403865024,26,29.678220784096247
24956,8.948159224143739,1.7034190350113954,125.80924333401187,3737,130.42626362301826,26,5.016394754731471
24957,9.01092462457766,1.8004540464183048,101.39091231372254,3160,94.11339980050533,27,3.48568147409279
24958,9.015319543721834,1.759677335811961,197.9944772363182,6053,374.1026533491249,26,14.388563590350959
24959,9.007055951905642,1.8030729613010288,201.98801465219242,6341,313.0501096024975,27,11.594448503796205
24960,8.96824763446252,1.7244909011725043,19.774203428965176,598,30.07578044772784,25,1.2030312179091136
24961,8.897804654867164,1.7735910311759095,117.23419129846353,3612,112.23843820353332,26,4.316863007828204
24962,8.913266340245881,1.6935847692449577,107.42449455476215,3212,108.19057658737187,25,4.327623063494874
24964,8.807540389968722,1.8266863850908879,114.8407992322451,3603,173.46994144478873,27,6.424812646103287
24965,8.968795980118289,1.8240462478638695,63.190999715658386,1989,131.55529794750078,27,4.872418442500028
24966,9.068008441933392,1.7775062371772894,51.701325286375585,1591,88.51842065770713,27,3.278460024359523
24969,8.921745353262006,1.7945232983616275,135.9334374194697,4227,102.42583072094114,26,3.9394550277285054
24970,8.8564187653809,1.7494798979780364,149.22391618871004,4596,153.7113684687097,26,5.911975710334989
24971,9.004797593097646,1.7495464292706244,145.01803313373526,4424,224.95111521053613,26,8.651965969636006
24972,8.95157327032514,1.718738549809791,150.5647262683048,4526,173.7395908270331,26,6.682291954885889
24974,9.021508070939738,1.751880926512451,66.77981925187278,2040,66.44712710579243,25,2.6578850842316974
24975,8.75187905324862,1.7486780141873555,67.36344747098234,2032,67.80060782341151,25,2.7120243129364603
24981,8.906532251266805,1.7931273299981987,93.06628883354188,2854,85.58137363387304,26,3.2915912936105016
24982,8.944286835826674,1.7755410941721057,98.71079516852136,3061,646.4037869439484,27,23.940880997924015
24985,9.02951187948089,1.766263892827268,141.8032011654853,4340,112.17922336401652,25,4.4871689345606605
24986,9.00155177501865,1.73793285566347,141.0729987616248,4325,101.28765331643686,25,4.051506132657474
24987,8.936643693282033,1.7335492218770077,129.53369993391965,3952,89.53305461054221,26,3.4435790234823926
24988,8.8450246233244,1.6806200034367722,56.08565820768223,1682,55.81462402465479,25,2.2325849609861916
24991,8.905453704668359,1.8123748215222664,98.46098847625403,3081,92.37652275452966,26,3.5529431828665254
24992,9.021162119936713,1.7219732421865581,97.23601312039173,2954,722.8584718988513,26,27.80224891918659
24994,8.995748477908512,1.87151729678675,96.14904552101171,3104,99.90202838792673,27,3.700075125478768
24995,8.9655126503555,1.7213184842414473,94.3150785999464,2854,116.08549745197146,26,4.464826825075826
24998,9.077353153916143,1.7992663092048315,121.55820288636062,3769,111.54644826148223,26,4.290248010057009
24999,8.872949297770964,1.8124183386408539,116.84870503871707,3661,116.27184045531453,26,4.4719938636659435
25000,8.77705965413532,1.8081926959737447,51.85355485064005,1617,227.6595148268185,26,8.756135185646865
25001,8.881453809201457,1.6923766778985014,49.36841523710049,1475,250.48669760027894,25,10.019467904011158
25002,8.886660662545511,1.6879616691196446,68.7047391067881,2042,66.73431462370382,24,2.780596442654326
25003,8.927514934369558,1.734200932467419,59.641432090074,1823,67.63695828955365,25,2.705478331582146
25004,8.825338759218758,1.7587015618571993,96.18130495841484,2952,65.34311999300678,26,2.513196922807953
25005,9.043837011943074,1.6684220324331718,91.75723792241314,2730,91.04095584206596,25,3.641638233682638
25006,8.93500903540241,1.8144631749374247,93.84232430807029,2925,87.46247067965018,26,3.3639411799865453
25007,9.078192507488609,1.7922370593514743,114.8609349222897,3580,107.07639286179149,26,4.118322802376595
25008,8.865359611475796,1.545185399340227,16.93229067418462,462,40.77488100900168,23,1.7728209134348558
25010,9.26801688365513,1.7945037582828547,105.86049234517233,3314,192.47988480594825,27,7.128884622442528
25011,9.108117582352252,1.8006522229887916,109.79549047848076,3431,96.99074301631995,26,3.7304131929353828
25012,9.088244603064764,1.6567895432518187,51.92988803676205,1575,35.72826394943014,25,1.4291305579772058
25016,8.86207087425795,1.7254422435122794,50.53450592661664,1523,84.76907767866597,26,3.2603491414871524
25017,9.008214578525855,1.695129495772229,102.26518320309204,3066,78.83362656223483,24,3.2847344400931178
25018,9.009278968400952,1.7880480531348995,39.525985899756385,1219,152.6551671787434,26,5.871352583797823
25019,9.065328582307348,1.7345634161306585,53.26706105166893,1618,66.50964164610716,26,2.5580631402348906
25020,8.96562765811188,1.5240971455926648,27.922646130912476,794,41.85812060952746,23,1.8199182873707591
25026,8.845202619487287,1.9625283546663594,40.661189603585335,1359,62.60484154666764,28,2.235887198095273
25027,9.058803094953763,1.6615569678115025,43.31174739159476,1257,49.43433490610658,24,2.0597639544211073
25030,9.137143163136203,1.7854910396569266,90.02751613660674,2834,74.89406293159794,26,2.8805408819845364
25031,8.952880771183205,1.831950579476133,48.92438630927003,1560,70.68586075326697,27,2.6179948427135913
25034,9.11874058651412,1.7217153725816594,45.57603977677765,1388,89.39320595474862,25,3.575728238189945
25035,8.912857785227612,1.7264905763035578,36.70687795346422,1112,51.80749578462669,24,2.158645657692779
25038,9.186854426388136,1.7514972242955946,51.2868150057983,1602,61.96411889298144,26,2.3832353420377475
25041,8.900497186688666,1.8128256303501524,52.55241181527721,1636,58.59747419055266,27,2.1702768218723207
25044,9.021392485256383,1.8032804314115818,135.85766803814485,4229,208.22216548579675,26,8.008544826376799
25045,9.112506571714633,1.7748180963377747,145.1781869124252,4502,141.2658898002426,26,5.433303453855485
25046,8.900387366734364,1.7158946526233243,63.55162462070108,1904,63.48249540022894,25,2.5392998160091578
25049,8.979189760411906,1.7547414512800248,126.19882191541782,3901,157.11807914507352,26,6.043003044041289
25050,8.966233034888765,1.709542863087043,141.11850997334278,4231,115.07819795146706,25,4.603127918058682
25051,8.890362283328775,1.67596601196072,79.25616711257136,2381,82.96327470965794,25,3.3185309883863177
25052,9.061543494693295,1.7404250753094246,73.8560258181545,2258,149.7911859554378,26,5.761199459824531
25053,8.725801478389922,1.72451010671307,33.681713319660034,1026,71.6607581262093,26,2.7561830048542038
25056,8.984915710873237,1.688756735120229,89.81434093180084,2702,71.6296626998382,25,2.865186507993528
25059,8.982706236856343,1.7677179666867286,122.70102276411839,3800,277.4065298525415,26,10.669481917405442
25060,8.985626574087284,1.7247519861996385,130.1277330258384,3930,102.30301515305479,25,4.092120606122191
25061,9.054850048545564,1.72928214400028,105.26444689889195,3235,75.86738019632314,26,2.9179761613970436
25062,9.102855373709415,1.7985283344569154,63.26428151611123,1979,61.91437401241864,26,2.381322077400717
25063,8.969759047572833,1.790486448983549,32.89810470492309,1028,54.548391559067646,27,2.0203107984839868
25064,9.08176039359811,1.7294976001271427,47.122395407421166,1419,54.11141126609147,25,2.1644564506436588
25065,9.087898427813517,1.7463245686587872,145.42570218832788,4456,109.84576557173679,26,4.224837137374492
25066,9.007398307862712,1.7819897393545552,133.33327291500802,4126,118.85397338755662,25,4.754158935502264
25067,9.00317989589925,1.7137388888806553,133.1228713614458,4034,82.8630928813645,25,3.31452371525458
25068,9.025006210906762,1.6767052312411357,65.95954857954958,1965,57.12094741529945,25,2.284837896611978
25069,9.0438469242843,1.7716026417368025,127.56044003327138,3951,151.14900769083474,26,5.813423372724413
25070,8.989256685707234,1.74331649889865,119.17787058160933,3659,98.67741773481812,25,3.9470967093927247
25071,8.875925004528822,1.76203578038639,139.1879325040091,4289,133.87790353587798,26,5.149150135995307
25072,8.927544822578177,1.6450526129142835,76.58191534067349,2228,56.59147015389443,24,2.3579779230789346
25073,9.163886926508672,1.753699429360917,36.36771295701494,1164,42.79947473726951,26,1.6461336437411351
25074,8.953706499193197,1.7286619349817614,55.84288310157194,1700,293.2365400088758,26,11.27832846187984
25076,8.99220011187967,1.651555350409112,76.24802313586592,2238,147.86801685284576,25,5.9147206741138305
25077,8.984603486821028,1.707991552348568,69.57273064228345,2127,74.00534429426747,26,2.8463593959333644
25078,9.026091342923975,1.6462383282416857,79.08433835620654,2312,58.78191332427256,25,2.3512765329709024
25079,9.061300438752736,1.7693594348301738,40.513110437022966,1252,156.84455129562508,26,6.032482742139426
25080,9.105032740548518,1.6977322921290692,40.287692379499106,1198,39.36113401374989,24,1.640047250572912
25083,9.052490241979726,1.762556645637579,51.3391994451759,1584,53.85895218693007,25,2.1543580874772026
25084,9.00872682665137,1.7310785921105525,105.52854876087146,3194,78.07356302277519,25,3.1229425209110078
25085,9.0377469020108,1.7072832026231504,62.43996420884336,1892,49.933945241590834,25,1.9973578096636333
25086,8.974098331759867,1.787274231263089,85.45994489751023,2637,110.99633932443564,26,4.269089974016755
25087,8.881181082046382,1.780674550532399,29.28233288282864,899,90.30596715201276,26,3.4733064289235673
25088,8.863286778275869,1.8418370877877877,30.72571771149339,980,78.19627767844192,27,2.896158432534886
25091,9.098408262388896,1.6924359241467797,9.310522110451183,280,22.44471071631457,25,0.8977884286525828
25092,9.094114184108191,1.8222618326392657,55.78944036178831,1761,113.78686960599104,27,4.214328503925594
25093,9.081173989805153,1.7597197725451006,60.259635830512345,1876,68.81097657802972,26,2.6465760222319124
25096,9.061628897073337,1.7609345630559217,108.85591219417111,3383,154.67258715613943,27,5.728614339116275
25097,8.923506951541995,1.6918236779497569,110.16942223908367,3305,187.52851005626155,26,7.212635002163906
25098,8.916878195981274,1.7905291955789806,111.90371869845059,3454,117.63090431489937,26,4.524265550573053
25099,8.766929341687337,1.7271788921038516,46.59031682343942,1407,50.12590520235286,25,2.0050362080941144
25102,9.089206666986225,1.7756892817106826,116.31277246083937,3608,91.14958287533021,26,3.5057531875127004
25103,9.146015340515016,1.8411054637567905,84.38638188651628,2691,86.24248001956278,26,3.317018462290876
25104,9.019392285360173,1.7403479107607223,76.41834590084353,2336,192.2238662185487,27,7.11940245253884
25105,8.92345644471683,1.7681777826133112,82.91514932504177,2539,119.91453258634336,26,4.612097407167052
25108,9.02456780476306,1.6944271042817411,97.34243146886665,2926,75.11236090453991,25,3.0044944361815964
25109,9.059888985360566,1.7308488824936135,99.25660224319716,3052,223.095130604883,26,8.580581946341654
25110,9.001493714031977,1.6868110393055313,105.25000254245091,3125,71.67649526315799,25,2.8670598105263196
25111,8.9055351297621,1.8017653153139463,51.911110357908406,1626,110.65709694145045,26,4.256042190055786
25112,9.023466594341025,1.6571890141117034,55.60890053339107,1620,40.96426791566711,25,1.6385707166266843
25114,9.129616650529204,1.7875816504401865,122.67118421535987,3831,97.0438131383,26,3.7324543514730766
25115,9.11896729798827,1.7568643304703837,126.28925071244927,3895,108.21000717207835,26,4.161923352772244
25116,9.018242644258187,1.7775733812425494,116.19437547204511,3627,92.44561273173912,26,3.555600489682274
25117,9.080251365338047,1.640776659762933,43.878189351164536,1302,36.33236698369427,25,1.4532946793477708
25119,8.939867263990887,1.8430136330540148,47.58210500815718,1526,108.04971094805789,27,4.001841146224367
25120,9.036425763102969,1.7148774422593906,60.99615216939348,1843,63.43527664559499,25,2.5374110658237994
25121,9.02014330612041,1.7783883571518522,60.40616173295197,1877,211.7998761724644,27,7.844439858239422
25122,9.048011352636578,1.79446449244402,83.10772570355644,2579,85.67344660019702,26,3.2951325615460396
25123,9.155071436348047,1.7082979053575724,84.53259753169657,2559,169.88732550273696,26,6.534127903951421
25124,8.916792550463793,1.710606310945763,66.22129245257463,2019,107.35761778663107,26,4.129139145639656
25126,8.09523620321256,1.5373575651006246,3.8173112898161348,120,31.887991027265794,24,1.3286662928027415
25127,9.050999918462892,1.8776080643412816,49.31697507132608,1609,65.04117516962268,27,2.4089324136897288
25128,9.07420656686343,1.6121681864867403,54.46020985398079,1584,55.46646463370097,24,2.311102693070874
25129,8.951504824880805,1.7482410336002927,55.140621782470554,1715,138.49371082188637,27,5.129396697106903
25130,8.360846720094642,1.37096191519952,2.8372815888053577,75,12.049367456344733,20,0.6024683728172366
25131,9.028297741014704,1.801946553216504,35.47230820454493,1102,39.6858402017725,25,1.5874336080709
25134,9.106836580089993,1.773878119979348,29.688141638467968,921,42.306425194908684,26,1.62717019980418
25135,8.963904839330882,1.7212377062467308,31.363424397615272,960,56.09697160528375,26,2.1575758309724518
25138,8.957827895705224,1.7753618054626814,199.63507792584494,6188,215.14660365766295,26,8.274869371448576
25139,9.019853269902383,1.8113787704566224,225.28257599194075,7137,320.84412526932516,27,11.883115750715747
25140,9.116729286150722,1.7885329473530096,242.15752549427745,7537,199.77241490437612,26,7.683554419399082
25141,9.023968484117077,1.7810680767204172,134.54634452515882,4202,360.25695939838795,26,13.856036899937997
25146,9.058374289324611,1.7211129705938988,103.64599527916864,3171,79.5689679721186,25,3.182758718884744
25147,9.173504791194674,1.722394014257798,27.583920487849984,846,49.53417047954458,26,1.905160403059407
25148,8.915310285076263,1.6352166148129044,95.5070641416339,2829,271.0226580109326,25,10.840906320437306
25149,8.934683175095644,1.7272876117119393,83.8850979938061,2560,87.85124952067683,26,3.3788942123337242
25150,8.977805138037894,1.6671921754467143,115.8142016221969,3427,95.931924969739,25,3.83727699878956
25151,8.907922015622711,1.7210805261983555,62.38193358806179,1883,49.04634524243253,25,1.9618538096973013
25154,8.934337576231632,1.7404721533936072,57.52278022044281,1764,50.650872042282955,25,2.0260348816913183
25157,9.263893261069793,1.7906337803074988,49.13202611673093,1539,127.98552980556916,27,4.740204807613672
25158,9.138166074968433,1.7044564769487478,88.7715801543308,2717,85.55737076342109,26,3.2906681062854264
25162,8.983055273613079,1.8218099635992921,150.9964074969195,4742,162.78619709599684,27,6.0291184109628455
25163,9.0079575906993,1.7452960299805105,86.60450586645823,2618,73.09407498481207,25,2.9237629993924825
25164,9.051754604421637,1.7288610564749145,82.0173520385592,2484,65.03495560183998,25,2.6013982240735993
25165,8.951776115505512,1.6755710975094829,96.67464964549951,2894,76.04659347870736,25,3.0418637391482948
25166,8.928843589401676,1.7449406434708505,81.45653038300848,2457,81.18300694728114,26,3.1224233441261977
25167,9.00673590843533,1.8103587572047855,106.88172613001292,3334,148.39667885233303,26,5.707564571243578
25168,9.033669641896125,1.751374007182089,120.94261142225527,3712,620.3443158006247,26,23.85939676156249
25169,8.97613732798817,1.724678087660673,107.22246326341289,3274,95.84646846036759,25,3.8338587384147034
25170,8.951816595025619,1.6716483232966324,64.8909049793585,1923,306.2650362116033,25,12.250601448464131
25171,8.894633556646319,1.7257892123197762,54.17898930096847,1678,65.80631533351873,26,2.5310121282122586
25181,8.938804610709411,1.7557373817230697,189.98458773625848,5870,202.55681970639088,26,7.790646911784265
25182,8.943009393103358,1.7659535027179032,156.7028467052969,4803,139.41395474653694,26,5.3620751825591135
25183,8.97296458487526,1.702326990889258,148.990050150499,4473,1762.781165578965,26,67.79927559919096
25184,8.946360428845326,1.7332455355198064,89.98324292631328,2740,86.86712064694163,25,3.4746848258776653
25185,8.903412023113926,1.7539523851736898,83.80510367278247,2586,140.27665096079335,26,5.39525580618436
25187,8.905382384004456,1.7362476725332898,84.64491174253183,2574,99.6638213473411,26,3.8332238979746576
25189,8.885064561571104,1.617060624720033,102.09900611029298,2992,62.8993065116334,24,2.620804437984725
25190,8.832621363600353,1.7601496779852095,93.20253956608633,2882,76.4120783609235,26,2.93892609080475
25192,9.018328591779325,1.7632701365977725,234.8777394577047,7233,1019.6299490049487,27,37.76407218536847
25193,8.918136835261842,1.7170930465978456,205.77325285303084,6195,226.6193293495389,26,8.716128051905342
25194,8.926866489424796,1.772975127344493,228.31853256598856,7059,173.7801226208319,26,6.683850870031995
25195,9.010204280190143,1.6711382099546264,144.9972719688221,4270,110.63458350395564,25,4.425383340158225
25196,8.948631694882712,1.7242864821281934,119.44239714940616,3649,90.86612540424017,26,3.49485097708616
25197,8.91345590186772,1.7174929825292578,131.33896282138,4006,171.90643803426227,26,6.611786078240856
25198,8.807709953159147,1.8205784249200434,134.97739726117652,4223,118.5046680477761,26,4.557871847991388
25200,9.01939329603884,1.7823520523866594,250.02241486390244,7787,343.4193219289574,27,12.71923414551694
25201,8.944987780403286,1.7322015202874728,297.7887443778861,9040,1174.533420679457,26,45.17436233382527
25202,8.984261373052282,1.7984931414350425,115.00289373362064,3569,162.03327373693102,26,6.232048989881962
25203,9.01193548592746,1.7139395340522263,240.29742197212286,7231,164.0230792261516,25,6.560923169046064
25204,8.940579345249088,1.7844056556792536,87.07247911442865,2715,129.7364698332175,27,4.805054438267315
25205,8.951099164800139,1.7024195608365875,169.94431566153128,5082,739.5164623097957,25,29.580658492391827
25206,8.96785965530172,1.7928208143918452,164.61795439909437,5082,460.61253851175854,27,17.05972364858365
25207,8.936886129818646,1.7741635094780421,179.0866905480652,5517,130.04631966152,26,5.001781525443077
25208,8.885211561797316,1.691833091986972,142.53952396156095,4254,234.50897206347588,26,9.019575848595226
25210,8.923137925770211,1.661856760594997,74.69461714949112,2186,92.9255253267811,25,3.717021013071244
25211,8.87799675102538,1.7562394148702678,69.93278419755508,2152,108.99653249087197,26,4.192174326571999
25214,8.870670502354393,1.6866617110115094,135.5773799938437,4064,210.09035608355256,26,8.080398310905867
25217,8.990754709174558,1.7392219261742488,162.99797884979228,5020,305.7671967833265,26,11.76027679935871
25218,8.917647781780223,1.7870623914561214,180.15630725598552,5560,126.76923099212307,26,4.875739653543195
25219,8.851701034712942,1.7516020391064293,188.350657109413,5758,123.1498276542406,26,4.736531832855407
25220,9.012372344461518,1.7005219541250458,77.87472929864383,2325,67.99665860490752,25,2.719866344196301
25221,9.033450893714454,1.8034073060739633,66.0827575441855,2087,86.67459832002615,27,3.2101703081491166
25222,9.072614523918995,1.684633445580509,154.79802453261559,4645,99.33611032455872,25,3.9734444129823485
25227,9.080741240125247,1.816693054114618,380.8940078737516,12054,284.91078506266274,26,10.958107117794722
25228,8.970453170988966,1.7506311274126598,321.2730612212164,9924,1198.1821125955423,26,46.08392740752086
25229,8.874550624341893,1.6995356562315052,166.41133674479244,5039,176.62385226540823,26,6.793225087131086
25230,8.972600804217269,1.8111024095402952,132.1872014070698,4170,157.18859368089394,27,5.821799765959035
25233,9.022591566634816,1.7143822355261573,170.6430590601925,5175,118.80696602362335,25,4.752278640944934
25234,8.965385182195774,1.8253914410427046,170.91050559414995,5383,304.504235476112,27,11.277934647263407
25235,9.057185697537554,1.7763313000777134,179.16588877854343,5536,238.63387582097403,26,9.178225993114385
25236,8.761502035223288,1.7209878040328936,91.74176944693988,2771,84.3778150180255,25,3.37511260072102
25237,9.003573573492986,1.725982022267967,95.75657762554488,2940,152.35623723748978,26,5.859855278364991
25240,8.981049538994275,1.8296931596535404,76.21345773421942,2393,106.25141115913196,27,3.935237450338221
25241,8.914892929879697,1.696247784124617,76.70294094991364,2328,76.2350140402597,26,2.932115924625373
25247,9.058527920608588,1.717579744384144,217.94870133881315,6578,150.4589523878419,25,6.018358095513675
25248,9.01670755779792,1.6843735799902029,216.60631407067945,6498,132.49589643029958,25,5.299835857211983
25249,8.866831304646613,1.7560894787058798,96.9845009882136,2952,100.49900910595362,26,3.865346504075139
25251,8.887536694604245,1.8346023883771752,98.02571527250498,3093,95.18458555749282,26,3.6609455983651085
25252,8.874976836965006,1.7179770256550824,97.93502678641272,2954,355.1844889765498,25,14.207379559061993
25255,8.971670816498612,1.7765975089532062,512.897372479842,15874,4498.868153393316,27,166.62474642197466
25256,9.010303371813185,1.7466217820209946,369.4067076575588,11303,253.06709391628127,25,10.12268375665125
25257,9.059044049172275,1.7881821835798866,302.09360398014644,9407,365.8240844823033,27,13.549040166011233
25258,8.96715768376705,1.7636626044553751,367.27673608582796,11291,547.9406103299966,26,21.074638858846022
25259,9.004653841342561,1.7762180887228418,339.2070961817922,10473,251.74678545907443,26,9.682568671502862
25262,8.983411981907953,1.7584165030738825,417.49813414352894,12853,716.4795485998989,26,27.556905715380726
25263,8.99304694656533,1.7520579382486252,436.78939134105025,13423,517.8188506145156,26,19.91610963901983
25264,8.950660275395043,1.7155405012758183,368.83074258726265,11165,524.7760219662833,26,20.18369315254936
25265,8.943825083617853,1.7170744217224787,218.9803511281522,6647,1063.6544383790776,26,40.90978609150299
25266,8.894688670055432,1.7540394415773584,210.49007905745287,6454,154.9340734795092,26,5.959002826134969
25269,8.90061688589469,1.7834806833015562,149.6626384996301,4636,125.0548561989608,26,4.809802161498492
25272,9.10568084045483,1.7681395320555306,391.93459000376765,12069,277.473931841397,26,10.672074301592193
25273,9.04241159157585,1.8116445663395868,418.02491390166415,13084,1016.8234160889564,27,37.6601265218132
25275,8.974043847336734,1.8140679713462329,230.4709213022242,7184,459.71436367554793,27,17.026457913909184
25276,9.037208438415286,1.7787245117002695,229.6420304942279,7094,188.30604018311763,25,7.532241607324705
25277,8.922122334478498,1.7523504346846455,225.8575596292906,6886,197.09090653400028,26,7.580419482076934
25279,8.807168020998603,1.71339036168458,157.01590205585225,4705,108.22587141633294,25,4.329034856653317
25280,9.054118383229527,1.8145830168195645,280.9381978209541,8789,428.041443486489,27,15.85338679579589
25281,8.952209556283863,1.7693136620866807,287.69114380980574,8862,711.4480510410524,27,26.349927816335274
25282,8.937110866493969,1.818862642574398,117.38429464243116,3657,104.12475647251621,26,4.004798325866008
25283,8.80456277233251,1.743794304466536,132.82644886597583,4071,99.24013561742208,25,3.9696054246968835
25286,9.029914222910785,1.7531336878827368,327.40043177952214,10133,384.42246120600214,26,14.785479277153929
25287,9.012681953361241,1.7459569048880292,294.76432335104624,9029,2794.694848865711,27,103.50721662465595
25288,8.855183745984943,1.7818458954832492,194.94832844022304,6060,161.1672725706917,27,5.969158243358952
25289,8.9489877672794,1.7470997351967854,151.10477391758093,4647,124.69664933633447,26,4.796024974474403
25290,8.990308249751186,1.7037715151668575,146.93682235987686,4368,129.82090687197524,25,5.19283627487901
25293,9.087491061280055,1.736517397263385,168.37109240039848,5142,437.6866867208053,26,16.834103335415588
25295,8.922756442549304,1.755551970366401,333.4220884597655,10223,220.3275429973404,26,8.474136269128477
25296,8.962993853843521,1.7449240495175606,306.80794183895597,9308,8459.187568218107,26,325.3533680083887
25298,8.985391776530017,1.8226054068844484,221.40295036803366,7010,242.7499108177139,27,8.990737437693108
25299,8.933954285745244,1.8128484574623245,60.2081108337181,1895,70.33026271276542,26,2.7050101043371315
25300,8.992299948815706,1.7305263382935752,252.62161293561851,7613,440.6206966744666,26,16.94694987209487
25301,9.004750161910824,1.772784136000444,176.59561438333495,5472,130.22752522170035,27,4.82324167487779
25303,8.929928478576604,1.7855547630157114,86.46904020975865,2699,75.57880776763821,26,2.906877221832239
25305,9.042955989847082,1.7797306851335566,135.38290098693548,4194,335.3959388995738,27,12.422071811095327
25306,8.984473352637618,1.7362595714546107,68.35457986263921,2072,76.60004742833605,25,3.0640018971334424
25309,9.018606756407241,1.7743872422011204,273.1658931983054,8447,584.811452085825,27,21.65968341058611
25310,9.082445591885222,1.6926039360105523,80.890531645889,2378,77.41480480954498,25,3.096592192381799
25311,8.98654751780636,1.7699815738722837,190.72184903350922,5855,1584.8656007939512,27,58.698725955331525
25312,8.973117528298824,1.8076370733833182,126.04663551146197,3912,216.1078845503423,27,8.003995724086751
25313,8.933915807340046,1.7550944699253883,133.59178751285398,4045,119.82694556731786,26,4.608728675666072
25314,8.913892609451901,1.7495801183029507,121.88682671337348,3719,92.40516308080868,26,3.554044733877257
25315,9.02568307793866,1.7441573157608068,295.3154080038598,8970,222.17794294546997,25,8.887117717818798
25316,8.960498184583532,1.7514522180817234,137.38607410024022,4178,147.65461099601313,26,5.679023499846659
25317,8.983521640620562,1.770344813574304,166.05303114262844,5048,216.72907476627392,26,8.33573364485669
25318,8.885338147455425,1.7539824093833087,125.59369753710199,3845,96.5406556978352,26,3.713102142224431
25319,8.936607381241718,1.8091377196593956,124.85011236315101,3842,116.5818295225607,26,4.4839165200984885
25320,9.002076798296532,1.7940150024340176,40.040603190933034,1253,58.08412118064709,26,2.2340046607941186
25321,8.854971091712004,1.8225809996356364,59.49975793289653,1883,67.87519059862755,27,2.513895948097317
25322,8.828080606299435,1.619924332577027,66.6674261000421,1943,164.35527604462854,25,6.574211041785142
25323,9.103216556030155,1.8174893835090193,61.91229181679351,1978,287.244512911489,28,10.25873260398175
25328,9.104844921865046,1.8004475536269733,137.026169563546,4286,103.52101554079452,26,3.981577520799789
25329,9.069450371944717,1.843631742889388,153.00627815344794,4900,125.63403232716816,27,4.653112308413635
25330,8.943337902429294,1.6770167863129628,134.87117099013065,4048,97.0650409335069,25,3.8826016373402763
25331,8.916187468468829,1.7440106977700842,161.92855987445785,4929,164.77549075967235,26,6.337518875372013
25333,9.067111263048032,1.7561864135211063,71.88452586183918,2192,79.13877432230727,25,3.165550972892291
25334,9.041906676704977,1.768136537876898,68.2253123594712,2103,65.61811635387598,25,2.624724654155039
25336,9.033777142307226,1.8121294804105927,94.37669738747034,2992,84.9955271328643,27,3.1479824864023813
25337,8.954795162985913,1.7746798647370046,74.41997968796315,2291,147.87861532839074,27,5.476985752903361
25338,9.001086895574524,1.7232838795800045,72.2121284158934,2200,72.98123597282921,26,2.806970614339585
25340,9.053888738438722,1.7407742635385033,83.53496095385286,2529,98.46523062954768,25,3.938609225181907
25341,9.167158845788629,1.7336712454269847,43.305638294953916,1331,53.820249842334036,26,2.07000960932054
25342,9.070178068474272,1.7878987928918586,63.34726708665629,1970,73.64251756267576,26,2.8324045216413754
25343,8.90372773112196,1.7860055939186668,71.76173723672225,2259,71.27185336544869,26,2.7412251294403345
25344,9.118448652186999,1.8478274740123064,121.8854542107345,3908,267.87085663061754,27,9.92114283817102
25345,8.81029162888423,1.7550232607689729,72.4243006233545,2193,61.0617865229692,25,2.442471460918768
25356,9.029129598382895,1.805243706577909,285.0769986808892,8919,361.7357942018332,27,13.397622007475304
25357,9.067458069073972,1.7756815126895318,284.34398070347277,8760,239.6373512379426,26,9.21682120145933
25358,8.987112444548385,1.8149411025779145,260.4270526501569,8089,243.09740180175348,27,9.003607474139018
25359,8.922234532784232,1.743517700045799,158.89389535352754,4861,209.86727430282025,26,8.071818242416164
25360,8.968720248692726,1.7550422403714099,160.94486344059644,4965,132.0762870307432,26,5.079857193490123
25363,9.0841085971575,1.7420009052638032,372.81372778907013,11452,314.30218628685907,26,12.088545626417657
25364,9.102886532792818,1.760894168958669,443.6737090769579,13766,271.7189664345955,26,10.450729478253672
25365,9.009546611569611,1.739240511958037,228.4458687298687,6964,157.42692197814245,25,6.297076879125698
25366,8.997443210334797,1.7826381577511488,113.09726716295317,3487,98.04594806795626,26,3.770998002613702
25368,8.924644508144109,1.7841274722596996,115.68958379171296,3622,101.50203784360706,26,3.903924532446425
25370,9.087316049368958,2.050104183190156,9.815312409595421,334,48.30027147210515,29,1.6655266024863846
25371,8.974902702637435,1.7499366002792227,305.6570819713621,9352,1723.4700715387717,26,66.28731044379892
25372,8.93734653175257,1.7477911933767256,356.46118129701546,10908,313.65757698875257,26,12.063752961105868
25374,8.959557990726212,1.7666727862629306,280.8454094299559,8595,209.42777541802755,26,8.054914439154906
25375,8.981590791405726,1.7949634344505445,184.13905467978933,5776,186.448731714728,27,6.905508582026964
25376,8.995580520576587,1.7125340319564766,181.0646822440214,5438,131.67660123142576,25,5.267064049257031
25379,9.06225037906827,1.7854448057939118,371.92221403170936,11513,282.9967238166119,26,10.884489377561996
25380,8.999398008544807,1.7574023154224778,307.75134452613634,9399,296.0870937016315,26,11.387965142370442
25381,8.909052341179207,1.7796643119970152,362.13946843083977,11289,235.32526176045198,26,9.05097160617123
25382,9.04815106349107,1.7644589535050978,167.7448476458843,5200,743.6025146772795,27,27.540833876936276
25383,8.918161579409372,1.7796635532567762,140.53308805691472,4363,112.4760909218611,26,4.326003496994658
25384,8.956267556312492,1.8838965574675066,71.9654282635924,2337,84.61877511224482,27,3.134028707860919
25385,8.89244625763968,1.7436645030210138,225.38684363270514,6864,220.6662597918756,26,8.487163838149062
25386,8.926630129862454,1.741567366327976,224.35373106217855,6815,185.28643960178286,26,7.1264015231454945
25387,8.959717441972147,1.7545825513960256,188.79341176749915,5715,351.4414351022916,26,13.516978273165062
25388,8.97059884855842,1.7607751930389648,87.80515650520024,2715,73.6741632472922,26,2.833621663357392
25389,8.87906617219826,1.7173881302618976,86.8528625591102,2627,91.71791169680857,26,3.527611988338791
25394,9.036559932428034,1.8049519193854822,71.48757075144759,2220,219.22839592472394,27,8.11957021943422
25395,9.01239126945424,1.711551340344644,62.722711833402236,1901,53.901316620127076,25,2.156052664805083
25423,8.818684296263552,1.8154494942869257,81.47438316023856,2566,85.17672310078558,26,3.2760278115686763
25424,9.005437063990541,1.7322000963009614,74.7085487891693,2272,60.817543820185506,25,2.43270175280742
25425,9.006135249310313,1.8231679124840676,74.87710495559466,2350,156.29870789883816,27,5.788841033290303
25426,8.93490079649614,1.802146783599573,71.85703905777888,2266,63.06345417937254,26,2.4255174684374055
25427,8.984046564550173,1.689134828303477,77.13531112413642,2334,457.3521880626217,26,17.590468771639294
25428,8.911724965018335,1.8033089956254897,86.74474040081748,2719,78.65916650560622,26,3.0253525579079317
25429,8.877799587632108,1.7506307095834694,38.923023653830704,1195,53.0629986940027,26,2.04088456515395
25430,8.910382388446363,1.6985287212847435,36.69172855546369,1116,78.75900082943572,25,3.150360033177429
25432,8.989021591135913,1.6300674390715693,41.23279773084624,1221,38.14733903435593,25,1.5258935613742373
25433,8.940985481442084,1.648263166696407,27.812439341408968,825,38.443933210311684,25,1.5377573284124673
25434,9.043146640698092,1.7089006351170941,139.05321560453507,4213,239.309015850006,26,9.204192917307923
25435,9.070369873657187,1.7995079999594874,139.16047897713855,4380,118.77030348635242,26,4.568088595628939
25436,8.946123556911015,1.7706599333296849,157.36999308620233,4866,391.2594791417541,26,15.048441505452082
25437,8.941908285079657,1.7815058887978195,143.3126950359046,4463,166.22506977697307,26,6.393271914498964
25438,8.822565020243275,1.7305782200035147,72.14012863962407,2185,62.97155706906547,26,2.4219829641948256
25439,9.136455599043439,1.7501200937054926,58.91245731092921,1822,107.75356502967742,26,4.144367885756823
25440,9.051829236711011,1.6682737797203182,49.10115854917689,1457,44.25920819843592,25,1.770368327937437
25441,9.074993401603576,1.7334764504552673,66.175578635553,2018,63.88749927357502,25,2.555499970943001
25442,9.042693441481276,1.7927052095279181,156.7882233826016,4862,428.321572943768,27,15.863761960880296
25443,8.921109850470547,1.7109294744237862,280.24182452914835,8455,306.39887891715574,26,11.784572266044451
25444,8.991232119362877,1.7357234713243925,239.121132182847,7241,169.0712814325075,25,6.762851257300301
25445,9.005240168394616,1.754244884459072,280.73221919718446,8583,459.45994862301166,26,17.671536485500447
25446,8.854318201168308,1.6642234828744644,123.42086913217321,3642,240.2515054716869,25,9.610060218867476
25447,9.04531158764747,1.7716987268140634,70.99379957996882,2183,132.78741727276304,26,5.107208356644732
25448,9.03409629050053,1.725118837463557,180.38346471892706,5502,140.64817679244325,25,5.62592707169773
25449,9.010415737915732,1.7226463320995429,210.05651239218224,6408,136.72239563308221,25,5.468895825323289
25450,9.068138382536507,1.7482948271503116,169.21799798056514,5148,301.02997798926094,26,11.578076076510037
25451,8.983930164529662,1.687692466685888,92.38464111623944,2765,114.19774572495244,25,4.567909828998098
25452,8.996536673478081,1.6785853060812055,91.50413473669452,2727,89.55442545449267,25,3.582177018179707
25453,8.919082778953625,1.7158680718605206,102.50324035254505,3098,77.39464989064828,26,2.9767173034864722
25455,-0.024922977517192774,0.11492352323153579,1.0,11,,,
25457,0.004726198192879095,0.05826848464198112,1.0,25,,,
25459,1.409455963521985,1.0401879234056317,0.4827939686659774,23,1.8681839145284926,2,0.9340919572642463
25462,0.7854779255895995,1.1895757589595461,0.4552937607547608,9,1.711937384661598,1,1.711937384661598
25464,0.9872750623906501,0.026391496513700048,1.0000363223557098,6,,,
25465,0.8098335681909625,0.03806221106748612,1.109242088785193,22,,,
25466,0.7901550970480529,0.03977474359231165,2.003486628701351,19,,,
25467,0.3659999372839417,2.014012728334049,0.1714983410759884,34,,,
25468,0.9926033632941448,0.03890108319149725,2.0173198581046177,31,,,
25469,0.08936953724856489,0.5084266899982508,-3.6361787712768656e-11,19,,,
25474,0.0,1.0,0.0,7,,,
25484,8.9636114592744,1.7830438861256428,207.67231478850763,6424,1013.4199467795054,27,37.53407210294464
25485,9.063980504661295,1.7212168994753982,263.8916270552792,8037,166.9772547939277,25,6.679090191757108
25486,9.025531953213713,1.7732535842605088,272.117535490692,8372,1493.6786130646199,27,55.32143011350444
25487,9.042927182155264,1.761231680592513,269.7946035575609,8290,367.9108330171773,26,14.15041665450682
25488,8.952844403802857,1.7266581327315493,281.18787904553403,8570,319.60386565038976,26,12.292456371168837
25489,8.966998794500578,1.6683903322719351,136.27868941486176,4026,137.79473109205716,25,5.511789243682286
25490,8.858555239847108,1.713978466675384,99.49465387549421,3027,153.98389547915252,26,5.922457518428943
25491,8.99244381749503,1.7990723146871601,212.9059460443236,6684,370.00569661435827,27,13.703914689420676
25492,9.048396541293243,1.7358023512296863,205.30917819497384,6248,137.93714216962223,25,5.517485686784889
25493,8.926120599833013,1.6978234843287379,197.40358441102873,5956,124.37567710167038,25,4.975027084066815
25494,9.07588617580286,1.8480274878212366,158.35449137065098,5041,314.9481851209817,27,11.664747597073395
25495,8.9645360050858,1.793086638465562,221.56292111214805,6900,228.56489694701042,26,8.790957574885017
25496,9.052874638692026,1.7923102996927276,86.40413989167133,2694,83.25737770681951,26,3.2022068348776735
25497,8.791770014825262,1.7431677525541873,93.35359248714626,2853,81.45254070450753,25,3.258101628180301
25498,8.941564505162036,1.8187138697833938,96.80034104145757,3069,82.41615332130688,26,3.1698520508194954
25499,9.110313186441022,1.7559640701000376,112.33168679094004,3482,84.14965399310941,26,3.2365251535811312
25500,9.061744276085214,1.7364435933192646,101.98382249957965,3113,416.8206132381842,26,16.03156204762247
25501,8.963782045257517,1.7439724729772343,114.61192245558213,3543,71.83747052813376,26,2.7629796356974525
25502,8.988063549166965,1.6830843106513378,120.63236571128034,3593,101.09188047856611,25,4.043675219142645
25503,8.804549659684243,1.7898319327503822,111.16871136807315,3438,113.09974614047617,26,4.34999023617216
25504,8.874070258961932,1.6378046194123816,47.90487978995467,1412,95.80069696228352,25,3.832027878491341
25505,8.955314757419313,1.8976066121230943,45.92207868962729,1462,52.034676030860304,27,1.9272102233651964
25506,8.975264678359927,1.734168612762966,118.3296819863066,3593,87.19695648011377,25,3.487878259204551
25507,9.085869002568026,1.7402157503357831,129.93201078126717,3983,666.7980861204672,26,25.646080235402586
25508,9.07595984810621,1.7052430294209786,119.61556803915362,3621,83.82509518819526,25,3.3530038075278106
25509,8.845433920775763,1.8217937653908975,114.43019528342026,3587,108.02801394955223,26,4.154923613444317
25510,9.066655787393747,1.758338382799233,42.404419914473095,1298,67.7781496080438,26,2.6068519080016848
25511,9.017423831584576,1.681409338916037,76.40624267489973,2295,48.596086513419266,25,1.9438434605367707
25512,8.917791566402625,1.8008861833542245,47.69452410243555,1511,56.168665580089446,26,2.160333291541902
25513,8.731685296908706,1.7372916435021888,49.044174807963515,1508,50.040059340606255,25,2.0016023736242503
25514,8.884995478991017,1.6616835889985928,43.821326913996,1295,41.34850265017402,24,1.7228542770905841
25515,9.27937212619981,1.5758932163599058,14.025905301269992,395,15.628948806175062,24,0.6512062002572943
25516,8.977575885225304,1.769695952659029,84.67295463349086,2632,130.75607580059858,26,5.029079838484561
25517,8.942497335522036,1.791797518406095,94.30402863833487,2945,121.90777161029439,27,4.515102652233126
25518,8.954333464954226,1.7483918071646358,107.61566917464621,3255,81.13559042337393,25,3.245423616934957
25519,8.977154466988468,1.7244843151342388,99.08546327787582,3007,105.08015157180589,26,4.041544291223303
25520,9.072543156940812,1.710258250755469,112.11114707494674,3360,83.60448320303138,25,3.344179328121255
25532,9.084772198619923,1.748288551721607,113.65065500369056,3495,1002.5770203992703,26,38.56065463074116
25533,8.87948175281574,1.767925862824467,65.6470645325023,2032,57.910259887324486,26,2.227317687974019
25534,8.92582880207342,1.8338473804349218,84.67883743371536,2683,117.20922089631173,27,4.341082255418953
25536,9.089413552969692,1.88728307593039,27.562972342529907,884,43.638869841305194,27,1.6162544385668591
25538,8.968270302817315,1.7091880415590506,106.18576817865728,3192,74.60661276788356,25,2.9842645107153425
25539,8.981203029207864,1.793529089856394,131.6124891253183,4103,113.94679070187466,26,4.382568873149025
25540,8.9761820341158,1.717263535386824,146.4002944404249,4438,94.67470674857455,26,3.641334874945175
25541,9.006088149995623,1.7855389766867604,134.93356924456788,4146,195.00730284276676,26,7.500280878567953
25542,8.896514948096925,1.7500946364647774,149.77716961615485,4595,106.584960416889,26,4.099421554495731
25543,8.969390633151647,1.7932800577910353,149.22947155813395,4601,132.64014437373035,26,5.1015440143742445
25544,9.000755850316663,1.729042342762959,144.19283922741542,4381,105.01663433287989,25,4.2006653733151955
25545,8.967961013888113,1.693146058715218,121.98795392429385,3611,166.97377211076213,25,6.678950884430485
25546,8.94172842023315,1.7385445624950906,140.58892589524336,4299,137.13795964921712,26,5.274536909585274
25547,8.951090879246212,1.779482749365621,155.13863616896023,4799,129.26875040070524,26,4.97187501541174
25548,9.042737826269832,1.6926768531428533,81.95363905088817,2419,57.9532622931066,25,2.318130491724264
