run,mean,std_dev,amplitude,nevents,chi2,ndf,chi2_ndf
23861,8.304374047208976,3.225592591053444,8.803193468719419,453,63.844318163420965,51,1.2518493757533522
23862,8.637255966261108,3.454571716254515,9.039980407024427,498,62.275494262975215,53,1.1750093257165135
23864,8.799823509360287,3.252215079969511,8.831925827600896,449,52.47350965696843,51,1.0288923462150672
23865,8.725411238729366,2.8607444240154503,5.543114756845104,266,74.50218532024749,43,1.7326089609359883
23866,9.07335791718279,3.4528278150282254,3.193742177732767,184,30.352774578501254,48,0.6323494703854428
23867,8.199993589787919,3.281334301653414,7.207100987990579,389,55.20964163219239,50,1.1041928326438477
23868,8.472109124472542,3.222578339268535,7.584440568326324,394,88.75844900905982,52,1.7068932501742273
23876,8.865657717591997,3.1875918681875346,5.201917209778907,280,40.92157907862625,49,0.8351342669107398
23878,9.312849842677453,3.840666519589334,3.6687615416964814,211,53.1781936956117,54,0.9847813647335499
23879,8.28340764797501,3.2792554454629856,3.863755176510031,198,39.48162286843102,46,0.8582961493137178
23880,8.015376173162185,3.9691282844666738,2.801045147656069,161,31.40055475622641,53,0.5924632972872907
23881,7.451908047599148,2.8023074272398647,3.6893419118416144,169,42.481337799254405,44,0.9654849499830547
23882,8.368185149761844,3.3866995411131833,3.6892499796222347,192,49.357615921579765,50,0.9871523184315953
23883,8.055250285037,3.642018965085494,3.774985716676903,207,50.69270328507582,54,0.9387537645384412
23884,7.80398055064451,3.5846811266038716,4.187318717860606,233,65.92331627512108,51,1.2926140446102172
23885,7.3595900225175095,3.6411282490504755,1.8748477260325072,95,29.688724617236236,30,0.9896241539078745
23886,8.116800950396883,2.910731499234007,4.4639223196841185,204,61.905375456867255,46,1.3457690316710273
23887,8.175739467845442,3.68675890430543,4.376624360461934,246,66.33171452903184,53,1.2515417835666385
23888,7.4276917484907905,3.039206945714142,3.948387425227904,195,58.915215083645634,44,1.3389821609919463
23889,7.965835806783334,3.386049584815888,3.540749596724903,186,40.07415450287849,47,0.8526415851676276
23890,8.447567345603325,2.857018167522975,2.579727931177251,124,18.313007686952904,37,0.49494615370142986
23891,7.989990422647386,2.447609024132378,1.8826325636788355,78,16.70424119684186,28,0.5965800427443522
23892,7.951602105315096,3.3766795173964597,6.617156962747054,363,89.5891634183662,56,1.599806489613682
23893,8.035244699910914,3.490522848574193,6.305235322806283,324,65.19079619996339,55,1.1852872036356978
23894,8.084183967657397,3.2150597562660588,6.509858942491238,334,62.640887440568804,54,1.1600164340846075
23895,8.49731277852549,3.3886789369578927,5.987372023720268,323,63.54341265452285,55,1.155334775536779
23896,7.408451086521207,3.0986813574196224,3.53357099777617,179,39.6120455951051,42,0.9431439427405977
23897,8.35304696557045,3.706233390093207,5.237567451372996,297,61.91109992391286,57,1.086159647787945
23898,8.123358480097519,4.2256597870170625,5.67503147544597,356,87.80069951448586,63,1.393661897055331
23899,8.027426019612268,3.017637945464366,7.51247506977927,374,50.60823308905467,49,1.0328210834500953
23900,7.666773628547457,3.8295323694681427,7.424743033709241,435,86.62113499537784,61,1.420018606481604
23901,8.705985102145869,2.9041240830453394,1.4602256705469765,73,16.230512966691194,26,0.624250498718892
23902,7.855581560034131,3.941202173582335,3.8374950319467467,224,48.13123359702614,58,0.8298488551211404
23903,8.519362202503892,5.1589018734236864,0.5332010895584113,36,13.825446142140112,25,0.5530178456856045
23904,8.18863599056116,3.3505425400241546,6.853402931492098,363,66.57914587608197,51,1.3054734485506267
23905,6.937717043145679,3.2379339985709104,6.068195340985494,321,84.68997336141176,51,1.660587712968858
23906,7.564948004727486,3.0872663665183158,6.080851152675692,295,59.79411782914944,50,1.1958823565829888
23907,8.150358210330975,3.583967620459351,5.7095413688621885,309,51.22568752111503,53,0.9665224060587742
23908,7.726477750300382,3.4270599580132015,1.9325184371875985,107,20.60838383516553,35,0.5888109667190151
23942,8.61383374994891,3.2656022878098447,2.348711359531641,131,33.140216622515325,36,0.920561572847648
23943,10.56337084690053,2.8736184047979494,0.7086929201400821,36,9.922356488903173,19,0.5222292888896407
23944,8.157416431133589,3.875586093088153,5.1859660384809745,297,66.76011064573284,57,1.1712300113286462
23945,7.906421566576581,3.152952629693358,3.6505290492748217,191,40.28219733410181,45,0.895159940757818
23946,8.453756442404119,2.813519543472404,6.435034685246411,300,49.13099566494313,47,1.0453403332966622
23947,7.930028704675552,3.425605223199215,5.31693112844821,277,74.60123453686754,51,1.4627693046444614
23948,7.822884033674186,3.410570855825298,5.389405499900693,291,55.44990181279337,53,1.0462245625055353
23949,9.03540603924198,4.199788258518258,0.516927208139002,34,11.971205436265103,19,0.6300634440139529
23950,8.115106551951097,2.974508290114309,7.249191017130358,363,81.11312619916652,49,1.6553699224319698
23951,7.785783695773738,3.529216494283346,7.455676202243803,408,78.80343871332772,56,1.407204262737995
23952,7.830733021771757,3.6343295194398393,6.224517623447897,344,75.49564065912168,52,1.4518392434446477
23953,8.009204977606755,3.380527261479089,6.246554503608076,318,84.77139455636912,54,1.5698406399327614
23954,7.461082646749689,2.9709433885357948,3.0501965030656204,142,28.872308315772226,41,0.7042026418481031
23955,8.455988172959467,3.5354090749564664,3.958602572851377,215,34.31790409441888,53,0.6475076244229977
23956,7.750774373233636,3.342262056101797,1.0616996914346233,60,13.281774808486883,26,0.5108374926341109
23957,7.542319794945623,1.5792948225833825,1.1202491715532592,35,7.923601851791247,17,0.46609422657595573
23960,7.828833400468795,3.367427884462122,1.9725898841075498,99,24.135788545354465,49,0.4925671131704993
23961,8.362399183802234,1.74139338709445,1.2507954462526354,36,6.238708780687052,16,0.38991929879294074
23962,10.244986216556583,2.9432459827565163,0.46479697931295694,21,8.189018210404868,13,0.6299244777234514
23964,9.33243561833668,3.2807622532784926,2.919726701883375,148,35.11147776711231,49,0.7165607707573941
23965,8.466217112552501,3.047787361826488,2.436746553475539,118,21.692402657392993,41,0.5290829916437315
23966,9.341422838778838,3.63746426102302,2.7794654862767114,154,39.25545590352069,46,0.8533794761634933
23967,9.533166979426495,4.286650716497738,1.1578183808485853,67,21.81008833690075,39,0.5592330342795064
23969,8.98663682485052,4.068367781753075,2.153805934014703,130,28.664720793450357,51,0.5620533488911835
23970,9.236917703611452,3.6335180682076875,2.3544201458576097,127,31.558282988659187,43,0.733913557875795
23972,10.035872529345603,4.034982432175223,1.0880492788471252,62,16.2883961818853,31,0.5254321348995258
23973,10.024299113105899,0.8438147734874885,1.1145191032422002,22,8.48567527486283,11,0.77142502498753
23974,9.843533857774672,4.231319040518479,1.1246744190174094,72,19.815584428246076,29,0.6832960147671061
23975,7.279146886131575,1.3537601999585736,1.0093320174741423,23,4.026946663234033,11,0.366086060294003
23977,8.422442939387722,3.950805056557895,3.704387189670878,221,61.893507629811644,59,1.0490425022001975
23979,8.274525156142898,3.6351518469038293,2.5825449393140363,143,34.06052080183671,54,0.6307503852191984
23980,8.640933712082507,4.330197633424182,1.7929859528222136,117,25.462232132376926,45,0.5658273807194872
23981,9.201306478809693,2.811672368170487,3.8737514713927816,187,37.32681603727207,45,0.8294848008282681
23982,7.283030449017253,2.425302348564836,1.551735432681809,65,13.572882101319488,28,0.48474578933283885
23983,8.420476442317472,3.680082494441645,4.464344840606337,247,53.52555724576034,55,0.9731919499229152
23984,9.206337853426481,3.900301579201165,2.3004332697537526,132,31.419468448600988,49,0.6412136418081834
23985,8.387569154797852,3.540023434648885,4.543669743247272,246,43.271373453365506,53,0.8164410085540661
23986,8.221504152851516,3.1881816104155933,4.754285673951272,248,67.02804147209443,52,1.2890007975402775
23987,8.513845293684069,2.82992584637276,4.025393178811048,181,53.59552770190782,45,1.1910117267090627
23988,7.37027183141019,3.10211510369131,4.20574752925001,204,55.86284209454601,52,1.0742854248951157
23989,8.709041118516431,3.73009869283172,5.2116484457757855,292,77.41126613195208,56,1.3823440380705727
23990,8.339450197022629,2.79848196685881,3.1693890411240955,159,29.96954140560254,43,0.6969660792000592
23991,6.662843567752787,2.0058761328969914,1.9567393274110305,66,15.659323042593854,27,0.5799749275034761
23992,8.50826813308632,3.5583970529316287,5.544859423072101,309,51.83488437770332,55,0.9424524432309694
23993,8.826674173926401,3.5669202624839804,8.002571527180974,430,89.84807541990132,55,1.6336013712709332
23994,8.639136406531907,3.964495137038488,7.069923275543646,394,84.5718629105206,58,1.458135567422769
23995,8.395484836841055,3.0536997831483785,5.989506997958765,300,85.93360944673582,54,1.591363137902515
23996,7.494415932117392,2.9665830479296718,5.195306667818032,248,53.363646708719095,45,1.1858588157493133
23998,8.359598262310602,2.9220159436692756,3.183074479979181,157,31.476934090003002,45,0.6994874242222889
23999,9.19716923168851,3.7825185809809487,3.177969223168852,175,43.32008417444182,57,0.7600014767445933
24001,8.233876988272302,3.657403347965215,5.415189272156871,301,88.1900606253519,62,1.4224203326669662
24002,8.886904643357651,3.8277204211454876,5.475973455198549,310,90.2089231616175,59,1.5289647993494493
24003,8.622997319453837,4.193528907208309,4.750281525111423,283,75.93673464797834,64,1.1865114788746616
24004,7.620545800017172,3.358500657567893,3.697048810328239,189,49.866649721719035,47,1.0609925472706179
24005,8.569480796628755,5.202052913142974,3.2950886718939594,224,62.53195359027387,68,0.9195875527981452
24006,8.584776626123983,4.528779054648437,3.2821638687392825,205,64.6064102734047,63,1.0254985757683286
24007,9.390589569869231,4.122642685056819,3.5296214146747116,207,50.6397035682446,59,0.858300060478722
24008,8.663332656891052,3.918429245388723,0.7835208577279456,43,14.660870717434545,25,0.5864348286973818
24009,8.167293507865448,4.378890773147507,4.400439696914927,273,72.1168405551328,67,1.076370754554221
24010,8.960604363679515,3.978158302590595,4.549142409940491,270,78.55921906122296,61,1.287856050183983
24011,8.33994250571728,3.6735954357667246,5.163283674056106,286,63.682134846691454,53,1.201549714088518
24012,7.942484470561765,3.4983353100305137,5.070179182477044,264,76.1062850652968,57,1.3351979836016983
24013,8.459657011365787,4.107128482858275,5.056909132942113,293,58.50070017991612,67,0.8731447788047183
24014,8.124905171485214,3.374935779997614,6.050434497572687,316,51.212781262192394,52,0.9848611781190845
24015,7.647070125740609,4.328379098737206,3.3757372022659187,201,71.95917805933956,64,1.1243621571771807
24016,9.040643967719133,3.0654354583998646,1.9068629559398609,96,18.58133810232901,36,0.5161482806202503
24019,8.601651127949303,3.914308477437123,5.8686405786376845,327,95.14144536147063,57,1.6691481642363268
24020,8.060348721214261,3.517342110759228,6.134917252637489,321,65.81898506857617,57,1.15471903629081
24021,8.50216112874369,3.2036440720740234,6.62334966371648,326,72.76477307280163,58,1.2545650529793384
24022,8.10727600532542,3.4525116811533887,6.6959074859885295,356,66.20726626900509,55,1.2037684776182744
24023,9.898359506830147,3.66537573403064,0.9398409207339885,49,11.95995898813049,29,0.41241237890105137
24024,7.1088056392495735,2.880412676181745,5.468132209829582,252,83.77414436426342,46,1.821177051397031
24026,8.036946059707043,3.987501121681023,2.654270047001179,162,33.692488944112036,51,0.6606370381198439
24032,8.368300492299948,3.740406787490422,3.4371223126437407,197,53.884628818556244,57,0.9453443652378288
24039,7.7843582919867735,2.1754446066371798,1.1164561162309343,42,9.53718494725214,18,0.5298436081806744
24040,8.516462629149794,3.389916726243337,3.836312614393576,202,41.08124134914463,51,0.805514536257738
24041,9.14680804724331,3.550889907914588,4.738019093593928,260,61.4254925195104,57,1.0776402196405332
24042,8.361841358905638,3.5722491309991224,4.772780541158736,250,88.1310134119619,55,1.602382062035671
24043,8.868750605191572,3.2042637143927264,2.898526603337424,151,30.28612561217281,49,0.618084196166792
24047,8.711240731397847,4.027342232379257,4.01735412336649,242,70.29035257526583,57,1.2331640802678216
24048,8.617514613360196,3.375477108660227,4.091193718983589,211,53.05243253217501,52,1.0202390871572118
24049,8.452556926256856,3.4540416400599443,4.698758424770678,249,70.24492076477947,53,1.325375863486405
24050,8.300109171138333,4.057566695707631,3.811714222760656,229,71.87774594816062,60,1.1979624324693436
24051,9.289891652101144,3.4860393571075683,3.6526264611157813,196,48.78928276986161,53,0.9205525050917285
24054,8.88201664711888,4.291905953065032,4.831055786979029,296,67.03401113890969,64,1.047406424045464
24055,7.983969586265455,4.114741833761337,4.843255917129838,292,51.29741755374005,63,0.8142447230752389
24056,8.647885107100432,3.7662302374245122,5.684423824231421,319,74.14859721510119,58,1.2784240899155377
24057,8.342400975832517,3.9588600193346624,4.670368842171985,258,69.39890057490479,59,1.1762525521170302
24058,8.055949702908212,3.2339986433967867,3.4740975694880727,182,44.28578255115947,48,0.9226204698158224
24059,8.567008951573772,3.6185768685689848,1.6882174585197507,96,16.81553105805275,40,0.4203882764513187
24060,8.187328512629545,3.7403835341485965,5.516313362194461,309,86.33705049861682,61,1.4153614835838824
24061,8.877312027938272,3.578751880109809,6.716656704626627,361,76.448926724117,57,1.3412092407739824
24062,8.430441988042045,3.4710012891893975,6.512001214335276,355,90.34256118471271,54,1.6730103923094946
24063,7.908850250252332,3.9774108343298766,5.30021401306333,305,71.5381058283593,62,1.1538404165864404
24064,8.097767461983885,2.9660942534485537,4.927540212644225,233,43.32355916220167,46,0.9418165035261232
24065,8.508479162189035,2.8030695818651736,3.972984438063503,184,51.39487710037893,41,1.2535335878141203
24066,8.156879260105741,3.343954724057232,2.7629732262747497,147,36.87064171069478,44,0.8379691297885177
24067,7.817388352328469,3.2855169968248745,5.147108843355673,255,68.72871170611135,53,1.2967681453983275
24068,8.30973483983769,3.70928520152186,5.02036837649985,279,67.21490084063002,56,1.2002660864398218
24069,7.855060452147405,3.5236937200541547,6.4674932216585805,347,72.47492315697714,56,1.2941950563745919
24070,8.028588186635112,2.7837407064321362,3.4562809435845807,154,42.13481339628007,40,1.0533703349070018
24071,8.51861233387401,3.62764608050904,4.841621715863116,269,53.42457463345521,56,0.9540102613117002
24072,9.409441117176145,4.065701026240403,3.812558651714124,232,60.143723902034374,61,0.9859626869185963
24073,8.39570946734137,3.2903271388458437,5.000655797337844,251,67.75058949859772,55,1.231828899974504
24074,9.042980357043335,2.995991620601875,5.2560143257064365,250,62.525180233047756,49,1.2760240863887298
24075,8.62708992205458,4.712109144369391,2.848452904243201,186,43.37760495766929,62,0.6996387896398273
24076,8.91648700740111,3.959720174474015,3.800292841288489,224,68.63975678753668,56,1.2257099426345837
24079,9.707543225576623,3.9616708922723354,3.871055105245072,225,66.36083933302325,60,1.1060139888837208
24080,8.056477434586562,4.2247662157154835,4.10022530890807,241,48.60991514273594,67,0.7255211215333723
24081,8.101681002873942,3.6168853850885805,5.717694966898919,309,82.22234560760076,59,1.3935990780949281
24082,8.575609393344875,3.5789213397842254,5.341672364534181,295,59.94727405560073,56,1.070487036707156
24084,8.57600717087084,3.707916802926879,3.1884192824560227,177,46.07947358327642,49,0.9403974200668657
24085,7.928396571867212,3.061691059122757,3.8684005638161763,195,48.703907317473586,41,1.1879001784749654
24086,8.237459588165994,3.3991007010167236,3.7638494115665275,202,59.61310615500369,51,1.1688844344118372
24087,7.946579982904017,3.9928896788041515,6.7164521886318225,373,89.96460227006902,66,1.3631000343949853
24089,8.0439297103942,3.3142719395685654,6.877319309419359,377,81.02373074076584,55,1.4731587407411972
24091,8.77082044785675,3.6735433426137454,4.647941801136965,262,59.6540542099146,56,1.0652509680341893
24092,8.43906098937792,3.6024164556362783,7.466949986401857,412,56.32211773758472,58,0.9710709954755986
24093,8.694747665334669,3.737123365479764,7.0805222735352435,395,85.81381374046912,57,1.5055055042187564
24094,8.455021279633415,3.6272639789977883,7.059813315000674,406,114.0911016457419,61,1.8703459286187196
24095,7.635304911026961,3.443686102080241,3.8868235752796285,202,38.28958405949331,48,0.7976996679061106
24096,6.518326817281078,2.2060384433289455,3.7390442049552717,144,48.777087490661415,39,1.2506945510426004
24097,6.494963261565845,2.4353087807268916,0.8520425274162904,36,10.424344996480611,15,0.6949563330987074
24098,7.562901660194281,3.3029142163866583,7.868207461758864,404,123.48678536024138,56,2.2051211671471678
24099,7.553635525937406,3.510919415938832,8.389427075129387,436,63.76680692167122,55,1.1593964894849313
24100,8.174866115379317,4.013530010024515,6.027812959824692,347,56.44164645625427,59,0.9566380755297333
24101,7.25163721259567,3.343334157993581,8.049481038159726,411,79.46328622274363,54,1.4715423374582155
24103,7.437269892161778,3.293713578928844,5.542580924008312,278,82.93343545574415,50,1.6586687091148828
24104,8.115805785790377,3.080143733442401,11.787817750833646,588,71.71203210979442,49,1.4635108593835595
24110,8.32862847432446,3.5882307504693696,6.149310343906129,335,58.285293528030756,55,1.0597326096005593
24111,7.4490430319996115,3.1861662503541552,6.822323048032195,339,57.718909796905635,53,1.0890360339038798
24112,7.919016521237323,2.8914468500525854,8.991733360485393,410,74.69496775704295,45,1.6598881723787322
24113,7.930211460628082,3.5487217404371605,4.638948670590643,251,88.1811191501694,51,1.7290415519641058
24116,7.492527075840563,3.7379915813960123,5.156982574838841,287,52.14350469868897,57,0.914798328047175
24117,8.278793138516663,3.03189752420665,6.797510011422719,333,46.00012595347029,47,0.9787260841163891
24120,7.764838346081453,3.8462641355580494,8.57198059998849,502,92.52847778915252,60,1.5421412964858754
24121,8.982412761499083,3.643582714752958,8.415762813983024,459,67.51585725260256,55,1.2275610409564102
24122,8.207642035304957,3.4884750038093237,8.440521961804132,459,81.10445082759558,57,1.422885102238519
24123,7.824967784388198,3.2751949332231947,8.77735893699708,448,54.29688905427456,52,1.044170943351434
24125,7.58452171485836,4.0838380236325955,3.02067060855114,177,42.14236643039974,55,0.7662248441890862
24126,7.963057084620819,3.4887301620732623,7.030347040846964,375,68.5446204337778,59,1.161773227691149
24127,8.012582879388988,3.6740153348131193,6.40632794578781,344,71.94453433508019,57,1.2621848128961437
24128,7.791858386442454,3.052962467946986,8.357504978957111,421,96.28519883484992,55,1.7506399788154532
24129,8.224215885519921,3.6313345291810344,6.460548549690284,355,102.17031030503148,59,1.7317001746615506
24130,8.063954169754837,3.5758588545970316,8.309335592053577,453,74.6563103528358,58,1.2871777647040656
24131,8.720443935246955,3.657172774387832,6.808926871920338,371,63.72187255528257,56,1.1378905813443316
24132,7.709305130530864,3.805343387542225,5.496869591284801,316,39.471007824062795,53,0.7447359966804301
24133,7.7988071482088985,3.683719506541747,7.564783543471463,425,72.083649862403,57,1.2646254361825089
24134,7.619969743952381,3.32008847446501,5.23040187175349,264,65.32789403824539,51,1.2809390987891254
24135,6.970877100773177,2.8654546801514162,2.335366365074513,112,19.86424979396038,36,0.5517847164988994
24138,8.124581185072033,3.7611307722158296,9.715410946052707,545,89.27494837130823,59,1.5131347181577666
24139,7.9674596621971014,3.4661759926836413,11.22050743692445,605,125.18156128725781,55,2.276028387041051
24140,8.112555251855788,3.6731137372837948,11.51299920071281,643,71.33839933040849,57,1.251550865445763
24141,7.670758931984354,3.5499360527182917,10.836344262398987,577,82.9173126089874,58,1.4296088380859897
24144,8.122558311598494,3.643052977524652,6.936950716781033,385,61.25352345058783,64,0.9570863039154348
24145,8.422452571992975,3.5322355682064006,6.48218472782572,353,67.96290195786203,57,1.192331613295825
24146,8.008491886282608,3.161182479544962,6.277495792899067,313,72.77411889367137,53,1.37309658289946
24147,8.543405306699821,3.607888836167412,7.169108546080282,401,86.89204101455599,56,1.5516435895456426
24150,8.531721412138479,3.334944364718303,8.011241277934403,426,108.11945449246628,53,2.039989707405024
24151,8.665116606432528,3.261745870422423,8.080885163494154,420,73.63865646636569,54,1.3636788234512165
24153,7.976323984434216,3.6970750325363064,7.5081110217654095,419,60.84416161521396,56,1.0865028859859636
24155,7.977501347539993,3.1436374448323745,8.531846300717302,422,59.273318620966435,53,1.1183645022823856
24156,7.560628540911268,2.7200086445933813,6.072271500878567,286,40.84159252920423,43,0.9498044774233542
24157,6.698732201040673,2.365100413138916,3.0063905817547765,122,31.887470911405874,30,1.0629156970468625
24158,8.227943532925787,3.260411191795057,7.768918139364518,407,111.44832763482539,50,2.228966552696508
24159,7.329848631900119,3.093033278637095,8.336459521858977,408,75.97905160470224,48,1.5828969084312965
24160,7.792927380164287,3.3859627618099646,8.36418901836273,441,98.6827715623575,53,1.861939086082217
24161,8.08746559061152,3.2872981957642833,7.676396217310291,403,103.35107151037802,53,1.9500202171769438
24162,7.982683815808333,3.272234273021907,7.804722914395079,410,92.5202604455082,53,1.745665291424683
24163,8.065938917523942,3.6090169847658324,7.335116629965326,398,74.14119513724664,54,1.372985095134197
24164,8.308748967099195,3.396207231896984,8.004723860644102,427,64.6309769689882,54,1.1968699438701518
24165,8.321237584245388,3.025441739757782,9.448274386259367,471,54.83649841130097,55,0.9970272438418358
24166,7.812460619813103,2.8131836313488123,3.941818366334252,184,51.42009766600434,42,1.22428803966677
24167,7.51184633878462,3.7286263042427006,5.889978437756055,328,58.02912710018227,59,0.9835445271217335
24168,7.63591265876623,2.9915270411896304,8.030949375845196,393,46.95466379632575,51,0.920679682280897
24169,7.40441033591187,2.928880092676685,8.37808853160961,391,68.90356989299028,51,1.3510503900586328
24170,8.020964200957302,3.7931089655345667,6.174882353966459,355,79.10036953306518,58,1.3637994747080202
24171,8.02274691724431,2.945907592743634,5.155702304908728,255,54.4342809714437,47,1.158176190881781
24172,8.28078478896312,3.3969621957462066,5.988136208148257,330,76.7212938101937,54,1.4207647001887722
24173,8.388079018507321,3.1526853422684358,6.14453727480689,320,64.97830473066,48,1.35371468188875
24174,8.1472764962243,3.4038204159815897,7.218756648153495,383,60.46950707996379,53,1.1409340958483734
24175,8.13622780613564,3.340074912755308,6.508285193698887,340,57.567473263125166,57,1.0099556712828976
24176,7.699728701145375,3.7087697318860964,6.952174057666079,387,87.05031966496833,59,1.47542914686387
24177,7.587107252239971,4.43609070316561,5.553142038210875,350,85.62067466521579,61,1.4036176174625539
24178,7.623790365073391,3.1295190657419902,6.948282810868586,357,85.84477930478883,49,1.7519342715263027
24179,7.929256964868173,3.195440498645847,8.6909348255702,454,62.77001317659769,51,1.230784572090151
24185,7.748920540528435,3.6138887262634247,7.32345144314687,396,80.19891489656533,57,1.4069985069572863
24187,7.282559238396905,2.822020787300283,10.234819828999498,495,65.47377210529946,49,1.336199430720397
24188,7.339618320086074,3.2349676198802846,9.855387220385103,531,64.49641116058272,52,1.2403155992419754
24189,7.594944361062931,3.27372413231759,9.126279526942366,481,70.55449698433135,51,1.383421509496693
24190,7.201127291203567,3.637612168230584,10.156874873344561,558,83.97487426579019,55,1.5268158957416398
24191,7.459970270007109,3.457041770227858,8.448147432616315,462,68.36582047605825,53,1.2899211410577027
24192,7.602286942726334,2.8961834224147456,10.784868066241062,522,62.02464512886488,47,1.3196733006141463
24193,7.497875145333939,3.2456526215959127,9.046884607713302,475,72.79163105828987,52,1.3998390588132668
24194,7.819657297780363,3.4656299580888685,9.53739402419635,516,53.91254516828762,53,1.0172178333639175
24195,7.824510244444441,2.6065285994067233,11.813465524716564,529,75.86226076704176,42,1.8062443039771847
24196,7.129472330186494,2.922799629583642,7.132243933843842,338,31.945154418009366,45,0.7098923204002081
24197,7.8176038448390015,3.050022323559882,3.926382166755082,198,33.306564454960345,42,0.7930134394038177
24200,7.635588584479304,3.02012998929504,3.1149223240967254,163,43.63224086622764,43,1.0147032759587824
24201,8.000867476288356,3.3708308029866334,13.464391967039916,696,54.419668065238284,55,0.9894485102770597
24203,7.556985330164334,3.456637778351721,19.489501263187073,1061,81.5403169430092,54,1.5100058693149851
24204,7.664156745951845,2.863892642992363,9.980117270823076,473,55.053064879234924,46,1.1968057582442375
24206,7.402799604050294,2.9800010762803626,4.766397919402488,233,42.513031791507885,45,0.9447340398112863
24207,8.20840582656166,3.2398389003820056,9.874582271598555,519,77.68586883046258,52,1.4939590159704343
24208,7.480661387285303,3.0749262646938877,11.207662948233256,565,50.580868045254434,47,1.0761886818139241
24210,6.757769133735394,3.3557526916306157,5.9572749291385,310,86.26965287383398,52,1.6590317860352688
24211,7.236803536810722,2.9441501245194894,6.516272506438264,329,71.19018152134294,50,1.4238036304268586
24213,6.658315613007892,4.340270255564354,24.76835054161081,1469,110.02951322547983,66,1.6671138367496945
24214,6.816404720668777,4.5204546982341,19.386940711122982,1187,93.12209103087518,67,1.3898819556847042
24215,7.122131528122324,4.272532156228648,26.234154787891267,1617,131.00586845668968,64,2.0469666946357763
24216,7.093796861972422,4.469026438041409,27.07086970443965,1660,124.64594384638623,66,1.8885749067634277
24217,6.9446462079592886,3.9760008644481286,26.969487885805016,1588,81.24408605389378,61,1.3318702631785866
24218,6.8778025587535,4.066087074374757,25.573696580916394,1506,58.40750658592893,61,0.957500107966048
24219,6.365845664780281,4.5547219959286,18.30250887268278,1107,93.29954702788228,63,1.4809451909187663
24220,6.20820956625885,3.912438699428519,8.449369333342151,466,78.24965273306306,57,1.3728009251414572
24222,7.173848786101924,3.9411546391506027,19.601453018933753,1134,76.94922225875762,59,1.3042241060806374
24223,7.384826808812074,3.6915319972731537,11.195089969932722,624,49.18830843679994,61,0.8063657120786876
24224,6.863898684180521,3.902749799087797,19.55704208009631,1126,63.86697189758701,59,1.0824910491116442
24225,7.74522990343101,3.628608496148041,8.099665856049121,447,68.10027329795142,56,1.2160763088919897
24226,6.039989461507504,4.457589336458844,20.792252821156012,1250,79.7118301773957,62,1.2856746802805759
24227,6.975449951514574,4.032529319279802,25.43830046201577,1517,156.68311632721554,61,2.5685756774953368
24228,6.172717037909412,4.311746348579053,18.73297025174706,1098,57.46956865471165,62,0.9269285266888976
24229,7.699505677060131,3.583105431144997,13.907272353957035,799,82.80423526654143,57,1.4527058818691478
24230,6.2125427456348,3.4134564321893675,7.812125226413987,410,90.39551295547135,52,1.7383752491436797
24232,4.979070021711612,4.723275067097222,8.98695202639135,513,106.27888905168963,58,1.832394638822235
24233,5.334944958622367,4.643425243044527,8.456531596469295,484,104.66007865117673,59,1.7738996381555379
24234,4.440173304070371,5.726270922899941,8.376623690488383,516,155.11848855218716,62,2.501911105680438
24236,5.492234253511446,5.421989984571432,18.776588956004378,1182,84.72718342689858,68,1.245987991572038
24237,5.751830231723661,5.182978024423463,17.594401468478903,1103,131.29486503560577,66,1.9893161369031176
24238,5.351182372680674,5.290967429111512,21.03398889584907,1310,90.6697349209279,65,1.394918998783506
24239,6.5408681184628295,4.473493581766962,20.879489347512948,1262,76.77594362007406,64,1.1996241190636572
24240,5.85932554226126,4.903444557940252,21.38778365923424,1299,86.99923312751201,65,1.3384497404232618
24241,5.824168096754933,4.158715819132127,11.562789100513381,646,73.57594543212649,58,1.2685507833125256
24243,4.829464391158722,5.7055527003850095,10.649610812687278,663,85.13513480752624,67,1.2706736538436754
24244,5.335342907888743,5.454012473558321,12.244992621835628,759,84.7904593892595,67,1.2655292446158133
24245,6.115101482190262,4.848756548794809,12.149775725517937,745,83.9196542397995,66,1.2715099127242349
24246,5.813222855069707,4.597496538132933,12.706371783697264,758,129.66595742720725,62,2.091386410116246
24247,6.520021374496544,4.0216314805860325,12.07436562797193,675,128.2170437997843,61,2.1019187508161363
24248,5.245228906883882,4.816207523639632,12.300727422353214,735,63.43952352097269,62,1.0232181213060112
24250,7.059324062423613,4.030862519372934,25.24250296827758,1463,150.02682178856037,63,2.3813781236279423
24251,5.84601544116393,4.718914672667229,27.22888314705822,1644,108.46978278362393,65,1.6687658889788297
24252,6.615284571297716,4.621901192937059,25.228771645994428,1569,96.96758574265853,66,1.4692058445857352
24253,7.108941701504698,4.305242653717572,27.40942810766983,1658,94.2508679344671,64,1.4726698114760484
24254,7.039134812004649,4.105962039016644,28.086299820745303,1660,81.21503512765226,64,1.2689849238695665
24255,6.636240366870314,4.062170591403442,26.80573608206152,1570,88.42735302750489,63,1.4036087782143634
24257,6.384860689131334,3.774764131832609,20.645666564982157,1148,108.23727610567309,59,1.8345301034859847
24258,6.019161517543059,4.3670682847118725,19.41344120346103,1137,89.65086477768551,61,1.4696863078309101
24259,6.575349952193207,4.074852381874113,19.1043512336485,1115,88.8308573215856,61,1.4562435626489443
24260,6.684904302292402,4.1260035921943965,17.81845543584673,1042,60.53891544566232,62,0.9764341200913277
24261,6.765162695069621,4.079258974305891,13.62716399220497,819,79.373133707426,61,1.3011989132364918
24262,6.9225613472058205,3.6875566113700127,17.201972625413976,962,74.98490294153953,60,1.249748382358992
24263,6.522696147423151,3.7280787983859045,13.973298106922215,771,61.98109305460816,55,1.1269289646292393
24264,5.587499445258928,4.365960852988675,7.164435886622665,403,65.73667188794839,56,1.1738691408562212
24266,6.292849447782082,4.086043858110528,17.766256156654322,1036,88.23820801163147,60,1.470636800193858
24267,5.12136345767673,4.360965393777267,9.32813991731692,522,79.28958338602857,56,1.415885417607653
24268,6.063541746226515,3.4101534834902396,9.568802012418958,505,65.487927731774,53,1.2356212779579998
24269,6.692933478896859,4.29534280530353,7.33430059245315,436,126.31715669587157,61,2.0707730605880585
24270,5.888318303857281,4.759265273178087,20.53941361124257,1257,69.26994091254707,63,1.0995228716277312
24271,7.134234625544415,4.4265201855817375,19.44981657773094,1190,105.10734028792446,66,1.5925354589079463
24273,5.606241393400389,4.853548626082915,23.00686009063332,1384,97.84791874247954,64,1.5288737303512427
24274,6.4339940276395335,4.265838744208774,22.37241081135527,1324,65.40747896161585,62,1.0549593380905782
24275,5.9400023142182405,4.620238107134969,22.10972801555293,1321,97.48095368117956,62,1.572273446470638
24276,6.801715694470848,3.7320276380467607,12.631888851964822,693,94.80336696046459,58,1.6345408096631826
24277,4.793663774857545,5.946197742179564,12.079812739457017,775,76.46893607807696,66,1.1586202436072268
24278,7.032366406681398,4.204263296045607,14.457154106066985,858,107.596781494505,64,1.6811997108516405
24279,6.694018527755949,3.92651153159443,14.670458925046859,842,61.20406678142123,59,1.0373570640918852
24280,6.735330986467111,4.351153642335219,13.450459929746264,814,69.79238962401367,62,1.1256837036131235
24281,5.455174084699239,4.8816519475361115,14.458646680396058,868,102.30670164483381,64,1.5985422132005283
24282,5.59828955330023,5.110576693943907,14.614668500109538,908,115.59601814522996,66,1.7514548203822722
24283,5.836163535657719,5.26397676724741,13.302109964155873,860,84.75463214516652,67,1.2649945096293511
24310,6.64854697551665,4.166893046919637,12.437371496383221,752,71.028793440914,59,1.2038778549307458
24311,6.635908569381219,3.898049372543863,13.511838522035477,775,52.140047381962745,58,0.8989663341717715
24312,6.576930771406735,3.6308864259929723,14.98546029408948,806,67.11918489904453,54,1.2429478685008246
24313,6.568636622298831,3.6758961772389425,19.185397068528655,1062,87.92757846531028,55,1.5986832448238233
24314,7.192255881268173,3.5693171770477283,12.919440873482483,710,147.37141526463463,56,2.631632415439904
24315,6.745985574316158,3.4251447191389404,11.845334369769496,629,78.95742920846453,55,1.4355896219720825
24316,6.938717958750366,3.4985201717543175,12.966916878252682,692,70.8540893193408,55,1.28825616944256
24317,6.827052472567776,3.9843862903469884,12.905344147351542,748,49.09997090613643,58,0.8465512225195936
24318,7.301811259298007,2.6916853797977884,2.7109417373119826,120,26.5131510493684,36,0.7364764180380111
24322,7.309760406143482,3.4112018707840996,15.237046355283221,825,65.10745180602497,58,1.122542272517672
24323,6.728497228362934,3.477496413918312,9.464847441093895,517,77.23665081348702,56,1.3792259073836968
24324,6.466151167759165,4.247786011688066,13.724721230018401,826,60.521836690044,60,1.0086972781674
24325,6.560682565964531,3.1989008492684743,16.553604135836242,813,96.88986807052456,52,1.8632666936639337
24326,7.200847382696805,3.302297959556306,14.148839276880288,740,71.33189721990676,54,1.3209610596279031
24327,7.247297541553791,3.5511778593479426,13.974509536928327,764,82.94422180502323,57,1.4551617860530393
24328,6.424611949583666,3.7426987244446246,14.576251975004231,802,70.0108201390366,58,1.2070831058454585
24329,7.4508186315632585,3.2392557874983243,14.562829883854764,761,64.57252274181747,52,1.2417792834964898
24330,6.59104071458905,3.619589467117426,11.37900307777107,623,60.211932536902275,56,1.075213081016112
24331,6.625920244812635,2.699713952886379,7.103466250801939,319,74.0375235536613,43,1.7218028733409605
24332,6.590967583220412,3.494815007239434,4.74074876577685,257,53.54879915597825,52,1.029784599153428
24335,4.444653623191124,3.0540844712234345,1.4985818076396245,65,10.886753815852433,30,0.3628917938617478
24336,6.870036455174367,3.821697372944785,9.990593447429804,567,78.99469058026226,61,1.294994927545283
24337,6.474927576046744,3.907583015350234,11.860806447438609,659,108.79517072350232,60,1.8132528453917054
24338,6.935943636297727,3.864507245188184,13.530763355348965,755,83.43124770681224,58,1.438469788048487
24339,6.5791611564523755,3.9773238306283876,11.783153860593089,662,94.05545013901062,61,1.5418926252296823
24342,6.740939686960684,3.554616360895234,15.843934514264966,860,58.86426261078782,57,1.0327063615927687
24343,7.154234970057189,3.706353252996405,13.280101020830237,748,76.92858471962045,59,1.3038743172817024
24344,6.783386991003967,4.1935700434394425,13.296555299685295,781,94.81973921932621,62,1.5293506325697777
24345,6.886761004480768,3.6790501452628437,16.274390652894514,885,64.7425916330837,57,1.1358349409312931
24346,7.19248642633079,3.6439826331920844,15.739890096948288,890,69.04163004398707,57,1.2112566674383696
24347,6.655421706842824,4.0171663082591555,15.084627469657956,869,91.06079750588516,59,1.5434033475573756
24348,7.0073429368106295,4.151521156219153,13.686214034061202,822,78.97481365432387,63,1.2535684707035535
24349,5.878516688102995,3.6872833823776237,5.420741305535279,299,44.78235249393736,53,0.8449500470554219
24352,5.996384763068185,4.725947006761632,9.824921644101305,613,130.11105984742446,63,2.065254918213087
24353,7.254393509488082,4.208291774440718,10.86814086850834,654,66.61272818291457,61,1.092011937424829
24354,6.707835548789647,3.708493754682687,11.188987176223074,598,53.49967908505027,58,0.9224082600870736
24355,7.238990747241658,3.405387003174959,11.049940103076313,586,83.55684456555376,55,1.5192153557373411
24356,6.749992001645951,4.285967407579216,8.412945363962582,504,78.9797210338484,64,1.2340581411538813
24357,6.83115350830758,4.09681465446943,8.293169858845351,489,114.58616644948835,61,1.8784617450735794
24359,6.709536965874928,4.28713260224998,7.575612514642339,459,115.15801997129036,60,1.9193003328548393
24360,6.655980890870125,3.7005358089217797,10.904952055203758,603,90.11938807329008,58,1.55378255298776
24363,6.223612925076828,4.09173927413305,5.841148840196624,342,75.99825614352382,56,1.3571117168486395
24364,6.959836579323589,3.330928716985521,7.35007927628426,385,44.34990992508162,54,0.8212946282422522
24365,6.762421045532543,3.417820960160979,8.137064487659588,429,76.58580083015434,50,1.5317160166030868
24366,6.802108435636272,3.1473915404575963,7.866824724931868,399,78.68602897148308,50,1.5737205794296616
24367,6.968933299867496,3.1857983029211168,6.570748792801434,328,46.843347779593515,48,0.9759030787415316
24368,6.804313592676504,3.346153476611444,8.35652844177127,439,68.61198007440291,53,1.294565661781187
24369,6.842966033026568,3.0011878292440484,7.376526675235018,357,51.012299025038025,48,1.0627562296882922
24370,6.0679195431473145,2.977412170975745,7.445162194851564,355,52.12242265226194,46,1.13309614461439
24371,6.529426110861579,3.4201460242750454,7.721601260510788,408,87.14062998949905,51,1.7086398037156676
24372,6.086305690522283,3.6708694560455917,5.878598059930992,327,96.06401884503565,53,1.812528657453503
24376,6.262753878340596,4.0260918715205225,8.09642222354864,458,89.82961799967852,60,1.497160299994642
24377,6.805659778220823,3.310501587750162,12.912344857128486,663,79.97975751659635,52,1.538072259934545
24378,6.842260688861191,4.086577228353443,10.113569496273279,604,52.5136060384037,62,0.8469936457807049
24379,6.957286248941537,3.638219335318323,13.031070221253719,718,69.55251488538016,56,1.2420091943817886
24380,7.286084940762917,3.654636369524931,12.03905230708206,670,74.74208848746983,59,1.266815059109658
24381,6.912477917655994,3.3081750225415107,15.334465616870514,795,87.86043351158601,55,1.597462427483382
24382,7.4840405460150405,3.3339660141273204,14.135830960717229,750,86.95036759971467,54,1.6101919925873087
24383,6.9532343476954415,3.6228927289566366,13.698234687259596,756,87.01460755149213,56,1.5538322777052167
24384,7.081302866048,3.219986465375892,6.246592619435822,328,56.626000126411505,51,1.110313727968853
24385,6.48555579240174,3.9263608997118564,5.4991956943156834,320,87.05709483395734,59,1.475543980236565
24386,6.414540949605279,3.648361650504087,17.32520804107711,955,77.53509263314263,57,1.36026478303759
24387,6.802382636534225,3.6146091027997502,14.88021374710676,815,47.17021508703862,57,0.8275476331059407
24388,6.738009182870059,3.9313049318238873,15.476670842436906,898,74.87661890858601,60,1.2479436484764335
24389,6.957570823810748,3.0639323590465337,14.033028556783641,691,55.907298386163866,51,1.0962215369836052
24390,7.021542283972075,3.720483698831704,13.419267191164401,744,72.73627154320826,57,1.276074939354531
24396,7.273144981302526,3.7061392510522086,14.743610745326256,813,53.03154920780593,59,0.8988398170814564
24397,6.692919602719189,4.0200448243696885,13.5658696911655,805,73.4839574267793,60,1.224732623779655
24398,6.93518187585588,3.6336906633149906,9.345325737635884,511,47.47192116461873,57,0.8328407221862935
24399,6.519806299458708,2.5459062732400017,4.880584368655176,210,57.23068960473385,39,1.4674535796085602
24400,5.649772603040654,4.966125145478293,7.848192229579842,481,131.20658796604545,65,2.0185628917853147
24401,6.585365484579553,4.346271287439122,8.8303181650499,540,85.50449446886024,65,1.3154537610593884
24402,7.348791264811878,4.0904874349531894,11.358712943412916,673,75.43477233729422,64,1.1786683177702222
24404,6.528753092019853,4.6131823928113205,13.380062228781846,846,82.38403440794157,63,1.3076830858403423
24405,6.947465806973653,3.1746108552608314,7.059573136667806,368,80.76021087385726,52,1.553080978343409
24406,6.876540760976063,4.2295203016053105,11.127924361581229,674,64.83936779788172,60,1.0806561299646953
24407,6.590534276469793,4.229819246007893,10.618973075922671,643,58.25401850385382,63,0.924666960378632
24408,6.49797589249212,4.504188905049607,10.119883753385269,616,98.14082549358115,64,1.5334503983372054
24409,7.545279130560727,3.756998332663791,10.663199609738193,601,57.66181211173601,60,0.9610302018622668
24410,6.914646219462783,3.977627381436074,10.00512990123127,581,73.17705938946868,61,1.1996239244175193
24411,6.447075105669719,2.9464406981769096,6.082111258353382,291,60.61581380386143,48,1.262829454247113
24412,6.894805602226766,3.2786464615308195,6.71667434698273,354,56.53127779052075,54,1.0468755146392732
24413,5.76146482016679,4.170962105129806,6.323680482173368,360,101.0946791874876,56,1.8052621283479928
24414,7.003009827234555,3.433563201309968,7.571387716698547,399,76.4423384489136,50,1.528846768978272
24415,6.499589262094751,3.924407225260432,1.908184704411224,109,19.722134930301053,42,0.46957464119764414
24416,7.5085245471409765,3.5919375073657247,11.855653163575607,656,64.31192271882954,55,1.1693076857969007
24417,6.978902287336643,4.262942025286895,12.349195827338438,764,97.32274353493885,63,1.5448054529355373
24418,7.0390082131979295,3.7234456478539166,13.13781217494093,748,92.2256763811792,60,1.5370946063529867
24419,7.168661529946167,4.077202286653746,12.594131873497508,734,88.58959822663456,60,1.4764933037772427
24421,7.559075053164322,3.0764178937716737,2.1070574093148684,106,19.43318376582542,37,0.5252211828601464
24422,7.319763062662491,3.4376215955886407,8.89831895955825,474,56.40393833984919,54,1.044517376663874
24423,7.115965133670487,3.1374711379833795,6.654676471637487,331,81.99314888420275,47,1.7445350826426118
24424,7.003353954833837,3.5462438614397995,14.46591836777455,789,75.53785399076959,56,1.3488902498351714
24425,7.12818521210269,3.4849229107763033,16.044131292224627,859,72.36671253737077,58,1.247701940299496
24426,7.379558897912111,3.1512537401859,9.950410716437593,514,55.45481794894895,51,1.0873493715480187
24427,7.1579727442850265,2.801051121937642,5.54257112991432,258,53.34940615790067,42,1.270223956140492
24428,6.884332473759158,3.4178347783115304,6.987543316181097,362,89.96559810210904,52,1.7301076558097892
24429,6.938452803401193,3.3053999609717626,7.394324597628311,391,57.264589073439154,55,1.0411743467898027
24430,6.983451834467732,3.380812061912867,6.7021419675735245,358,78.18371044624925,55,1.4215220081136228
24431,6.87344684694237,3.2557789367513945,7.42691975159047,388,48.50066193395308,50,0.9700132386790616
24432,6.9399589969587305,3.8621938290743336,5.50163285492135,326,62.62218589298485,60,1.0437030982164142
24433,6.497754948890102,3.2564929124798323,8.742858035355326,448,57.47443856460335,51,1.1269497757765363
24434,6.228816972494483,3.333682564417078,8.406791829559523,420,58.202829458157034,51,1.141231950159942
24435,6.876672450779241,3.329280430773102,7.133467610314246,365,106.59621902643825,52,2.0499272889699665
24436,6.802169168203014,3.3815486783426962,7.504054223633568,389,73.57657997807655,54,1.3625292588532696
24437,6.474998507665428,3.6009456681553433,7.30538740346241,398,67.5174987367887,58,1.1640948058067015
24442,7.229819786192081,3.0711946697582184,8.241258645696806,404,75.92130399176447,51,1.4886530194463623
24443,6.667125406676001,3.6206730459418677,7.198855630237947,399,123.52805606730341,59,2.0936958655475153
24444,6.809166375787161,3.324032483495824,7.203633706970481,365,61.79102748563813,53,1.1658684431252477
24445,6.318288901907679,3.158545512867877,1.2044637898116637,56,12.406291677905873,26,0.47716506453484125
24446,6.473257308805163,3.321539776126752,3.848828022109544,195,62.29479020840954,45,1.3843286712979896
24447,6.364797949927127,3.5265127613883136,7.4393803954052125,400,55.90849626054889,54,1.0353425233434979
24448,5.47088058120915,4.986833346273735,2.2009548444736606,133,34.848478511851965,54,0.6453421946639253
24449,6.289412480499677,3.004072146217844,8.505393742685147,398,77.31596246319313,51,1.515999263984179
24450,6.455503064768515,3.9329391833887413,7.5430243454594805,420,68.99432544296317,61,1.1310545154584126
24451,7.281268052233391,3.270032913811966,7.976253036996552,412,72.20764708973219,54,1.3371786498098555
24452,6.81483808776753,3.4551430048641003,8.270751197614334,434,59.98439940806474,57,1.052357884352013
24453,5.971724485556529,3.5821480281120825,7.721205395814034,408,108.75523527114058,52,2.091446832137319
24454,7.601128219519312,3.4372027694162073,4.029781418609093,213,68.15783466188749,52,1.3107275896516826
24460,5.528859879950301,3.7213977598343733,5.985036375886718,306,42.52921306147528,53,0.8024379822919865
24461,6.337370823103952,3.1590431139668116,2.058765221370766,103,17.967429387611396,36,0.49909526076698324
24463,6.113816120289382,3.4652297197452624,4.234852545806603,217,52.84439602392867,53,0.9970640759231824
24464,7.313677085184569,2.899130542632195,6.286316176829655,300,88.23975734027978,51,1.7301913203976427
24469,6.632570414337741,3.2330461818356797,7.0108770906007285,359,77.71419210458704,51,1.523807688325236
24470,7.791309899394095,3.374828323463479,5.918665830083099,316,89.50421262237352,54,1.657485418932843
24471,7.485805758005991,2.917746892516121,7.93944417687075,386,46.56221632747797,48,0.9700461734891244
24472,4.723043610630858,5.152048011888174,3.774038080131557,226,64.60765071856459,56,1.1537080485457962
24473,7.492813098123806,3.0708421391193497,2.3311885851825367,113,18.812706366598952,43,0.43750479922323143
24474,6.6486947200110516,3.2349077943028606,8.383975810239397,421,49.178361039926266,53,0.9278936045269107
24475,7.626095021871562,3.2517526177595517,7.291248658512346,365,71.35155559743507,53,1.3462557659893408
24476,6.768962034543007,3.423666880979723,6.351444986464405,328,79.70281572178962,52,1.532746456188262
24477,6.313351658107786,3.144646140322267,6.678535047336451,334,78.97493898291007,52,1.5187488265944245
24478,7.034948043021118,3.8855103086762077,7.0675327003593615,414,62.40192472540214,56,1.114320084382181
24479,7.166640715284492,3.377864337398595,6.355911968666681,330,68.27789749444588,54,1.2644055091564053
24480,6.211664887268269,2.9929667685119994,3.3440407366922584,164,24.574467629467893,42,0.5851063721301879
24485,7.319979955515343,3.5395801396665876,3.1415616806711557,162,31.939084989265996,53,0.6026242450804905
24486,7.486094545950075,3.0700667887540103,4.747722054675704,235,61.49785601796041,47,1.3084650216587321
24487,7.368625708998059,3.641188244129593,4.284003674046811,224,54.95536185455843,52,1.0568338818184313
24488,6.834044502500773,4.273638440456559,3.66305093898163,218,49.362735331412196,58,0.8510816436450379
24489,5.709151539628633,4.321812593886217,3.585341221555629,207,51.177613060192925,52,0.9841848665421716
24490,6.847814923845609,3.4551148918406827,4.4965637646776715,235,71.06227378432004,51,1.3933779173396086
24491,6.900068905960254,3.4148951522648194,3.7672244167563833,201,57.04616539380778,51,1.1185522626236821
24492,6.425265368991152,3.2872257842749466,4.229114660636845,224,59.785884590902526,55,1.087016083470955
24493,6.709282159544729,2.7908083129637826,5.428697390028922,234,57.27215303037664,44,1.3016398415994692
24494,7.391484024740565,3.501785989860279,3.8854933088401,214,43.20086198965112,53,0.8151106035783231
24499,7.07650235175472,4.049192323190494,4.944858135951445,270,75.10589953734001,59,1.2729813480905086
24500,7.25425053083524,3.334915866558877,5.977857316825406,312,53.43830389223886,55,0.9716055253134338
24501,6.592404398248942,3.984679254797492,6.005657776026772,336,113.94317989798854,56,2.03469964103551
24502,6.213979281808366,3.876781563838279,7.130749571721388,393,65.49709300682966,56,1.1695909465505296
24503,6.393599336243293,3.4222073672259055,7.25958294701861,388,66.04573495279179,58,1.1387195681515825
24504,6.836369139215865,3.650496411095245,6.497529386054111,367,72.79240502174342,56,1.2998643753882753
24505,7.488003557336126,3.2281174642850674,7.34914444871708,368,32.2886707673557,51,0.6331111915167784
24506,7.477780307817633,3.3029423629003083,7.740896860680604,408,74.29515781375416,51,1.4567678002696893
24507,7.251297167077267,3.471753109089778,6.193229981311146,335,87.41016474449057,53,1.6492483914054825
24508,6.390861409478019,3.85226875171588,4.735574217201223,260,56.5785978754856,54,1.0477518125089926
24509,6.537645899066442,3.696701521678949,6.6794042079015625,376,67.68120355189963,58,1.1669173026189592
24510,7.347903713921946,3.64761091099395,6.721853111421703,376,49.20621161284153,57,0.8632668704007286
24511,6.853916768997969,3.3206557155000866,8.43350881508716,429,65.96953593956943,52,1.2686449219147966
24512,5.369002614611881,3.9258857545623043,3.9715238829808683,205,44.1964097130812,49,0.9019675451649225
24513,4.566123447634413,5.725609443555529,4.539439229151636,290,96.49073549775132,62,1.5563021854476018
24514,6.971682707735416,3.948196743412638,5.570959919005508,324,101.98502455853408,57,1.7892109571672645
24515,7.1220334684854185,3.9360222844933284,5.880533679761457,337,91.08099655710178,57,1.5979122203000313
24516,6.7224003325368695,3.075713898758718,6.843926768496032,333,56.217792870158966,50,1.1243558574031793
24517,6.9346501504714295,3.537477477312435,4.386893093418879,243,35.295129728504236,53,0.6659458439340422
24521,7.129566577130457,3.640974521922631,6.30829773615688,330,78.22402763801887,57,1.3723513620705063
24522,6.572107311240438,3.1247262614266247,7.56851851364387,381,60.98133072487451,51,1.195712367154402
24523,7.096306333338377,3.0752846656304054,6.171091401378579,300,60.116749449510465,50,1.2023349889902093
24524,6.823647411344928,3.0181535224107243,7.143499082666405,344,53.69477383438303,50,1.0738954766876605
24525,6.543133587313807,3.0118170933644386,3.055118736225598,155,28.7083948091698,40,0.717709870229245
24526,6.737807560996982,3.6693021546073585,5.470493873049559,300,67.48950949114581,56,1.2051698123418895
24527,6.318259132860296,3.5018112011955287,5.427038247634495,293,54.39165355046832,53,1.0262576141597797
24528,6.8887073776625325,4.157253500037346,4.227157270400923,248,46.75608890506656,59,0.7924760831367214
24529,7.078531759533951,3.5792331739284826,6.228390493662727,331,80.15445115085153,53,1.512348134921727
24530,7.7271410471895114,3.7300053469702057,5.43656934622103,312,62.41631942475897,59,1.0579037190637113
24531,6.969567372720103,3.54854128866634,5.564155962964892,304,55.50091181776228,53,1.047187015429477
24532,6.753557713295749,3.3487071060889018,5.539571738581606,295,88.30165185235556,54,1.6352157750436216
24533,6.643069399029624,2.8963970209907832,6.95353276948417,318,88.74946295944834,49,1.8112135297846599
24534,5.1773139147719025,5.050928598039428,5.182503651939609,311,60.4922444761235,59,1.0252922792563306
24535,7.282737879220329,3.357655732848079,5.658617928152405,293,53.44217179975289,57,0.9375819613991735
24536,5.116169289960125,2.2014311739747945,0.5322220224695158,18,5.698207780384313,10,0.5698207780384312
24553,5.928617664547058,5.662864713872577,1.562405991057329,104,21.136527499002842,54,0.39141717590746006
24554,8.101066467232252,3.694003716748317,1.2611166794741815,69,16.369383809694288,33,0.49604193362709964
24556,6.822514257677592,3.2667160866383376,1.6207419732610515,83,15.996184138287257,36,0.44433844828575714
24557,6.907842816732519,4.31743164843063,1.199192043640617,73,17.094027901146397,35,0.48840079717561136
24558,7.556386248162271,3.0579725865419984,2.0700428855962367,104,21.317641105595495,41,0.519942465990134
24559,5.391303376327258,4.1670166586514075,1.5830750440595962,89,15.896812631393404,41,0.3877271373510586
24560,7.710728997816954,3.626975976666521,2.0521640541024984,107,20.21711335440376,43,0.47016542684659907
24561,7.8852366978823465,3.0041592491326647,2.5467261226664455,126,28.843755786853116,45,0.6409723508189581
24562,3.9841427960436677,5.302995256110168,1.7360600586013428,103,24.252774616707807,40,0.6063193654176952
24563,12.282264080892363,0.5138320309815998,1.1643073652058566,18,6.306087439860755,10,0.6306087439860755
24564,6.258638583496991,2.8807828120613093,1.4804226173526152,68,14.816270005552084,27,0.5487507409463735
24566,4.977176021424165,5.961443753083195,1.2761586187480172,82,19.03042921505652,40,0.47576073037641303
24567,3.1252526027270195,5.964869991965031,1.3404931964046118,76,14.951752273550415,36,0.41532645204306706
24568,6.929193215633007,3.3501783270211054,0.711788329792422,35,11.49293662346914,19,0.6048914012352179
24569,8.615970727371113,2.9157970054070828,0.5751614867592321,28,11.376550218376765,17,0.6692088363751039
24570,6.66487160348334,3.346450414343795,1.8915797607323122,97,20.40247837980961,39,0.5231404712771696
24578,9.908354263172432,-4.132693298599056,0.1207611014213597,6,4.958475446596639,3,1.6528251488655463
24582,9.69618221847334,2.6725036081934332,0.6468303031057998,27,10.539865014732822,19,0.554729737617517
24583,10.658393385652467,4.492839488170496,0.42330386212269216,27,11.721122205256872,18,0.651173455847604
24584,6.642183422636639,3.378740830417474,0.7987033155574967,40,16.063235516051023,21,0.7649159769548106
24588,6.936287361597793,1.516563820148889,1.249880824619572,43,11.906824802180983,18,0.6614902667878324
24589,7.50065063799034,2.8608240103924696,1.8780201878314042,85,15.632759894574026,32,0.4885237467054383
24590,6.920927824904218,3.8019509251349923,1.6475523569110622,85,22.656224319503096,38,0.5962164294606078
24591,7.200707369664361,3.2320288264756067,1.9137235548752294,101,23.312509609476706,40,0.5828127402369176
24592,7.794922133507053,3.911154648743299,1.5083427573035906,87,22.440959345070578,45,0.49868798544601284
24593,6.613498192497392,4.7964178767851875,1.389621062073979,85,23.770953135220616,44,0.5402489348913776
24594,8.103836766185749,3.7990770430268803,1.373477788155109,73,16.62008563105049,39,0.42615604182180744
24595,8.054452731273575,4.148641892577899,0.973009373771859,58,14.439748804004065,33,0.43756814557588075
24596,8.01449732926409,3.228248055378103,2.421165162334292,118,24.205413778419025,44,0.5501230404186143
24597,8.271608492164136,2.4101874373733416,3.1609762837413014,134,33.130026307371786,38,0.8718427975624155
24598,6.942791252304516,2.9851534889439812,2.004904399308893,95,19.979302389717965,37,0.5399811456680531
24599,8.447279126442721,2.8102367487658495,1.741850806419633,83,18.35936027718099,32,0.5737300086619059
24600,8.279059739527495,5.061431619711985,1.4627311736079474,109,27.868256668590167,41,0.679713577282687
24601,7.289244595662156,3.228607980919977,1.7521763458883013,92,14.389377301682853,36,0.39970492504674593
24602,7.207818161636457,4.06562402241728,1.9150104546021698,113,25.298860352523945,42,0.6023538179172367
24603,5.591805728844523,4.871310754595652,1.9048525421660516,118,20.519009979382574,52,0.3945963457573572
24604,7.440387420874832,3.9860387253063836,2.420444206174238,137,35.9004047713338,51,0.7039295053202705
24605,7.207275053956009,3.152845738722844,3.1164853218049857,155,43.450965253944986,45,0.9655770056432219
24606,4.19991646123355,6.539063776459677,1.2886530669877663,81,17.476383201926534,42,0.4161043619506318
24607,7.215829281126798,3.9933898684113034,1.4322370447163288,76,17.625696114101522,40,0.4406424028525381
24608,5.954373226560636,3.2998647514099364,1.4280467431476647,73,12.67776767831152,35,0.36222193366604344
24609,6.6701047384373755,4.025596016313864,1.4319860509644655,82,17.736208186012313,37,0.4793569780003328
24610,7.740990376456952,3.8205232159753084,1.360831358833191,77,16.710879879280963,34,0.49149646703767536
24611,5.4842360274197635,4.813364283861623,2.9469132007172893,173,43.807205808446284,53,0.8265510529895526
24612,6.8948119928045015,3.8320527668018145,31.22690592973678,1790,116.65780592068262,59,1.97725094780818
24613,6.668761139674149,3.653045215079887,31.894686069903084,1749,85.20925263500348,57,1.4948991690351487
24614,6.7254820037220595,3.787988640929517,29.894181657223875,1699,70.37108470051419,57,1.2345804333423542
24615,6.172287072015629,4.292257350421691,28.190007637927096,1661,106.45952992828619,61,1.7452381955456753
24616,7.0300486778395745,3.8685250314641086,30.06148028018181,1696,78.78187859451766,59,1.3352860778731808
24617,6.760485590158062,3.9345991647741636,29.852926710872847,1685,96.42398748447502,60,1.6070664580745837
24618,6.614343989074589,4.375493218803477,26.336136091697377,1588,86.68903552441616,62,1.398210250393809
24619,7.635067919657512,3.764096444723228,5.091797860384055,283,80.71244990513804,58,1.3915939638816903
24620,7.44969991804413,2.859734608675665,1.3682073157404528,72,13.043798217904024,25,0.5217519287161609
24621,6.992279347155102,3.5983383023847786,18.308319075677385,992,69.233694649369,56,1.2363159758815894
24622,6.654741012859016,3.317056562379692,8.6064271871163,426,74.82571975318653,48,1.5588691615247194
24627,6.677868626682995,3.12562294283244,15.552197305370965,771,62.16947356498099,49,1.268764766632265
24628,6.873777146685861,3.431744797789851,12.942489887744575,677,84.82122147758317,52,1.6311773361073685
24629,6.222002151735783,3.2977632995259403,17.090713292605596,877,91.05478508929386,51,1.7853879429273305
24630,6.64315523374516,3.8839670179924117,12.372262451187831,715,90.13907565060975,56,1.6096263509037456
24631,6.604775951583881,3.368264657351785,19.478575139005226,1008,85.09683758186844,53,1.6056007090918574
24632,6.851510104626288,3.275821109123215,19.117903907917825,1004,55.97479053940215,51,1.0975449125372971
24633,6.914590218530846,3.525609121122064,5.304605399657554,290,40.91528578803928,55,0.7439142870552596
24634,6.626754179159912,3.158224798711936,18.642276729916507,940,52.927499395147095,49,1.0801530488805529
24635,6.872636064160374,3.4173821619784865,11.990924885250244,647,83.24515812314911,52,1.6008684254451753
24636,6.142511404255363,3.5498512126573107,7.041704825105991,372,51.33476966322107,51,1.0065641110435504
24641,6.388340736119674,3.375705521132932,6.405908221464269,350,50.43492194189553,50,1.0086984388379105
24642,6.832509437669791,3.6622165170075545,9.021183866070414,487,60.08759389722559,53,1.1337281867401054
24643,6.870460815168588,3.2932507298144396,7.519650727226071,388,53.549745706225345,49,1.0928519531882723
24646,6.400361246202612,3.9701218278954205,20.345711311909007,1147,78.44653703328426,57,1.3762550356716536
24647,7.032721612723679,3.834596746783279,18.6850154506766,1060,73.08984007203051,60,1.2181640012005086
24648,6.446208609830272,3.3860970088914835,17.769201019568865,934,88.3493542753147,54,1.6360991532465685
24649,7.23551260031467,3.7778447367556196,17.163830562888705,966,68.80933326468377,58,1.186367814908341
24650,6.7452719103302465,3.8030811859928044,18.69500801922519,1051,79.27342806522239,56,1.4155969297361142
24651,6.2922647648197945,3.039993759420925,9.083004271650568,448,46.175488815364986,46,1.003814974247065
24654,6.000878747581961,4.41237338825984,10.945827497392285,658,94.66792411382627,60,1.577798735230438
24655,6.795322256228776,3.7918982208545096,12.639303641789176,702,54.83687995197794,58,0.9454634474478956
24656,6.074869570149809,4.673996536557465,11.79683194357234,719,65.33115736313381,62,1.0537283445666743
24657,6.005854551221199,3.65972848242556,12.279519316953715,647,59.24973124251468,52,1.1394179085098977
24658,6.91575670182305,3.7808815505786764,11.996699160674279,657,110.47625033250189,58,1.904762936767274
24659,6.015409564310514,4.763861889129446,12.253088810266972,735,137.06434880226558,63,2.1756245841629456
24660,5.987508218763712,4.412815424340002,7.032031549649924,416,88.03997497464701,60,1.4673329162441169
24661,4.980231898343286,5.217405514459225,10.499171411146023,639,77.59812296302626,62,1.2515826284359073
24662,6.059877480990333,3.7604441007112808,12.522528590082757,675,86.72874441321342,55,1.5768862620584259
24666,6.454011528228182,4.119703280795319,39.20176048011712,2284,99.13103827011777,60,1.6521839711686295
24667,6.589574861774085,3.9604836663796457,26.853831912091838,1530,65.91728655886655,60,1.0986214426477758
24668,6.564741805560608,4.165747267926606,30.47150516737259,1789,87.0245477882232,61,1.4266319309544788
24669,6.929079799057335,3.8126581919234983,32.527822784828686,1851,104.09333340999758,58,1.7947126449999584
24670,6.433740644558676,4.292249260820564,26.512518194181936,1574,92.85761070837538,61,1.5222559132520552
24671,6.757824231304669,4.121425710217106,28.113305783184526,1656,60.77616863710446,62,0.9802607844694268
24672,6.773232931116101,3.3084566258530117,27.593088262880066,1409,166.7270602671287,54,3.087538153094976
24673,6.5003407016978905,3.557043582429966,10.066491009526072,546,119.78362529340008,51,2.3486985351647074
24674,7.088512892786367,3.6964837939371566,26.894521436849807,1525,93.09106298580832,56,1.6623404104608628
24675,6.636642265795809,3.108652028638316,24.29450681217052,1211,73.61721748532085,51,1.44347485265335
24676,6.494568234565667,3.7098601061916736,19.470030150430834,1096,72.40867128706508,54,1.3409013201308346
24677,6.46109712874962,3.762627404086418,20.199078074763293,1121,82.7792360102213,55,1.5050770183676598
24678,6.544363355987425,3.351593222306064,18.772965131212025,976,86.928076265371,53,1.6401523823654907
24679,6.374424807633798,3.3225777179616203,20.18829766170522,1040,92.7133006249735,53,1.7493075589617642
24680,7.002113585418901,3.556424630998091,25.900871420164144,1423,75.62365108572965,54,1.4004379830690676
24681,6.772473223495712,3.358988972561414,15.667597234179356,811,62.37402305287183,49,1.2729392459769762
24682,7.419674845165749,3.1737627314176553,6.763601615047783,348,44.936704751846776,47,0.9561001011031229
24683,6.927800846017128,3.0741810225883635,6.056572408602707,301,61.14139289997456,55,1.1116616890904465
24684,6.707358556423787,3.551130413750036,7.66793734675756,399,51.02669521553893,52,0.9812826002988255
24685,6.35628078066415,3.1612890476596167,9.345513294439185,465,58.53460345462209,48,1.2194709053046269
24686,6.735541729649509,2.963096171134458,8.638461195041186,414,59.05466133784208,48,1.2303054445383765
24687,5.8115268812997805,4.015306125507067,12.643973295374884,693,84.52624651392877,56,1.5093972591772995
24688,6.203124073506976,3.696252025524369,14.064587655194515,743,78.14128434894047,55,1.4207506245261905
24690,8.089205339663598,3.137716947665445,10.623793504216874,529,43.83286979240442,49,0.8945483631102944
24691,7.384891165383286,2.987566390942499,8.360092853865538,401,59.20084533480127,48,1.2333509444750266
24692,7.215712869343385,2.937242113701626,9.946407331568786,490,94.96720415608122,49,1.9381062072669637
24693,7.544905779466202,3.0349435906773685,9.140922635748904,443,55.35941206827213,51,1.0854786680053359
24694,7.579757976573903,2.7547825672387454,11.854645205584895,542,51.050623724523874,43,1.187223807547067
24695,7.786797580488514,3.147979476532975,11.379338428992817,577,50.44618399663888,52,0.9701189230122862
24696,5.893248105104548,2.0445011281704826,0.9294800511631438,37,13.368359689568093,14,0.9548828349691495
24697,7.14439098578717,2.8304994170209072,9.75967728379919,475,72.03745830675712,48,1.5007803813907732
24698,7.157075730560472,2.58404659377802,11.007768958485004,484,48.32522894751222,44,1.098300657898005
24699,7.707559191302097,2.9026425454510107,10.31658228336501,491,56.154043764348366,47,1.1947668886031566
24701,7.960707175271798,3.201491383959276,11.24231300309815,575,89.70764377243728,47,1.9086732717539847
24702,7.5545522928885,2.660603283161602,8.371867398220912,376,38.60627546294831,43,0.8978203596034491
24703,7.707109062151387,3.382657442737436,4.448276215328192,235,56.430703953844684,48,1.1756396657050976
24707,7.63374386798455,2.6605140660838256,5.425047599537727,253,58.71932371849839,42,1.3980791361547236
24708,7.728579555814344,3.2150691919058154,4.887043105695583,239,69.33461998502631,48,1.444471249688048
24709,7.2892467567938395,2.6430525531826445,5.587668330753748,250,42.94830391503782,39,1.1012385619240466
24710,7.460468184460834,2.417582833566948,3.33416814919668,140,35.610744681997545,33,1.0791134752120468
24713,7.768202476765264,3.1806315521554422,11.901654735015494,597,63.29853218408114,50,1.2659706436816227
24714,7.776583207856246,3.0924217603895454,13.39006007407519,673,68.16287355420098,48,1.4200598657125205
24715,7.660539209871978,3.0732126383341183,12.364539327800207,631,113.76951512537403,51,2.2307748063798827
24716,7.7614801626032985,2.7677869881046875,13.849885852349185,632,75.61332293064467,43,1.7584493704801085
24717,7.548578747501129,3.1076503925807137,12.208121510930363,597,58.76893948287212,48,1.2243529058931693
24718,7.021216880132892,3.0564937341910783,12.53389507099603,612,68.4950245847254,49,1.3978576445862327
24719,7.486126418330113,2.791521865600243,11.314579041596044,542,56.481086114085876,46,1.2278496981323017
24720,6.918772749748146,3.028686905919464,8.484971740464447,408,61.51747708095637,47,1.308882491084178
24721,7.784894831491627,3.0190705673740914,8.340904076659198,412,47.17977171250095,45,1.04843937138891
24722,7.766335038995284,3.4163408752034066,7.922934072338202,425,60.42298110509917,50,1.2084596221019834
24723,8.057718987696088,2.7824189506310604,8.289891911608063,389,57.23646252558103,41,1.3960112811117324
24724,7.115941255829028,3.119461328242997,3.2081249821331532,165,34.32976326141383,45,0.7628836280314185
24725,8.346040964074403,2.453081836566702,4.353699178959432,185,41.08771012561679,35,1.1739345750176224
24726,6.663722823731594,2.9724876279855823,3.2371482602410406,156,42.423249006219386,38,1.1164012896373523
24727,6.42672453247738,3.2167748428701026,2.483412786045592,124,28.6585697748289,41,0.698989506703144
24728,7.272405409343664,3.293762864620554,3.2947360775086922,173,38.16078541617956,42,0.9085901289566561
24729,7.532155066165588,2.6971796091289955,3.7581393589227012,177,50.806246139018086,37,1.3731417875410294
24730,7.838450713307879,2.7378948334069766,4.610589940816665,218,52.17182700687095,43,1.213298302485371
24731,7.97746136605936,3.1737943986016295,5.123827573810306,262,38.07542813191291,48,0.7932380860815189
24732,7.618253739720903,3.363507462294013,4.451067466407684,238,71.99215903966606,51,1.4116109615620798
24733,6.622478560673649,2.0576219265966484,2.4838679372193924,95,15.67115856325928,29,0.5403847780434234
24734,8.083751726990519,2.4959237243492383,4.904718856616368,227,34.39457103584795,40,0.8598642758961988
24736,7.090282388129798,3.0623651625945048,4.818749373302658,235,70.39140126747694,44,1.5998045742608396
24737,6.951094600954629,3.3834118828715773,2.3982148596949724,127,35.848250176017714,40,0.8962062544004429
24738,7.798898305676621,3.108635114856324,5.832955328716955,286,71.48206730446255,48,1.4892097355096363
24739,7.623102484989343,2.6722895998572183,6.290008644512951,288,47.73533299708015,41,1.1642764145629305
24740,7.337811438934325,2.999995364769044,5.896840321944238,292,71.9084670228599,46,1.563227543975215
24741,7.7221473791942135,2.679930253070321,5.84965171688684,259,65.69341877354394,38,1.7287741782511563
24742,7.474953063583272,2.6252505989278396,7.175716401382791,309,73.46092642257912,41,1.7917299127458322
24743,7.333870257614442,2.916056332637446,5.873448882163986,284,61.58573500436163,42,1.466327023913372
24744,7.70320072693809,2.893426771256443,1.0589684547946001,48,8.769212597663369,27,0.32478565176531
24745,8.100637966261388,2.795194648097853,3.7077341543294198,168,40.01558521507846,39,1.0260406465404732
24746,7.108372072099982,2.835464713480085,5.991135252079825,270,63.95478451314542,41,1.5598727930035468
24747,7.6097852576348854,2.8995148573132714,3.7650212936849203,171,44.297574386798594,40,1.1074393596699648
24748,6.913966585167933,2.2913356732617856,1.952881773419534,80,12.638285413612072,26,0.4860879005235412
24755,7.70821905755547,3.08811300917445,2.4696166143121614,123,24.09701042677216,39,0.6178720622249272
24756,6.786127672990831,2.6887468228462286,3.524043599780353,163,28.92320278647053,38,0.761136915433435
24758,7.894147062116065,2.6900832725173047,3.3971981089271654,155,37.43189035244367,38,0.9850497461169387
24759,8.906794430226205,3.0429746773895348,1.3249711019673545,63,12.145840783582859,29,0.4188220959856158
24766,7.6886290002027735,2.5655347374791986,5.805443104302163,263,58.96208327590418,41,1.4380995920952238
24767,8.114825900626222,2.9494953199546208,5.683776670267328,277,56.91397427925337,44,1.2934994154375765
24768,7.736143573624182,2.7534721684997314,5.475794454422778,245,36.97750716482907,39,0.9481412093545916
24769,7.033655420237313,2.8918401163882717,2.236703715344247,108,21.42547836610967,37,0.5790669828678289
24770,6.934032272669068,3.0429581938531567,9.001792036237914,441,60.43626190580687,47,1.285877912889508
24772,7.474386485016736,3.229391399314572,5.3454900878730935,274,44.69452314840992,47,0.9509473010299984
24773,7.504725395960105,2.878306601339612,3.187897079824715,149,29.688430479087966,42,0.7068673923592372
24774,6.899529620067048,2.5466073639563107,2.0062990900239286,83,17.262593460502906,31,0.5568578535646098
24775,7.370953591361423,1.784091168088595,3.952570482283903,137,15.968513659569306,28,0.5703040592703323
24776,6.979316481504482,3.932121832129276,2.0525189964918975,119,25.829487111894668,46,0.5615105893890145
24777,7.611869563711993,2.7892196169883636,2.6992446801365966,118,28.230560697490624,35,0.8065874484997321
24778,6.023598832483462,3.1394042645457256,1.3342964790055643,65,13.30217473778,29,0.45869568061310345
24779,6.030085643539789,4.064082508507662,11.393454143896408,650,90.55641602782762,57,1.588709053119783
24780,5.487728826151254,3.7056646103040056,8.591556923729845,445,47.82513232679647,51,0.9377476926822838
24781,6.1209765189256835,3.7303505895758793,11.3128370536657,620,50.43334403918889,54,0.9339508155405349
24782,6.272634750782227,3.3272957807886887,13.333764603532117,694,49.88855419563779,50,0.9977710839127557
24783,6.076805125639705,3.657714761660473,10.108004144108659,550,53.27855774958169,54,0.9866399583255868
24784,5.764119516158574,3.46774689786563,12.62334879136824,657,49.09068283887473,51,0.9625624086053868
24785,6.231002001624197,3.3058682286954464,11.034685327258913,562,48.54650271822453,53,0.9159717494004629
24786,6.468952601533527,3.4599786161305253,9.36308330669319,495,106.60201696654947,52,2.050038787818259
24787,6.790801502452468,3.330715938725696,12.046500437418981,623,78.54776696084869,51,1.5401522933499743
24788,5.7947949083904575,3.538004224084039,9.883085848510126,501,95.89765437900721,50,1.917953087580144
24789,6.456502176928212,3.2128982916383255,10.408420116297654,535,45.111266937826834,49,0.9206381007719762
24790,6.720722030309435,3.000065242270984,8.21771799695512,407,124.05841642452069,48,2.5845503421775144
24791,7.62498172409968,3.14258640797146,3.760954560161299,198,45.43621200273749,44,1.0326411818803976
24794,5.597644900006322,3.3609125434835105,2.517522728052565,124,27.568452571074534,43,0.6411268039784775
24795,6.615628244905835,3.2819165616001826,3.6745531238585083,190,51.29570704565114,47,1.0913980222478967
24796,7.178766531546238,3.4894643406048758,0.4541273218252125,24,9.399978127778237,14,0.6714270091270169
24797,6.315080343592458,3.3928776784051933,4.257910437346477,223,69.67493561493896,52,1.3399026079795955
24798,6.165243446797324,3.758621997630186,4.45537347934268,240,48.66031969646472,48,1.013756660343015
24803,6.696173625330598,3.1284226805438604,10.030458881368679,492,65.48987192830977,49,1.336527998536934
24804,5.935181081583583,3.3654166007669843,11.352401275044134,570,60.79982254544927,49,1.2408127050091686
24805,6.362584300890158,3.414828125422774,13.20027244003685,688,53.13939781352938,50,1.0627879562705875
24806,6.414675595251316,3.784365374002419,10.360352379389484,568,48.74719513203696,55,0.8863126387643083
24807,6.064890311977417,3.903248385176439,11.054652281454048,605,82.06521730657131,55,1.4920948601194783
24808,6.06802779879649,3.2510324288138923,12.980592045851223,661,54.676192133015334,49,1.1158406557758231
24809,6.118961303251661,3.66868421752364,11.547333448992745,613,78.78190692923081,52,1.5150366717159771
24810,6.002703334011178,3.9040886497000997,10.550769361453382,584,87.79662689122827,56,1.5677969087719335
24811,5.359894937721348,4.183153487412372,8.302162347973287,458,151.28671825541494,57,2.654152951849385
24812,6.650540218299928,3.267855607465697,9.283918992766711,468,77.05631338785643,50,1.5411262677571287
24813,5.902532355686383,3.379028858171788,2.7864428222866446,142,29.819310377497672,44,0.6777115994885835
24814,5.975819898875243,3.2369102143001474,4.966872588199682,238,68.68842108228965,46,1.4932265452671662
24815,6.974810873474968,3.293928254920096,4.917304564089287,249,79.22241546912146,50,1.584448309382429
24816,7.117328532728336,3.676955037716716,4.320927120092967,226,97.70142871839415,51,1.9157142885959637
24817,5.395165325360702,4.225848427514254,4.428962731645026,249,55.76956185871063,49,1.1381543236471556
24818,-3.0608028694512157,7.806037760661653,3.30978052883778,127,35.073464627436124,41,0.8554503567667348
24819,-663.1918386826397,56.697333639470834,2.6507527403983226e+30,138,45.561313950379194,38,1.1989819460626103
24820,1.6629007503373918,4.492491274816069,3.2083195554278374,140,27.31200324458036,37,0.7381622498535233
24821,-888.9636652713255,81.77370119781585,4.034732197776244e+25,34,13.065125162656189,21,0.6221488172693423
24822,4.620280627445821,2.639046643003285,0.9674625708516019,38,10.045912249221578,17,0.5909360146600928
24823,6.200381205036659,3.700389225305194,0.9382552394311139,47,11.480396422312289,28,0.4100141579397246
24824,-12.158607682172468,9.36950460386818,3.539331792495573,45,12.324429428406514,19,0.6486541804424482
24825,3.99690385476447,3.734563278391903,0.9378586412957199,47,8.922170843472374,24,0.37175711847801557
24826,-8.542338012747953,9.296663329500719,2.4875810802609384,62,11.538776611153502,32,0.3605867690985469
24827,0.5131031889193185,6.168690957906674,0.8953986574377543,40,13.34412933460263,19,0.7023225965580332
24828,-19.330468527205085,11.385404897473899,9.140384496231535,67,18.533268610898155,24,0.7722195254540898
24829,9.644212020973326,1.4036817084593132,0.7374890014675872,20,3.877462765525105,9,0.43082919616945614
24830,9.34180887737119,4.023158219298299,0.3734584148619103,20,9.78336107380552,14,0.6988115052718228
24831,8.767324467805844,2.3615303227425466,0.655537465867136,24,9.077271386270926,10,0.9077271386270926
24832,8.284299673567128,3.4307226413936944,0.5322263264391635,29,10.417843298995498,15,0.6945228865996999
24861,9.713105424211477,3.4689221807844137,1.1442571083572792,63,13.940958336889567,30,0.4646986112296522
24862,7.903150585225208,4.275901887184755,1.0240021315958263,55,18.01313779435261,29,0.621142682563883
24863,7.470111362697219,4.65835585720172,0.7576692206573779,48,13.46310826685372,29,0.46424511265012824
24864,8.631582844080645,4.487440543315724,1.138523078989783,70,17.727087302232608,36,0.49241909172868353
24865,4.814340161793559,4.61464479484375,2.06155463888709,117,27.575812519776562,41,0.672580793165282
24866,8.005581064290077,4.3909509899819374,1.713497078252528,115,21.012065377391853,50,0.42024130754783706
24867,5.285703399039635,4.16873713847121,2.3964002619852196,136,23.875558853028146,51,0.46814821280447344
24868,4.645294881843242,5.752974747672789,1.2188055907128028,75,15.865236784710847,40,0.3966309196177712
24870,2.1629167974444203,5.595125534724147,2.2943672832111925,121,28.39185436460137,43,0.6602756828977063
24871,4.089754239244831,5.121090300013039,2.3202426653928687,131,33.137834022666766,49,0.6762823269931993
24872,-18.415050301832007,13.500696393021384,7.692973268218488,123,23.793478637102922,44,0.5407608781159755
24873,2.4624503205182044,6.561090030256114,2.140614341436595,124,33.88200184703641,48,0.7058750384799253
24874,-8.811603174675133,11.315877837793069,1.0725514226799033,35,14.399225578353555,18,0.7999569765751975
24877,7.967111764259997,3.7837484058860924,24.7582999978236,1417,192.1697610671454,63,3.0503136677324667
24878,8.17253574665769,4.031976217206902,128.63163430493523,7697,240.3549270364413,67,3.587386970693154
24879,7.708719516397239,3.9943013419266395,25.407122068285478,1509,109.08944941997312,63,1.7315785622217956
24880,7.829244502857112,3.8100860185253973,175.0974021664148,10103,257.5465601090888,61,4.222074755886701
24881,7.958243801167669,3.6760635642118165,180.01546769575157,10192,367.2168530100454,61,6.019948410000744
24882,7.779493482143494,3.4409258538330794,115.71652685762797,6265,1957.5375650006006,55,35.59159209092001
24883,7.309598959122707,2.9806387417096194,58.43566787051998,2852,161.949317347993,48,3.3739441114165207
24886,7.69301250792319,3.558976200805536,100.048075908888,5519,455.9185941362035,59,7.727433798918704
24887,7.93345726019199,3.6091693670596534,79.0916270880956,4416,560.3823487007354,58,9.6617646327713
24888,7.8107278321121925,3.7370953117708074,92.90094622144942,5312,238.72445935851687,59,4.046177277262998
24889,7.608529082250112,3.3762176310801792,84.6422145519625,4531,170.1950835436774,53,3.21122799139014
24890,7.362680539974087,3.291549042396919,46.57381302787073,2456,90.86044661225117,51,1.7815773845539444
24893,7.350815624327509,2.9956729059927105,44.569253701164854,2239,132.9750416320121,50,2.659500832640242
24894,7.412626499691042,3.2030650243896304,50.098142635039146,2597,130.11686988124268,51,2.5513111741420134
24897,7.533100075827682,3.4343013236092674,77.9636387626303,4158,127.76755096502778,55,2.323046381182323
24898,7.667334318128555,3.5648211930677878,186.56781005527304,10346,305.4747398384681,57,5.359205962078388
24899,7.390190835558846,3.2817618553806107,53.51710537453534,2830,470.7539838876606,52,9.052961228608858
24902,7.715625216432959,3.6046153057804142,35.40577486151361,1980,84.40710655556475,57,1.4808264307993817
24903,7.86652437408288,3.693188992395475,93.95810569266837,5322,410.775218294487,59,6.962291835499779
24907,7.223049910923382,4.079582189957041,109.62121886123276,6526,163.49067105052043,63,2.5950900166749276
24908,7.255950910537273,3.9701160458753857,128.24633113682071,7583,170.18037061740839,62,2.7448446873775545
24909,6.746973079530998,3.5968668922138765,65.88442076195663,3603,368.53206336351013,55,6.700582970245639
24910,7.038213082027089,3.3849529893178234,64.23436257422433,3420,94.24687577004954,53,1.7782429390575385
24913,7.195088852438951,4.030231736831843,135.3698703360537,8013,294.5950980741152,64,4.60304840740805
24914,7.000497901595057,3.8461406596678676,57.02168828340049,3256,110.40504855201543,62,1.780726589548636
24915,7.3264764124671276,4.031480271348424,87.00218343900613,5157,238.04712266223626,65,3.6622634255728657
24916,7.4464483696059585,3.892748045608341,84.6067786991065,4919,140.19263230630662,63,2.225279877877883
24917,6.975829885806459,3.7822933269863412,10.293145201435605,588,92.88210351349775,61,1.5226574346475041
24920,7.030928263145019,3.607254445628396,96.34042950900539,5309,327.2363639571216,57,5.740988841353011
24921,6.724820451057579,3.311496712923033,47.45942023597947,2507,86.3894421819065,53,1.6299894751303114
24924,6.781760953660399,3.9248553988054673,81.8391760843668,4663,115.14075151970785,60,1.9190125253284642
24927,6.937512338598075,4.186514240043576,47.2339501404238,2821,89.65238932160595,64,1.400818583150093
24928,6.8920305199405245,4.205413944768144,136.12025301190346,8131,146.82891621279026,64,2.294201815824848
24929,6.988931049508298,4.20139933348657,85.46606937403222,5159,1165.8211463102475,65,17.935709943234578
24930,6.861817126209646,3.546246984367656,64.23818271555841,3458,213.19242927400686,56,3.8070076656072653
24933,6.625161461145287,4.43705483788262,90.8796356477715,5525,217.41120264498,67,3.244943323059403
24934,6.441219010862748,4.671629982800536,79.24404818016814,4949,183.29698925405904,67,2.7357759590158066
24935,7.15399347606897,4.3530377493451535,79.77515074629346,4890,149.66533027158724,66,2.2676565192664735
24938,6.879632916731214,3.923354968219143,130.71273166061883,7489,157.2664799580694,61,2.5781390157060557
24939,7.048443052405246,4.0465196458427934,55.20771356515611,3271,104.81018301870881,62,1.6904868228824002
24943,7.259367716615075,3.9276199735386172,141.8423078228008,8182,1390.2783835066896,63,22.067910849312533
24944,6.9603126040753995,3.9370282677527593,136.37989298191854,7890,147.714763181171,61,2.421553494773295
24945,6.936919014942575,4.07623421301183,90.82439285513072,5397,146.28378356304088,62,2.3594158639200145
24946,7.069322490795996,3.452888268825291,68.55628666227632,3647,98.08478214634289,53,1.85065626691213
24947,6.778324326956901,3.20921803821092,70.40737633144198,3566,96.45935403651242,51,1.891359883068871
24948,7.123564111310295,4.071221945346436,152.75204965837483,9095,163.70325407001363,63,2.5984643503176765
24949,7.08816977468977,4.0693683562385505,139.94733230216613,8341,187.61480041960647,64,2.931481256556351
24950,7.08561111664579,3.4945161092719093,97.41002265087208,5286,157.5423635230283,56,2.8132564914826483
24951,6.6446170831331575,3.425337836412533,55.75758403592363,2935,114.82418072691875,52,2.2081573216715147
24952,6.459528406537668,4.394705060742656,93.71067211730835,5658,367.14238535467496,64,5.736599771166796
24953,6.849798849701673,4.118057436249386,134.23040748202394,7939,163.31645241296678,63,2.5923246414756633
24954,6.770417239560659,4.211115417620727,129.3610604414905,7697,282.55555014100423,64,4.414930470953191
24955,6.297642018296378,3.6459343409957716,65.93838698656602,3601,196.1675320655935,56,3.502991644028455
24956,6.448584017324544,4.668166650179576,49.8804103597449,3074,170.2273537624998,66,2.5792023297348456
24957,6.603382299084416,4.522701229642532,42.18103909623514,2591,246.17339578727928,68,3.620196996871754
24958,6.811298886471261,4.4187674243638755,82.09523205348061,5027,204.95796366507773,67,3.059074084553399
24959,6.760169766159254,4.442748736783073,85.90671247197005,5261,141.51054555161076,66,2.1440991750244054
24960,6.946039941256986,3.4600535286716063,9.615450914837426,500,79.66273825540793,57,1.397591899217683
24961,6.760805349192228,3.3510198216476317,61.17142911543148,3191,132.04486956527546,53,2.491412633307084
24962,6.874981990241447,3.322903629129651,54.7088103351015,2835,88.5665388141076,52,1.7032026695020692
24964,6.9259410117304165,3.36877703552535,61.238775455861614,3201,189.46361105383616,52,3.6435309818045414
24965,7.090196395227549,2.737265488501857,40.332487812013966,1861,71.56383979419708,43,1.664275344051095
24966,6.930599505610113,3.034119810445162,29.605698578074094,1455,61.73435278704989,47,1.3134968678095722
24969,7.185663902739142,3.4188391872471837,68.44738536026927,3656,261.33497119554954,55,4.751544930828174
24970,7.132035117357376,3.2503383097201395,77.80652099701379,4039,101.32381645060765,52,1.9485349317424547
24971,7.053183605671495,3.391871800494412,72.67493812976657,3898,84.7173661414256,54,1.5688401137301038
24972,6.9926379433249,3.4815445475656834,73.26819059325088,3955,142.3995671546403,56,2.5428494134757194
24974,6.939611723719056,3.1227050462088006,36.923232046603125,1845,73.33860301977344,48,1.5278875629119468
24975,6.812249615875356,3.043969806599972,37.7019047288666,1845,90.33481261591668,48,1.8819752628315973
24981,6.987103186198266,3.3643110492198156,46.957059097207335,2506,89.6373277831119,54,1.6599505145020723
24982,7.072879293049341,3.4557760097481705,49.5749797630815,2649,80.47303826169853,54,1.4902414492907137
24985,6.8040201113876,3.473759810690769,70.00492521805249,3774,120.40083058595204,55,2.1891060106536733
24986,7.0459228419014925,3.562915288009577,69.12058649819718,3789,109.49243998792343,56,1.95522214264149
24987,7.127169804406972,3.4003028588465014,64.2881819365024,3410,94.1980229535838,55,1.7126913264287964
24988,6.746546343792645,3.1792809433446436,29.606404708687975,1521,78.10864439925408,50,1.5621728879850816
24991,6.904829392083438,3.3466373943091177,50.611406139302936,2671,102.98596156803086,55,1.8724720285096519
24992,7.0872846709580735,3.611712856205889,46.431559912808666,2554,99.96931216183242,56,1.7851662886041504
24994,6.947994790103346,3.5663938833073248,48.898080397838335,2687,90.54617233164227,57,1.5885293391516186
24995,7.040701653602818,3.5362156711844905,45.146393268895466,2460,93.76696943569421,56,1.6744101684945394
24998,6.77040860090908,3.3677581996951242,63.01823288987509,3305,119.34307693191644,54,2.2100569802206746
24999,6.824647325327498,3.3971790504314208,60.31021643557017,3186,145.61942757181302,55,2.647625955851146
25000,6.603417604882508,2.952959060185092,31.069980875571325,1481,76.04558294137769,47,1.6179911264122913
25001,6.809834459432418,2.991214407558744,28.502776717601595,1361,56.60980343161618,47,1.2044639028003443
25002,6.615854271945681,2.9469079342451754,38.64924394209157,1849,70.08663148425813,47,1.4912049251969817
25003,6.714782432147436,3.0302429796482944,33.51507551508479,1625,175.958290855454,48,3.665797726155292
25004,6.982115005592507,3.3765228930050553,48.71085329917798,2590,84.04750082092083,53,1.585801902281525
25005,6.987089113094924,3.25011124194112,46.308446267687444,2407,77.66932043385353,52,1.4936407775741063
25006,7.188460214892688,3.530637150839825,47.0273529616995,2564,105.46039050960749,58,1.8182825949932326
25007,6.878071963662276,3.279009149176556,61.46981354793503,3187,97.20761343227717,52,1.8693771813899456
25008,6.523039113626093,3.5245301470085937,7.524654438330961,392,117.0765973151436,53,2.208992402172521
25010,8.579693481525402,3.8521093792041365,47.656014561615635,2715,116.56885383116062,66,1.7661947550175852
25011,8.502912803842586,4.010267762666719,48.29700628119296,2801,154.1082796469568,67,2.3001235768202504
25012,7.908371378748533,3.2683784587185274,26.984370145087667,1392,90.69820951703102,53,1.7112869720194532
25016,8.652022648210602,3.7742721238775863,22.06635066592661,1239,141.8504987809351,66,2.14924998152932
25017,8.559231332290775,3.972482796752177,42.47288039443195,2438,149.07431008448162,69,2.160497247601183
25018,9.203121671760398,4.037398268225426,16.933294358693818,1000,88.85699355245151,66,1.3463180841280533
25019,8.42544283573203,3.1425749728637262,27.342334116845073,1372,83.62841917902882,54,1.5486744292412746
25020,8.172236440197972,3.0688879101739563,14.672960677789499,724,76.79892787085485,49,1.5673250585888745
25026,8.286861206867885,3.5056686324913917,21.917113593892925,1163,95.40696301669452,57,1.6738063687139388
25027,7.884858849354481,3.2287059252917074,21.164805056628882,1064,58.045758437294225,55,1.0553774261326223
25030,8.382093279656594,3.928225712988701,40.03951045386483,2288,123.68454418874292,68,1.8188903557168077
25031,8.3142485245868,3.819520661591155,22.87079936059853,1288,76.75331754055773,66,1.162929053644814
25034,8.316290778177052,3.513220033106064,21.254997310923006,1133,94.75328558636501,63,1.504020406132778
25035,8.105011105868972,3.247532408364746,19.155861852289334,967,69.6123969826378,53,1.3134414525026001
25038,8.49735101481116,4.168044616659495,21.715528080138032,1293,178.03973542644067,70,2.543424791806295
25041,8.381404842338405,3.9868312507819823,22.65140815973923,1309,169.231432608839,70,2.4175918944119856
25044,8.316026235802735,3.5422529614296603,65.82382647152838,3607,139.5555557404321,58,2.4061302713867607
25045,8.053403339875333,3.5688296909528074,71.20742514283359,3896,164.83517048685005,59,2.793816448929662
25046,7.526946754407136,2.9514863405186977,35.532815757027244,1721,93.1734518758712,47,1.9824138696993872
25049,8.037014599097024,3.4513946504900535,62.16697620895022,3309,143.2323708615001,59,2.42766730273729
25050,8.002438954337283,3.6782869002580902,64.28583748864489,3627,325.7437559044224,62,5.253931546845523
25051,8.155146346983411,3.5321182161016744,37.32602091883933,2017,100.83054242297602,59,1.7089922444572208
25052,7.690855810261852,3.1564184846453114,39.64485354673589,2003,97.01532873266599,52,1.8656793987051152
25053,7.676873835296949,3.1720035040327477,18.748729316759828,954,84.88991428348774,49,1.73244723027526
25056,7.6984942798113245,3.1310390748699577,47.638094280704,2360,339.723292868739,54,6.291172090161833
25059,7.958302292276151,3.400208507162281,62.17599159833004,3271,127.43244807911059,56,2.2755794299841177
25060,7.959404729810025,3.437331909976345,63.812566525201404,3417,134.30292176710088,56,2.3982664601268016
25061,8.069230195961975,3.571342118490136,50.835557386831944,2742,128.55168748611683,59,2.1788421607816413
25062,8.120842792856344,3.4845723922287144,32.10791547281683,1714,126.70163680218866,58,2.1845109793480804
25063,8.30129878510465,3.851178025900054,15.052153674792377,871,87.39155613630413,64,1.365493064629752
25064,7.999431324855174,3.4377352901733875,22.951443203579203,1208,77.01415463489414,58,1.327830252325761
25065,8.176067506766639,3.390781058904153,72.87533166309895,3808,207.23845116474803,57,3.63576230113593
25066,8.069966682297744,3.684166110321481,62.799512818146454,3490,148.72636911983602,61,2.4381371986858364
25067,7.934037460072245,3.5048985697750172,65.0033195141896,3483,268.9101751515377,59,4.557799578839623
25068,7.805269088996618,2.9975337208057784,36.388440630774056,1784,83.20886448737299,48,1.733518010153604
25069,8.323694627271898,3.461399632079965,62.515604139883045,3345,120.93239238024371,58,2.0850412479352363
25070,8.029237239837528,3.658802001070971,55.79987216670878,3095,161.77110583150005,61,2.651985341500001
25071,8.149000993593257,3.5588739679175023,66.64492646025579,3636,139.95620176667592,59,2.372139012994507
25072,7.753892123816094,3.354147108257185,37.67790984284156,1961,102.7637523509373,53,1.9389387236025906
25073,7.388293313995214,2.77411765305102,23.253475608714883,1055,77.27573217382724,45,1.7172384927517164
25074,8.070540253456278,3.175073906684131,29.503158484098318,1491,61.24602147444806,53,1.1555853108386427
25076,7.579384907887739,3.1545109812595253,39.81563230593168,2017,126.0462213308915,49,2.5723718638957447
25077,7.368822831481085,2.9728822063038747,39.57069086905315,1920,65.30416095735016,49,1.332737978721432
25078,7.572139847094182,3.2406477060004595,40.74821722189468,2096,115.14390979519932,51,2.2577237214744965
25079,7.314465940810177,3.0684351737462716,23.784277209632467,1171,70.14738351846299,46,1.5249431199665866
25080,7.174497262611661,2.7649122682820337,24.30884156744413,1111,80.54998170065838,44,1.8306814022876905
25083,7.539368461010368,3.123679021350886,27.916929433952678,1431,76.63047295423546,50,1.5326094590847092
25084,7.79202575763024,2.9621692591202984,60.06897446191526,2886,144.5629707972957,48,3.0117285582769937
25085,7.796665804836711,3.232186707501835,32.90778644752618,1701,85.56607193420801,52,1.6455013833501542
25086,7.646765235802742,3.2572465732388225,46.37899332529185,2412,152.80920702677628,51,2.996258961309339
25087,7.120853044721383,2.5843427020542724,19.076674869233337,832,64.08674506382982,41,1.5630913430202396
25088,7.405179495854987,2.909727573588341,19.23274984193566,912,51.36891402136977,43,1.1946259074737156
25091,7.490624948243598,2.909966692581377,5.136597007609868,246,51.23663755977556,47,1.0901412246760758
25092,7.572953352479334,3.0045979847429103,33.03599305098856,1621,78.2891171897223,48,1.6310232747858813
25093,7.586313710765793,3.2877359803302637,32.67260900927024,1724,95.19108451794895,53,1.796058198451867
25096,7.753283387107191,3.4342751685636266,55.29118454596167,3007,158.7879059248231,56,2.835498320086127
25097,7.723323966562296,3.4239237791339403,54.89850043643916,2930,125.10275848115889,54,2.3167177496510907
25098,7.711274903972987,3.20423388686581,59.875942494019085,3058,190.09771586326363,53,3.5867493559106345
25099,7.204738281371479,2.7738956736984868,27.884124334165165,1298,64.24790542114073,44,1.4601796686622892
25102,7.934704638126055,3.4762256998407617,58.86093965978475,3175,143.6475058956058,56,2.5651340338501036
25103,7.684018339155692,3.3077838800321397,45.95514243600335,2373,103.45669103749327,54,1.915864648842468
25104,7.737064515097564,3.189868486607604,41.284078950423876,2089,106.79279717559076,53,2.0149584372752973
25105,7.980490271306655,3.47389375745311,41.563686268003785,2226,102.77924752352975,55,1.8687135913369044
25108,7.557195102633456,3.348689359615311,50.3068662261129,2633,115.89732883731969,53,2.1867420535343336
25109,7.43604724092535,3.100710031749527,54.99344013495923,2736,94.62030477557472,51,1.85530009363872
25110,7.515339779485799,3.2121706267558174,54.735613109293105,2755,150.83035385632,53,2.845855733138113
25111,7.062468258453125,2.800658541446254,32.338453227384086,1509,61.848182277347625,46,1.34452570168147
25112,7.649727285279188,2.8830059351067057,31.438795469471742,1492,67.81500326998767,46,1.4742392015214711
25114,7.702733568178538,3.4553894352861394,62.74012501862337,3348,132.21842195535052,56,2.361043249202688
25115,7.880952656201276,3.392969846309077,63.74644715788109,3391,166.2001059282314,57,2.9157913320742352
25116,7.651357253351413,3.3489369139497356,60.86079058262193,3209,171.13858039778322,55,3.1116105526869675
25117,7.197316011472057,2.6297504317609373,27.167430654151126,1201,93.65508515053556,43,2.1780252360589665
25119,7.2263992231483405,3.0842530167975726,27.838212047955437,1379,81.2578625185136,48,1.6928721358023668
25120,7.498491034091326,3.045844060396198,33.35526709490198,1669,73.26406832898556,50,1.465281366579711
25121,7.58640827900343,3.1681766130486264,33.464411265619574,1715,74.4000861784991,50,1.4880017235699818
25122,7.9050988240731135,3.1292904050920356,46.571556201602284,2310,154.10447798330418,51,3.02165643104518
25123,7.854409796291746,3.276147233557051,43.39401074112134,2266,123.12252876578013,54,2.2800468289959284
25124,7.426466149918962,2.800573578177721,39.863353982175134,1846,80.3665220910458,46,1.7470983063270824
25126,8.154788689045247,2.3032785220537635,2.871479621991551,115,25.15045875266021,31,0.8113051210535551
25127,7.738667641339146,2.9567030007527624,30.34501641713402,1475,98.89924473356567,46,2.149983581164471
25128,7.604272671258855,2.941554021374508,30.145999876863396,1423,94.60098748287952,47,2.012786967720841
25129,7.849099350074636,3.0951941772136107,31.36387984174132,1555,70.68815797797208,48,1.4726699578744185
25130,6.729578043723835,2.806722795971647,1.403198590626116,66,11.736408331950699,30,0.3912136110650233
25131,7.678593170295851,2.864506997426683,21.92923638771765,1026,63.52501730950466,45,1.4116670513223257
25134,8.368765666796719,3.1858157659082664,17.062912556900578,842,73.48665592267461,49,1.4997276718913186
25135,7.8337788041214695,2.519321765727313,20.780156924196564,893,37.83514430735568,40,0.9458786076838919
25138,7.7080933493607215,3.1254745924281244,111.35927981135039,5539,281.968225859654,51,5.5287887423461575
25139,7.864737378326015,3.2758376943040353,121.77540506243253,6301,228.2265017163395,54,4.226416698450731
25140,7.978600788047198,3.2884727737505637,127.763338894193,6635,212.33873822284252,54,3.9321988559785654
25141,7.575200053887961,2.8208227013832166,82.56087030230889,3848,152.19413575862583,46,3.308568168665779
25146,7.927672866432504,3.0598816893146568,58.99430687389104,2927,173.14418873296,47,3.683918909211915
25147,7.442902253491916,2.8086484325319816,16.691021197436896,776,63.25162528220768,46,1.375035332221906
25148,7.746457397362981,2.9628321687170613,53.737649650817296,2574,199.83551730999852,47,4.251819517234011
25149,7.518297658709997,3.0942749556525846,46.76646618924866,2320,131.63284257909555,49,2.6863845424305213
25150,7.653611088227613,2.977119238802785,64.32801266999849,3119,204.95439678478306,48,4.269883266349647
25151,7.419316916361092,2.8001444423227335,38.745412740525055,1775,98.876203437619,42,2.3541953199433094
25154,7.608496952949777,2.9699529683245105,34.05315243356083,1649,117.89551587071378,46,2.56294599718943
25157,7.7289002224029355,2.8171044367687883,30.60164810987501,1407,77.62507468536569,45,1.725001659674793
25158,7.671754578653824,3.0551619176638574,50.29139407387563,2511,95.0249862994836,48,1.979687214572575
25162,7.715599482812812,3.0696512406131684,86.96689388743559,4295,151.5544856019075,49,3.092948685753214
25163,7.551538742983597,2.986319847994551,49.35927476181439,2399,222.72232438035167,48,4.64004842459066
25164,7.573410633122769,2.804579236222318,49.551770502923624,2289,83.57831153701255,45,1.8572958119336123
25165,7.7988337097673,2.922476828946604,54.99371657162083,2606,101.0063225199687,47,2.1490706919142277
25166,7.423005671774301,2.953092429372367,46.66647365355482,2236,282.543940122374,48,5.886332085882792
25167,7.586576225599699,3.0664182288740998,61.906977742850785,3038,132.70892808075703,49,2.708345471035858
25168,7.69054652080063,2.740676641910351,74.08635031791636,3387,124.80110275220197,44,2.836388698913681
25169,7.546338423465358,2.8531202082840967,63.70917514797867,2985,93.07454994506274,46,2.0233597814144075
25170,7.3919186927921885,2.7456890358758015,38.77320349035524,1779,62.41658930014429,44,1.418558847730552
25171,7.36262314114896,2.9186995366589747,32.57781034637613,1553,76.98575827282623,44,1.7496763243824143
25181,7.533690015560988,3.136993757454045,105.35859580906121,5322,185.2782472971699,50,3.705564945943398
25182,7.482249453459223,2.9241030422650915,90.39721368335074,4361,151.65295477593108,48,3.1594365578318975
25183,7.6971043625233815,3.3159091851066793,77.51736822930252,4046,165.72703882175406,52,3.1870584388798857
25184,7.046789758750042,2.744314126074888,55.305035729982464,2541,266.87523139133486,44,6.065346167984884
25185,7.394634022481466,2.9322811576729713,49.530286961540774,2392,104.24604240942989,46,2.266218313248476
25187,7.101438720145458,2.768044409889404,51.27862241377886,2394,149.8306571437372,44,3.405242207812209
25189,7.4563269291774725,2.9374073001870125,57.16593645584297,2766,115.55505473896379,46,2.512066407368778
25190,7.65113468042117,2.789478868020832,57.34371426016702,2677,148.06782252445953,44,3.3651777846468076
25192,7.78617001520337,3.375549840772761,119.67048364377865,6372,191.3773310129263,55,3.47958783659866
25193,7.760475457282211,3.372012987165505,104.33036532846175,5509,204.61477237890315,55,3.72026858870733
25194,7.434965891676587,3.2311593059435153,122.70931583321217,6276,211.69436680881822,53,3.994233336015438
25195,7.607371207543333,3.2911856061639764,73.48527375760774,3821,152.698924623102,54,2.8277578633907776
25196,7.811292507213397,3.260825040559896,62.4095893960153,3230,121.60511967988964,53,2.2944362203752764
25197,7.498456243460465,3.1985941174792236,70.09074520003911,3567,121.61649216981118,52,2.338778695573292
25198,7.6466575171501505,3.157984652605719,74.03423329646502,3770,144.23914921674293,53,2.72149338144798
25200,7.779763650303726,3.343765270108644,131.29738801699185,6937,221.38106671296924,54,4.099649383573505
25201,7.625557643941467,3.2538770339814476,156.32236034688924,8036,332.3088824151924,53,6.269978913494196
25202,7.224841091209108,2.8952881095938476,68.8318975046099,3283,98.1152943734213,47,2.0875594547536447
25203,7.460924773138242,3.0690067649539285,132.62645170127357,6594,229.98516205169926,49,4.693574735748965
25204,7.252940281674204,2.7828919232709866,55.11744859648019,2569,89.29612170094512,43,2.0766539930452352
25205,7.407900642671476,3.2074532649024112,89.44527178358389,4555,149.1827433812674,51,2.925151831005243
25206,7.178416352555059,3.0886403097320763,93.3198019846574,4587,159.47273910393184,49,3.254545695998609
25207,7.184967038690806,3.080287347857633,101.32088176248415,5014,172.35028514933194,50,3.4470057029866386
25208,7.1919762916789685,3.0873138735125742,77.57121593454478,3872,125.61139058994635,49,2.5634977671417625
25210,7.112900583626963,2.836946484027248,43.6178043242667,2046,102.00182634668421,43,2.3721354964345167
25211,6.891049121363435,2.792277974238608,42.938199886289766,2002,99.40669613160763,44,2.2592430939001735
25214,7.33684222757142,3.1048634459512914,73.91215753795959,3656,140.65241524183892,50,2.8130483048367783
25217,7.210356933770734,2.8785807399955194,96.41594406614205,4559,392.37568113732925,48,8.174493357027693
25218,7.215027386450177,3.08030997678512,101.16492104060073,5014,143.8735620169903,49,2.9361951432038835
25219,7.37939205232679,3.032275083319105,106.22038064973603,5218,140.9874687324058,48,2.937238931925121
25220,6.94450462024789,3.0801230356870297,43.68046762424333,2154,97.75121598186811,47,2.079813105997194
25221,6.865657747275194,2.8974187092481207,40.39515465333173,1918,122.48304368040036,46,2.6626748626173993
25222,7.268784148587409,3.082252691674908,85.29372566165479,4223,138.29163199672493,50,2.765832639934499
25227,7.241522610040512,3.1126068391129116,217.7364650693113,11033,255.1986205424808,49,5.208135113111853
25228,7.266122113470289,3.1296100977066543,179.07353403857746,9042,253.44229856865786,50,5.0688459713731575
25229,7.10463564473912,3.093962328406175,94.29955468489266,4696,191.71940836226196,47,4.0791363481332334
25230,7.063270178855666,2.793901960619136,82.22058046501702,3858,130.1209093712521,44,2.957293394801184
25233,7.307168409916658,3.010544092554343,96.82090105045508,4752,134.58497015168615,47,2.863510003227365
25234,7.128018678815913,2.962306556115942,102.30651730029733,5000,145.8459678920361,47,3.1031056998305555
25235,7.120821081068813,3.013569502000059,103.57152527650996,5107,167.39785579753377,47,3.5616565063305057
25236,7.0203671307975695,2.9171942698540962,54.3167780923461,2601,107.86910713999308,45,2.397091269777624
25237,7.134769381372345,2.8091376708514675,58.89693556248042,2772,79.19747728608979,44,1.7999426655929498
25240,6.929875362880301,2.9973643599025515,46.20091870721784,2252,129.10121725248456,46,2.8065482011409686
25241,7.011149173614579,3.1150583704107295,43.013107813029656,2162,177.35132418329084,48,3.6948192538185594
25247,7.081959451671665,2.9791123202819105,124.94709829970265,6083,169.17215944749734,46,3.6776556401629854
25248,6.937495201548464,2.9501777828324296,124.58315792366182,6051,325.4587507882288,47,6.924654272089975
25249,6.905210535441547,2.799064360375863,59.87977925624798,2752,104.41148848259546,44,2.3729883746044425
25251,7.068719693614292,3.0992855643636994,56.190821063977815,2831,181.64693580825775,49,3.707080322617505
25252,7.011544912217559,3.1133904072807597,53.288576510551934,2692,113.19489259019117,49,2.3100998487794118
25255,6.629065989136751,4.102981662574016,228.1225392433251,13353,249.21731870353744,61,4.085529814812089
25256,6.672647137413025,3.8923752795579594,168.8240863838395,9634,164.35666734554223,59,2.785706226195631
25257,6.7385956320447455,3.9564800468608965,137.59756410408738,7988,155.36014642266815,60,2.5893357737111358
25258,6.474650531337704,3.4047717225587792,188.40152162737112,9818,611.2253545800711,53,11.532553860001341
25259,6.4561076831095,3.5673716079101245,168.99151753238343,9080,225.56921110003225,54,4.17720761296356
25262,6.725659760453389,3.6228518305270248,204.00854860929107,11110,190.60585588631278,55,3.4655610161147776
25263,6.634992204582356,3.690720091490276,209.904197837749,11597,216.13242545404384,55,3.929680462800797
25264,6.554357917004428,3.6214104007810866,178.1494651658289,9701,744.7424425511699,56,13.298972188413748
25265,6.409432054875875,3.3205337674884996,114.47802618234205,5886,130.55908217496525,51,2.5599820034306915
25266,6.562918594085659,3.21321262413835,112.47949847981933,5648,125.55175894108034,50,2.5110351788216065
25269,6.230499304481828,3.6132767838496442,75.94017766176326,4065,153.92838394366902,54,2.8505256285864635
25272,6.391370653707805,3.8679017193211833,184.9826392617359,10372,346.9228758977091,58,5.981428894788088
25273,6.293404531814256,3.957081695969636,196.77714547163868,11136,253.95075946802334,58,4.378461370138333
25275,6.291868389909875,4.1491911786705975,105.14991575160651,6057,178.806526130856,60,2.9801087688476002
25276,5.932159132019034,4.334148763397304,103.4667198007751,6038,224.4585490613081,59,3.8043821874797983
25277,5.966541567425472,4.417286127307987,98.8781839967524,5832,357.78072946127304,61,5.865257860020869
25279,6.082668502576892,3.6580626075754883,75.7578251962782,4048,87.91326795899454,53,1.6587409048866895
25280,6.624717931771199,3.589260657312272,141.33763247607564,7708,179.0589063033505,54,3.3159056722842686
25281,6.788609127546363,3.527808526000967,144.27963643825572,7815,167.17590018280288,55,3.0395618215055067
25282,6.566469833776007,3.0910688504001174,67.4250365934146,3331,284.5030476426453,49,5.806184645768272
25283,6.535719056626184,2.9822784139281584,76.8011891564882,3718,86.59720675214623,47,1.8424937606839624
25286,6.730333367396416,3.5100997711817863,164.0760697860444,8793,282.9741304006811,55,5.144984189103292
25287,6.8911475062921,3.5075453008139177,146.47315412644215,7928,168.21865343836527,54,3.115160248858616
25288,6.9215166789478,3.4393298579131395,100.36470509237836,5347,119.75463285015188,54,2.2176783861139238
25289,6.610169347273849,3.1781931996518873,84.77433050497089,4218,133.44468922962605,48,2.780097692283876
25290,6.651441716786904,3.0568229207450335,79.6909254939035,3899,100.00804679666093,49,2.0409805468706312
25293,6.466986468804792,3.316443385040113,88.12965741139466,4524,569.3802774106333,53,10.743024102087421
25295,6.656896052464028,3.583731093158169,161.24174849753288,8801,167.76299153488333,56,2.9957677059800596
25296,6.644205553210521,3.5341073466112576,150.12619125838683,8062,155.6086783601844,56,2.778726399289007
25298,5.850791751742291,4.364812954647349,101.90623843959635,5944,329.97721070396835,61,5.409462470556858
25299,5.814820022170962,4.519097880083755,26.90882418829543,1610,133.72797431194306,63,2.122666258919731
25300,6.209178708731823,4.168308819089559,111.77227964601849,6465,174.40807108625413,60,2.906801184770902
25301,6.356188606719344,4.0267846969790435,81.01656688133285,4589,328.7873360142655,60,5.479788933571092
25303,6.347594814377687,2.9604198455611397,50.8914576603959,2422,161.17931478653685,47,3.429347123117805
25305,6.365243485674888,2.9825899394796416,79.26331456174486,3772,120.50683555038962,46,2.6197138163128177
25306,6.295843510093192,2.956904715422213,39.74227799516822,1892,74.49466409341588,46,1.6194492194220842
25309,6.69815953298465,3.4276621142205603,139.34119896142627,7405,160.6311481484208,54,2.974650891637422
25310,6.7561719846032355,3.4588503557894086,39.07125321241922,2077,80.06728293121725,55,1.4557687805675863
25311,6.873227715096801,3.3982019283474894,96.63243689961588,5082,166.20607892893844,54,3.077890350535897
25312,6.843747991530791,3.053092230107688,71.57298768328312,3526,88.59916148978998,48,1.8458158643706246
25313,6.6002386925793735,3.1575428115316835,73.66098908140101,3687,113.87696812347994,48,2.372436835905832
25314,6.652783149869231,3.325808187676041,63.29853110051868,3293,93.27804647300945,52,1.7938085860194126
25315,6.806784669245121,3.609014171703477,141.51328340591184,7831,180.64004792662726,56,3.225715141546915
25316,6.4525960595334535,3.194331846493167,75.39806751990055,3780,110.51204928065971,49,2.2553479445032596
25317,6.337978408056844,3.5506231789238076,83.78761014254052,4446,332.5824709610263,54,6.158934647426412
25318,6.598017766243713,3.189690619967838,66.74590667128106,3334,167.71489978576676,51,3.2885274467797405
25319,6.533302125263238,3.1973658345233362,66.20274448139938,3312,314.54215949082607,52,6.048887682515886
25320,6.680189873194774,3.2892305688229846,21.244324790364615,1088,105.61370854556391,52,2.0310328566454596
25321,6.759219925019516,3.2371011411779493,32.39899757501221,1633,150.03622365386514,53,2.8308721444125498
25322,6.6324515132323345,2.9190621749943975,36.25607187539241,1745,84.70680716583719,46,1.8414523296921128
25323,6.665291208105272,3.0044117270938484,36.81773813963861,1771,146.6048691871944,48,3.05426810806655
25328,6.5172208260939515,3.208902131537814,73.83281049351201,3696,106.48777236459276,52,2.0478417762421683
25329,6.63174081381834,3.384080455390292,81.59290052259577,4229,176.03855356474247,54,3.2599732141618976
25330,6.574822433992846,3.722067438082169,62.35015443517301,3424,280.299316149891,57,4.91753186227879
25331,6.485243794465773,3.4826966894241584,79.54452258922383,4267,216.27758907312864,55,3.9323198013296117
25333,6.9094323202683245,2.921842164602831,41.083810724870965,1970,67.3974975253749,47,1.4339893090505298
25334,6.556631579063529,2.928872091018368,39.77156990677841,1887,78.57734729067802,47,1.6718584529931493
25336,6.471361839350576,3.389366824890206,49.66346253243221,2565,180.37235366812047,54,3.3402287716318604
25337,6.315512941347673,3.326350962908183,39.85360117750253,2031,68.50405890768569,50,1.3700811781537139
25338,6.609557643302741,3.1650403718932254,38.87691445073075,1941,189.37617836638933,50,3.7875235673277867
25340,6.371741050487569,3.059753038921912,46.229366665264145,2224,70.60530200642881,48,1.4709437918006003
25341,6.654075631172857,3.667135652299552,20.73379844780218,1119,64.18006102339454,56,1.1460725182749025
25342,6.227279282362182,3.4226031945491915,32.60460740655997,1674,71.56977744893699,53,1.3503731594139055
25343,6.534715342829493,3.263484696929387,38.775590087238044,1932,81.77537747553313,51,1.6034387740300615
25344,6.77385752212503,3.40662627994771,64.25715539089218,3359,95.75518079615472,53,1.8067015244557494
25345,6.299722876412686,3.369987973864224,36.77069383533283,1884,67.57491365483719,53,1.2749983708459847
25356,6.516423610623913,3.3088522185037585,152.7101459659261,7894,171.7657659001543,51,3.3679561941206724
25357,6.64441107762233,3.214106136762181,152.9903851631107,7736,248.9090598383935,51,4.880569800752814
25358,6.548096787186252,3.353746528153008,139.31943255007937,7228,208.0314462947675,52,4.000604736437837
25359,6.663619232908758,3.050609172269336,90.51830510097128,4417,179.50783218392894,47,3.8193155783814667
25360,6.7970912257261515,2.983606036884992,92.6430478726978,4522,204.30844748011515,47,4.346988244257769
25363,6.4408689211477785,3.600277222073821,183.27877546069567,9895,207.99112896201885,55,3.7816568902185246
25364,6.493592165410673,3.654130121585993,217.12612542380668,11855,242.0149448749482,56,4.3216954441955036
25365,6.6548127514451085,3.1771789777942216,124.6502672544969,6263,265.01296963840866,49,5.408427951804258
25366,6.474300801195793,3.0810679859172403,63.8925638098442,3166,230.62862492481588,48,4.804763019266997
25368,6.5852660102934415,3.0018167925774124,67.4946382866474,3293,88.04119270207649,46,1.9139389717842714
25370,5.921249293390049,3.8270445663279964,5.376012697905392,298,74.35251723389642,53,1.4028776836584231
25371,6.535274402964261,3.354602335592415,158.0907059783077,8209,164.03110615281395,51,3.216296199074783
25372,6.286863220138315,3.578232493735566,176.81354880238433,9428,193.67371363132952,54,3.586550252432028
25374,6.341131214314973,3.6972435985231,137.27086561602303,7400,167.68283419673554,55,3.04877880357701
25375,6.119551877131713,3.8191126857783964,90.87269891464658,4985,394.81558641434196,56,7.0502783288275355
25376,6.287952755529976,3.693693637826818,86.44608774359484,4658,135.36722582968204,55,2.461222287812401
25379,6.0580131872565985,4.297692179770672,167.6602203566982,9748,192.69871849112536,60,3.211645308185423
25380,6.600051325066655,3.3878340818226147,158.28607751947212,8209,169.45638573300627,52,3.258776648711659
25381,6.862581662448197,3.3387358501687765,192.70235679783553,10023,238.7584588599772,52,4.59150882423033
25382,6.72431588170362,2.8476145307722542,99.97093627170882,4721,109.42287363485285,46,2.378758122496801
25383,6.6118431736728205,3.097722682490245,78.92977500049834,3945,255.42993277336137,49,5.212855770884926
25384,6.896512732500589,3.0129635490943993,43.70935189508021,2127,79.94176720707291,47,1.7008886639802747
25385,6.453198012636255,2.999460615428074,128.64088477075362,6249,216.73642451425658,47,4.611413287537374
25386,6.687570746756663,3.1438953369489564,123.70829580724312,6216,157.35447096334633,47,3.347967467305241
25387,6.6138779033165465,2.922737085726967,109.67761655378598,5252,212.22408382282543,46,4.6135670396266395
25388,6.69037993045056,2.8836955628896903,53.622269312769276,2515,98.73733384842345,45,2.19416297440941
25389,6.672075335280834,2.871137526611357,51.7168933813116,2425,96.01089577725044,44,2.182065813119328
25394,6.465036917070182,2.9488401142376084,42.26439728302926,1995,91.68439920775182,45,2.037431093505596
25395,6.43488569595799,3.0574155128005858,35.701537979886886,1747,74.00339106942883,47,1.5745402355197624
25423,7.265933233506124,2.767352427800615,52.6116535169631,2428,76.37537340179009,43,1.7761714744602346
25424,7.242965162031474,2.740309146318383,46.70239829199742,2140,82.08792335356208,44,1.8656346216718653
25425,7.152482851795282,2.812034597964478,47.40855069083978,2219,125.10802933245998,43,2.9094890542432554
25426,7.309886455162461,2.7746331333265544,46.54609619247035,2158,89.75449791548593,42,2.137011855130617
25427,7.286950503951148,2.637161695146316,49.29140132090692,2215,153.92450064474502,43,3.579639549877791
25428,7.300081351696819,2.7103473208601376,57.57746907427225,2594,91.89161975954146,41,2.2412590185254015
25429,7.382751036570024,2.6689309613401835,24.934410280179605,1138,70.8290999212286,41,1.7275390224689904
25430,7.046529805917149,2.569871224333948,25.062563687134258,1068,112.1107718023799,40,2.8027692950594973
25432,7.459807953325106,2.5664514684585797,26.48569634114029,1163,71.21521267817525,41,1.7369564067847623
25433,7.235865281748675,2.693896405418391,17.582589675480943,799,58.95568848252627,41,1.437943621525031
25434,7.315769138403688,2.951503176271864,81.63275971796173,3934,138.43547533709676,45,3.076343896379928
25435,7.574218422608992,2.908869927468194,84.85354873421316,4085,488.1183324138415,46,10.611268095953076
25436,7.385318386221734,2.8522963181509158,94.86535262065789,4503,243.55442938012558,46,5.2946615082636
25437,7.3801891626104625,2.758773121181319,90.31736935368919,4190,201.782391398318,44,4.585963440870864
25438,7.195777942333511,2.731462894693252,45.15939291231243,2062,76.52350611783427,43,1.779616421344983
25439,7.170564073908809,2.847486664966423,36.54854120984676,1726,79.98884129889097,43,1.8602056116021157
25440,7.263303484493175,2.573155826533014,31.23909752389597,1376,64.32954257800003,40,1.6082385644500008
25441,7.52857129293766,2.832043993878286,40.51013329022427,1914,87.45028375030938,43,2.0337275290769625
25442,7.487362263965855,2.865119999753378,96.09552098666543,4548,166.3177261480929,45,3.69594946995762
25443,7.7090040935434985,3.3090059617197634,143.67994146793325,7511,242.84580930177,54,4.497144616699445
25444,7.788180973781474,3.255545177770207,124.2610187493521,6421,213.8546576762327,53,4.034993541060994
25445,7.738514522522644,3.339898108865356,146.17495100587186,7685,235.4165163147058,54,4.359565116938996
25446,7.619177003595022,3.0197733226960786,68.52064165387526,3383,135.9319809269392,46,2.955043063629113
25447,7.7316258887036255,2.905345485065893,42.00255213546242,2031,150.36343559169683,47,3.19922203386589
25448,7.56421405871916,3.1862484241398237,96.62234988328557,4942,156.1885883941625,52,3.0036266998877403
25449,7.437457451809524,3.140215042801166,113.95054384067076,5772,190.56125773333935,51,3.7364952496733204
25450,7.531540345049051,3.187456776904707,91.26836667395263,4660,408.30696045704144,51,8.006018832491009
25451,7.41068511935635,3.02545300517722,52.38501210656212,2573,105.05122600750978,46,2.283722304511082
25452,7.204138333189822,2.795853170389202,54.771948430105205,2518,104.33798991612349,44,2.37131795263917
25453,7.54533783420659,3.0671882770110312,57.9395870847748,2845,127.17628731915623,48,2.649505985815755
25455,7.4864572547280845,2.9866904148108104,1.7921218750533607,77,17.424203491675176,32,0.5445063591148492
25457,7.159598705943708,3.287749789933591,3.065894789956279,153,42.864097241592944,46,0.9318282009041944
25459,7.436575189434021,2.325508676389604,2.010057855929632,79,15.33010343786693,33,0.4645485890262706
25462,6.761133415845497,2.2438338893768788,2.41842293001335,93,19.32439512728118,33,0.5855877311297327
25463,7.914408916652816,1.2208504600849226,1.2467845139366507,34,9.451123706428207,18,0.5250624281349004
25464,-25.011600457987633,19.763589390902105,1.0091411703033129,22,12.993336839151134,16,0.8120835524469459
25465,3.4604250857937418,3.4295618129472123,1.9742077972745924,92,15.991347283228732,31,0.5158499123622172
25466,2.9313752708393834,5.059593695425811,0.9788177928097932,52,12.299370835051466,26,0.47305272442505636
25467,7.183530372148915,3.445254801874904,2.7220738760011933,139,33.51315697447648,49,0.6839419790709486
25468,-37.97964821332465,16.112975649190965,57.33153202761926,115,27.35353545297281,43,0.636128731464484
25469,3.458487183840558,3.956946506056435,0.8892999462119029,44,8.950813951906262,23,0.3891658239959245
25474,6.351966594471967,2.359762625582482,1.6821848917739666,61,10.850693486923436,24,0.45211222862180983
25484,7.565169647458293,3.3383023081658214,109.41911557323071,5736,448.81405222621316,55,8.160255495022058
25485,7.748145271122955,3.3403918412132443,135.17048107781065,7142,202.73066527307105,54,3.7542715791309456
25486,7.612502949879358,3.262978018932205,144.07676616517614,7438,204.5351568636722,53,3.8591539030881545
25487,7.720459698839801,3.3683010128181023,139.0887472040746,7457,238.87842929536637,54,4.4236746165808585
25488,7.762283807681092,3.3966327747559952,142.99648269276852,7603,273.4014297549956,55,4.970935086454466
25489,7.491488637584511,3.039713087559169,74.87196011458641,3706,131.4861131151258,47,2.7975768747899106
25490,7.46074046894083,2.8247537967430314,59.8968265852478,2804,115.51350880202875,45,2.5669668622673054
25491,7.447117370148861,3.2238068955681856,116.99924599981995,5998,200.3055483051796,52,3.8520297750996075
25492,7.592599201941323,3.1706387984446374,111.23430650823036,5617,177.00255309923872,50,3.5400510619847747
25493,7.492356815575855,3.239173918750817,103.69472304959777,5334,176.8334909070355,52,3.400644055904529
25494,7.505036552441605,3.246962721392211,87.73750508632263,4538,472.92734656486056,53,8.92315748235586
25495,7.584029317881368,3.1746502923843614,122.37786999206486,6202,230.0802597925337,51,4.5113776429908565
25496,7.397881183914465,2.8135858555418007,53.10279284015984,2485,171.0880150646887,45,3.8019558903264157
25497,7.310066968359287,2.8045040167394384,57.10168822296245,2666,85.8069727975258,44,1.950158472671041
25498,7.285110032204034,3.0717770311661123,56.96593672351145,2852,104.76373290591741,48,2.1825777688732795
25499,7.8709240077114915,3.0290863211597494,62.8085974141682,3129,103.1312465931923,50,2.062624931863846
25500,8.049981955827556,3.4271044625814495,51.933958997037465,2802,134.45809168655015,54,2.48996466086204
25501,7.667472384886377,3.358808870854869,58.81518858291164,3136,117.21409845674523,55,2.131165426486277
25502,7.588864452174019,3.2952943652642133,61.36879307040521,3167,131.07038677638212,54,2.4272293847478172
25503,7.7678912305575105,3.3143302141974496,57.84534507786022,3029,122.67945351975132,55,2.230535518540933
25504,7.5270889773248975,2.9195708972281404,27.10419637009962,1312,92.35761718637623,47,1.9650556848165155
25505,7.260647390107674,2.852085272594763,28.565804801389643,1352,52.93649340479419,46,1.1507933348868302
25506,7.642165350482667,3.382967938851756,60.04789593330176,3157,129.4491041043631,55,2.3536200746247835
25507,7.762197990664055,3.247461643007735,67.725131190375,3540,107.60234665280899,54,1.9926360491260924
25508,7.609644211021979,3.3566998245819852,61.224828160903606,3205,161.67366975680847,54,2.9939568473483047
25509,7.716843403073778,3.3756022906683967,59.412059574746785,3100,110.46859578937841,54,2.045714736840341
25510,7.502974738646893,3.221031354378026,22.033640624342414,1124,76.30622928849273,57,1.3387057769911006
25511,7.632399097642198,3.3661237486226554,38.29079335007253,2016,121.53183060192963,56,2.170211260748743
25512,7.354200825315318,2.762549975302337,30.104768658606574,1408,91.31428016180044,45,2.0292062258177874
25513,7.065450536966972,2.958941573909267,29.164899161247682,1384,81.00012641216678,47,1.7234069449397187
25514,7.403530565782082,2.9780869526728977,25.070343661495173,1195,85.58834413880673,47,1.8210285986980155
25515,7.959021653099457,3.8721039826915855,6.075080764566198,352,46.81148019199951,56,0.8359192891428483
25516,7.645727013486225,3.289069763500267,45.422245277911074,2332,96.0783225403949,54,1.779228195192498
25517,7.307752037779511,3.1509443365294256,51.963376517729664,2627,112.45080633232396,52,2.1625155063908457
25518,7.528504897328024,3.1961220537065596,57.00248266144833,2910,108.73839502991824,52,2.0911229813445815
25519,7.520003042938048,3.1257693473872044,53.69402074746496,2671,117.63356143048622,52,2.2621838736631967
25520,7.383751474885845,3.1248198973748806,59.059140082475096,2965,126.78751237888542,52,2.4382213919016427
25532,7.797565438651014,3.5204026349016697,56.469362958130176,3059,191.02259428447678,56,3.4111177550799425
25533,7.906345133605598,3.6301518064623255,31.60399758366185,1769,94.28947019123441,58,1.6256805205385243
25534,7.705509495084843,3.1053058090992844,46.943927046383635,2361,123.90161872527847,53,2.3377663910429898
25536,7.858694048078625,3.408984876970679,14.198070091971594,769,72.2451806385431,56,1.2900925114025554
25538,7.660474357297859,3.461925069312807,52.04889547997862,2768,114.05595625014041,56,2.036713504466793
25539,6.221569749270795,3.7966105011597064,63.524867487964706,3479,126.17788743599655,57,2.2136471479999393
25540,6.591464790194964,3.7915350130535246,67.66312623309972,3801,94.9135054624498,57,1.6651492186394703
25541,6.536640590325742,3.731991466624208,64.16217822871864,3516,175.40362950820287,58,3.024200508762118
25542,6.497174060172123,3.8396079823701,69.61000292202586,3921,102.80109542565006,58,1.7724326797525873
25543,6.694439965009832,3.5903876319605965,71.92759990577058,3908,118.18841949639307,56,2.110507491007019
25544,6.302852301212531,3.973108080457988,66.00629837533837,3703,108.19195803083203,58,1.8653785867384831
25545,6.245325819849956,4.067445537053135,53.27920865402237,3042,87.9915963254411,60,1.4665266054240182
25546,5.803933191910838,4.289255582710052,62.97159133556023,3625,203.6634582223537,60,3.394390970372562
25547,6.410243140052525,3.822456613608072,72.66446117206604,4037,112.73534200593247,59,1.9107685085751265
25548,6.364425842021809,4.109539041506775,36.160973531699696,2064,88.68199853993474,59,1.5030847210158431
