run,mean,std_dev,amplitude,nevents,chi2,ndf,chi2_ndf
23861,8.591870596782808,3.2016902751896574,11.933782651472864,619,60.41973014086257,51,1.1847005909973052
23862,8.650023049529256,3.3879281369377994,12.618985442865327,676,72.15511196167441,55,1.3119111265758983
23864,8.951074614848917,3.294120459670051,12.073448638683951,627,53.65322280931866,52,1.0317927463330512
23865,8.892054990649802,2.9234255868734413,7.6471722476171795,380,68.27108049715959,51,1.3386486371992077
23866,8.98262553879147,3.672997656297435,4.046111658516995,241,53.84873499248624,57,0.9447146489909867
23867,8.511324396692737,3.3593243420085104,9.863159598752754,546,57.93849383394624,50,1.1587698766789247
23868,8.608386432926542,3.098719336246647,10.949073796320015,561,67.05695695839022,50,1.3411391391678043
23876,9.25352818370503,3.3764302535661734,1.0495321698016167,58,12.221880033695403,29,0.4214441390929449
23878,10.169822324432845,4.6182319921789095,0.5757043168858696,39,12.420184354722283,26,0.47769939825854935
23879,7.488719218786264,3.931640855685761,0.6205578159955614,33,13.97459880765837,20,0.6987299403829186
23880,7.979595455073848,2.5437088803614447,0.5743756500985915,25,10.436591004973758,11,0.9487810004521599
23881,6.135049091680229,2.5587454491055044,0.743886537577929,32,7.354680742812371,16,0.4596675464257732
23882,8.971547004261469,1.895563432409739,1.1639870901090896,38,7.681778256450968,15,0.5121185504300645
23883,8.863373512697333,3.7869267238433655,0.6806958303386265,40,12.182413460991857,21,0.580114926713898
23884,4.851099652400945,1.6818362945658127,1.2084793083754448,42,8.790682859306436,17,0.517098991723908
23885,4.123216032261571,0.4411836685508076,1.7561889591246793,22,9.306314907647366,8,1.1632893634559207
23886,7.339879049652957,1.9198665263757821,1.0426383454812687,32,5.918144947970603,17,0.3481261734100355
23887,8.663062458436263,2.9139796508155706,1.0084111226781252,48,9.277225236521506,24,0.3865510515217294
23888,8.642655542660515,3.617039636518852,0.6195035392065498,34,10.35682080519475,20,0.5178410402597375
23889,7.253650149218246,3.7420171141573424,0.8042744404571416,46,12.412169688352636,24,0.5171737370146932
23890,8.485044224673914,2.4830820921217374,0.5421449953634966,20,8.835381234732484,7,1.2621973192474978
23892,8.265332803528393,2.75748428658518,1.2300164661915332,55,12.980230285096379,26,0.49923962634986074
23893,7.7618645519938605,3.0880645669752367,1.201900399323899,56,13.317641253497655,27,0.493245972351765
23894,8.564936637409344,3.522694092504316,0.9934178386365188,51,13.082335264251743,33,0.3964344019470225
23895,8.686930870120412,3.846564689686686,0.8911889769559914,53,14.002583224008262,28,0.5000922580002951
23896,7.026435840973064,5.134758467671699,0.5684857939689208,35,14.394857658133091,24,0.5997857357555455
23897,8.594381021528054,2.9958090990753985,1.2386663779418952,60,12.692962956254856,27,0.4701097391205502
23898,8.466388891510448,6.141591399673183,0.7572957022743365,61,18.499012743503258,33,0.560576143742523
23899,7.496381421430377,1.9732777198862836,1.8736037506379921,59,11.624919114208202,22,0.528405414282191
23900,7.977209778808215,3.7379302836406474,1.0592281365205027,63,15.481558591464397,30,0.5160519530488132
23902,7.997214645639444,2.478770659878048,0.808528628201656,33,7.205947142109666,19,0.37926037590050876
23904,8.112027210263207,2.516083360854008,1.8328235683816583,81,13.421689402358375,30,0.44738964674527915
23905,6.775771000232816,5.278335832666301,0.8581995839235742,54,16.345695240481255,35,0.4670198640137502
23906,6.543343521810947,3.1760385215459457,1.2259283603738205,66,12.470175485628506,27,0.46185835131957426
23907,8.327878894667913,4.536971922226717,1.1807370895684517,75,17.801182088185552,37,0.48111302941042033
23908,8.225943050550436,1.99927860466676,0.7239316029037381,28,6.852798270019697,11,0.6229816609108816
23942,9.18645781534281,2.642295631366055,0.6243839010555208,29,8.91385655844105,12,0.7428213798700876
23944,11.261773160732828,2.570568787514431,1.3645002731866034,64,10.158766499223972,25,0.4063506599689589
23945,9.803465345386122,4.401364504061767,0.7290487935332841,48,13.365843505994668,29,0.4608911553791265
23946,7.988853458563532,3.294961990570228,1.4021018217531458,66,15.293867634000868,34,0.4498196362941432
23947,9.065709237284652,3.484648455760333,1.265446227347173,67,15.655737044078304,34,0.4604628542375972
23948,6.895960263621816,2.8933674736414177,0.9212136860097105,41,12.477268894993635,23,0.542489951956245
23950,7.959249433604344,2.991248381977596,1.6078050062314113,84,16.161847771561135,30,0.5387282590520378
23951,7.6591942245646605,3.993780535394135,1.5287440866217652,90,17.565353885580958,42,0.41822271156145135
23952,8.270470226156155,3.5779164010892126,1.4929502642005312,83,16.402891028544044,32,0.5125903446420014
23953,6.81883322908077,2.9634296657622587,1.3291556653562522,63,11.355409091371593,30,0.3785136363790531
23954,8.22442578508007,6.315854855098163,0.34894763073617474,25,13.934969011834099,18,0.7741649451018944
23955,10.513383877061951,2.1256955658613794,1.0317550504775508,44,10.395412127222968,13,0.7996470867094592
23957,8.664394191371896,3.573647787761851,2.236836196237715,124,32.08175606567749,48,0.6683699180349477
23960,9.094468342113183,4.811488498111132,6.090093273821324,396,143.7831767405089,75,1.9171090232067853
23961,9.230765944798968,2.727154548212228,2.780407003715087,120,26.172082648582684,41,0.638343479233724
23962,9.107084142596943,3.2571932882972727,1.0672479850363332,50,12.024278670718095,25,0.48097114682872383
23964,9.533321311272271,3.993717466721221,9.839453021331275,572,114.56532620824862,67,1.7099302419141584
23965,9.429415858681207,3.818953966057842,9.123109962468064,516,118.95252757119634,66,1.8023110238060052
23966,9.22242136204469,3.9439949180201253,11.445667776462994,660,89.10878829845774,69,1.291431714470402
23967,8.6189804235495,3.6656244793280846,5.504532307711812,291,121.71946147501123,62,1.9632171205646973
23969,9.639959113172528,4.061565020348695,9.615669123941325,581,73.90944607852286,67,1.1031260608734756
23970,9.336088167298561,3.669922817278492,10.38903421112608,572,87.43329485829307,61,1.4333327025949683
23972,9.72889839731652,3.878073031613976,6.021048109629142,340,59.4323931407618,62,0.9585869861413194
23973,9.23889211476181,3.575626880244028,2.2292221346640657,120,25.13128361709768,48,0.523568408689535
23974,9.682306855129562,4.257145440024367,6.3927397895814995,388,71.72500425410433,64,1.1207031914703802
23975,7.854724258250497,3.5798713397437605,1.4116670023439866,75,16.390188639727096,38,0.4313207536770289
23977,9.112763780664844,3.642643475674392,8.096441325745733,449,110.78925362099085,62,1.7869234454998524
23979,8.90758591231817,4.089212441892655,5.33330108428465,315,44.53040942471568,64,0.6957876472611825
23980,9.115908165620272,4.195777861104512,4.066195736231935,242,72.73030875813105,60,1.2121718126355174
23981,8.957694195665388,3.02057696943349,8.14335219800491,403,74.01469804334036,56,1.3216910364882206
23982,9.574174724909046,4.088706122339469,1.7930362069614365,115,24.141961905764656,44,0.5486809524037422
23983,8.843737149897656,3.8674443383415027,9.557053904875584,541,79.74352803849685,65,1.2268235082845669
23984,8.92832303847708,3.9839856448234126,5.898617205546598,343,100.32621857789374,60,1.6721036429648957
23985,9.038365241924314,4.131150729157469,8.69466240707809,524,69.74656692164606,63,1.107088363835652
23986,8.95073488147908,3.613416595668791,8.852141767962792,498,70.37227751161633,57,1.2346013598529182
23987,8.640405237637234,3.077717081197926,8.460129856291754,411,73.87872493569947,57,1.2961179813280608
23988,7.921147596321501,3.435321753712784,8.282708942135654,434,90.25846766626897,60,1.5043077944378163
23989,9.079981508608155,4.147675529073293,10.711090403199538,644,129.2170308324912,69,1.8727105917752347
23990,8.553996157558004,3.290909637888931,5.5171527332940755,300,49.353667231385785,57,0.8658538110769436
23991,6.950126453124107,2.2922395360923002,3.0442261947487017,121,37.147799686001335,36,1.0318833246111483
23992,8.987512060875652,3.729545043731504,11.474484193669303,650,100.6123767746859,62,1.62278027055945
23993,8.610075987102977,3.60532723113994,15.555805883144348,830,85.05690660888752,59,1.4416424848963987
23994,8.768155008756157,4.009667363584113,14.773108246460344,838,125.80381740999829,67,1.8776689165671385
23995,8.863460962191331,3.298226076784278,11.128506529072412,591,78.31039351788866,58,1.3501791985842873
23996,8.14339195998525,3.618102102437693,9.746796123175123,529,147.88221473666292,57,2.594424819941455
23998,8.094921714435213,3.21816168121249,6.000502784937831,303,77.0467339564281,52,1.4816679607005403
23999,8.903196971996357,3.930012610613055,7.063341025082179,399,73.93332819556767,68,1.087254826405407
24001,8.928637303981224,4.113992281146439,12.043524575504065,709,126.35831331009027,72,1.7549765737512537
24002,9.292331573444217,4.048199065125886,12.577014335730292,745,82.87776135673582,70,1.1839680193819402
24003,9.171096581104445,4.3207991795294385,10.682283653557704,650,78.67704160098877,73,1.0777676931642297
24004,7.904816547209519,3.541368171432586,6.7093748200709475,357,71.28303445785762,54,1.32005619366403
24005,9.124636544732661,4.376605925351291,9.802907917168811,598,89.24308058314712,70,1.2749011511878159
24006,8.861640813754532,4.347712586127577,8.81706168479702,534,111.56615192464987,72,1.5495298878423593
24007,9.413136381197164,4.212536644626391,9.785442047594998,580,105.28470039812132,72,1.4622875055294626
24008,9.058546424942236,4.979428100813534,2.0025047086670784,134,33.87255036555698,59,0.5741110231450336
24009,9.455359439353538,4.592170501790567,12.148476587673883,772,105.6264140539612,74,1.4273839737021783
24010,8.821536773477469,3.8505246650852776,12.167680870802807,689,93.44818869222573,66,1.4158816468519049
24011,8.829464060503451,4.103438051322164,10.948792557452855,634,106.57969107671427,66,1.6148438041926405
24012,8.840732815756741,3.7584098348907373,10.39466906151099,568,96.06853144764783,67,1.433858678323102
24013,8.715071694055911,4.080434708941725,10.986498850674941,636,104.68110699111769,70,1.4954443855873956
24014,8.491238172976594,3.226790182147661,13.487982296622532,679,64.34833670798834,56,1.1490774412140774
24015,8.706976937349541,4.035201591375883,7.460310298128363,442,114.05548965828879,66,1.7281134796710422
24016,8.554643434588558,2.634057400665394,3.739226198486002,166,55.932305656796174,41,1.3642025769950286
24019,9.15649184703578,4.048881682862003,12.23701408974411,719,99.84803015569005,66,1.5128489417528797
24020,8.354047256644423,3.845658059059386,11.71242247966086,648,85.02333311351484,65,1.3080512786694591
24021,8.67569441797674,3.7477564533039613,12.060230653026409,672,108.4880031900148,66,1.6437576240911334
24022,8.604468311227427,3.4767519030119645,14.495992778371292,775,75.30315583261955,60,1.255052597210326
24023,9.373973594681557,3.429019603246243,1.8025975324223977,94,18.169697273227417,38,0.47814992824282676
24024,7.92285877091159,3.3081111755131745,9.70173625216648,507,78.36726415804121,54,1.4512456325563188
24026,7.861306153869055,3.5158229267410532,5.825209689220721,317,81.9931761524377,55,1.4907850209534126
24032,8.560292582515222,3.3729625225344044,8.42839754423392,445,55.46388958985045,58,0.9562739584456975
24039,8.421394639420305,2.827855986537348,1.8418694427363744,85,14.54473054141996,34,0.4277861923947047
24040,8.869966010247133,3.6729181023566446,8.025265166773348,452,73.32519173667008,63,1.1638919323280965
24041,9.024959232578436,3.674527671140919,10.827498568209542,593,74.21205384728235,64,1.1595633413637867
24042,8.841944789222381,3.820526200863897,10.690901988174495,589,79.50755620659481,65,1.223193172409151
24043,9.053826118083421,2.7796660172096876,6.118705309307915,288,34.811682532189636,50,0.6962336506437927
24047,8.922955271116944,4.174895156109983,9.789942044879673,581,141.96031552353566,71,1.9994410637117699
24048,9.090139937632998,3.9443541480968425,9.065454680336366,520,65.94980424265147,65,1.0146123729638687
24049,8.901335653092055,3.91174063540956,11.364034269198973,656,73.4209378927896,68,1.0797196748939646
24050,8.931597855435726,4.456872843618751,9.973408633628914,614,100.40569233237126,72,1.3945235046162674
24051,9.12196557621399,4.036454348938237,8.130333790808699,469,110.06973460215883,70,1.5724247800308404
24054,8.823044477558437,4.330788699813762,10.318853604826524,626,117.93811852114976,73,1.6155906646732845
24055,8.648011797664267,4.0853881797416465,11.128043873943156,649,82.34576867119458,71,1.1597995587492194
24056,9.192224083756678,4.238865369542948,11.195520935402344,680,111.74694047045601,67,1.6678647831411344
24057,8.957442319404484,4.156845881435092,9.557711706830002,568,95.14696719700811,67,1.4201039880150463
24058,8.867964685686008,4.160069215026353,5.612582348893404,339,106.11196143474093,62,1.7114832489474343
24059,8.339287271197232,3.572761897922581,3.2575574562247405,179,40.707642665222146,52,0.7828392820235028
24060,8.684825111193549,3.6383842449099224,12.47153515124987,689,104.30278582325022,60,1.738379763720837
24061,8.666169541869403,3.644108536285462,15.032560131902594,811,84.61938910398135,63,1.3431649064124023
24062,8.79315907663856,3.6413296754143287,13.645702827418225,753,88.68321598405312,62,1.4303744513556955
24063,9.11379775143394,4.060829638545248,11.184572952104057,661,95.12080081762134,68,1.3988353061414904
24064,8.743604866971124,3.3058656043860783,9.075479337769506,468,78.90725995951902,55,1.434677453809437
24065,8.185703669699203,3.1643775289904332,6.605522549942037,330,81.5212451507463,49,1.6636988806274755
24066,8.668959910514022,3.7267578782461084,6.150655242679106,343,74.09491881183769,62,1.1950793356748013
24067,8.487957148228192,3.8505061609778375,10.576126914060769,584,73.7826840780554,67,1.1012340907172447
24068,9.103300096990747,3.944878223320497,10.888567375588142,624,108.59176335294319,67,1.620772587357361
24069,8.449591370616167,3.8326914875656786,14.75444562931748,828,148.1558946186116,63,2.351680866962089
24070,8.554567414947863,3.2672421425916864,6.423594539587218,322,86.62829677819303,53,1.6344961656262835
24071,9.307676052861288,3.8391797519584068,11.907271614008428,679,68.44509467289393,64,1.0694546042639677
24072,9.416847721351001,4.291951014540241,10.095366449112387,613,74.55764426519744,68,1.096435945076433
24073,9.07956170122915,4.231517399671478,10.235207615030188,603,84.22685328337323,71,1.1862937082165244
24074,9.300959730849607,3.810670573068606,11.126978870698442,623,69.11616888428131,61,1.1330519489226445
24075,9.195324569412193,3.9986948345055686,9.347969591131731,544,46.90401360096341,66,0.7106668727418698
24076,9.446293798991151,3.9471972691441715,10.301224267601112,603,84.61163930168459,62,1.3647038597045902
24079,9.437734617954067,4.003414568832037,9.97257277105669,568,77.31886412360163,66,1.1714979412666913
24080,8.722399744770188,4.339234550488936,10.937891494467456,658,155.7361151646623,74,2.1045420968197606
24081,9.025810614594677,3.8908152814698327,12.156963887092447,702,104.62044294834222,67,1.5614991484827196
24082,8.753598854040197,4.0742750418963025,10.937356318964161,658,99.66968612959684,68,1.4657306783764241
24084,8.86121058110901,3.632568353751251,7.400531018771878,409,95.91224076077168,58,1.6536593234615806
24085,8.744321266010784,3.412108485611594,7.769470366209104,402,75.24605576897176,57,1.320106241560908
24086,8.17718373446609,3.5302016234260334,8.642447910517921,466,83.27246181029244,57,1.4609203826367094
24087,8.495682709974643,4.171981539064161,15.938445029020526,914,105.47324208827133,72,1.4649061401148797
24089,8.134833247049546,3.4853962505174336,10.127626409559879,562,82.25023784785276,56,1.468754247283085
24091,9.024040726105671,3.679313094593728,7.59526964465002,427,89.54002438133367,60,1.4923337396888945
24092,8.730918414013006,3.3643950927783073,11.936746379167714,634,56.55909683144885,57,0.9922648566920851
24093,8.71999219428337,3.7781274836356875,10.605987110072633,607,77.21138255152488,59,1.308667500873303
24094,8.42803554460344,3.6665417408339107,10.856963974985609,611,116.02484862125445,61,1.9020466987090894
24095,7.621968066932998,3.314177663167669,6.68374121511732,329,60.60739048029914,51,1.1883802054960615
24096,7.0451273391349725,3.047540625022498,4.136780846876502,196,53.67220658254642,46,1.1667870996205745
24097,6.7751981431464205,2.468443356572466,1.301470010902552,55,11.15901640193955,24,0.46495901674748125
24098,7.779131344490966,3.337078123834122,11.33249539369414,591,177.62291543890316,57,3.1161914989281256
24099,7.622892147142346,3.574195590314897,11.935165632707413,627,130.09267343915957,59,2.2049605667654166
24100,8.370185552894919,3.8333581775691288,9.519374728495228,533,92.4868095586315,58,1.5946001648039916
24101,7.3888948702593416,3.3143163150622734,11.7540426391813,601,91.90359596181563,56,1.641135642175279
24103,7.933929891951845,3.4183197545616584,7.426293682540393,393,87.50083182976036,54,1.6203857746251917
24104,8.078156900035696,3.1772285963963456,17.69823426010296,898,98.67067579109371,52,1.8975129959825714
24110,8.451939581918202,3.6142018056766045,9.403994472450359,518,65.31916500630916,60,1.0886527501051526
24111,8.020902052945074,3.343034738973757,9.55938874684537,499,69.62603630802386,56,1.2433220769289974
24112,8.108931046066488,3.1527255742279583,12.540489466171318,622,68.1519723027354,51,1.3363131824065766
24113,8.184213948644002,3.2425359781402814,7.345195909032946,378,86.79398009295947,52,1.6691150017876821
24116,8.32458035981326,3.4976566524154107,8.452359939065255,460,73.96685901221652,60,1.2327809835369419
24117,8.427553095593344,3.1173670123158033,10.145154436381608,507,66.70915458732279,52,1.2828683574485151
24120,8.272192955806895,3.905740743911961,13.277445278707942,775,86.32996636035874,62,1.3924188122638506
24121,8.902217732727491,3.6922259009823586,12.818352613607436,705,76.39828353885216,59,1.2948861616754603
24122,8.353383101725907,3.5934690391193604,12.373753235496425,681,73.81091586874854,62,1.1904986430443312
24123,8.160061071153084,3.5604198011324444,11.817385800936286,642,75.41865085251546,59,1.278282217839245
24125,7.922424452084509,3.882550306289907,4.709543495256238,271,52.15780845438937,56,0.9313894366855244
24126,8.218540962014949,3.3421221349894146,11.499528389013141,593,79.8953294255785,58,1.3775056797513534
24127,8.388714901516671,3.85420949739064,9.5628951567798,542,81.3927184261223,61,1.334306859444628
24128,7.987424478023867,3.488003239643302,12.43861852738272,674,114.23250219181747,62,1.8424597127712496
24129,8.595827719754693,3.6338586969743636,10.79581283386633,593,97.8019440491891,62,1.577450710470792
24130,8.42543709163288,3.7793657202264552,12.50221656282911,712,69.93637252597921,61,1.1464979102619544
24131,8.622397088441481,3.7237203170772633,10.485597175894503,583,56.78119283967126,61,0.9308392268798568
24132,8.131654028282156,3.7861903057568775,8.998524397931336,515,67.90690898043948,57,1.1913492803585874
24133,8.140070321961048,3.5471782978078834,11.65532809470817,641,70.59078377628592,58,1.2170824789014814
24134,7.754328539420278,3.08693470937803,8.134507196832807,399,69.89566119051644,52,1.3441473305868545
24135,7.682766258675591,2.7404182376984707,3.273691598446318,152,28.921679872551685,38,0.7610968387513601
24138,8.833356195980114,3.8817550859762755,14.681901641334756,847,71.2671438859161,65,1.096417598244863
24139,8.519540521036456,3.4794580659646055,17.3301173670946,929,117.83969445580469,60,1.9639949075967449
24140,8.753811060183736,3.9549432373687488,17.29327983793032,1002,104.25446832106822,64,1.6289760675166909
24141,8.12685245242844,3.908532511848114,15.87424476723823,900,104.61383658544914,64,1.6345911966476427
24144,8.223498292012692,3.6953506637588385,11.29527008077095,631,62.87681069079162,65,0.9673355490891019
24145,8.637308472176564,3.7691900724620155,10.739307886423132,615,68.65649372958481,61,1.1255162906489313
24146,8.274537501927353,3.7138051786545616,9.52450257200392,534,158.11601828285225,62,2.550258359400843
24147,9.07968579840944,3.9314342256644674,10.917020738915024,636,90.893181595733,62,1.4660190579956935
24150,8.508321377213784,3.4893446438920646,12.239451621282464,658,78.14567746552103,55,1.4208304993731098
24151,8.815505738108568,3.521737521065306,11.423001891888653,620,86.5731725375499,56,1.5459495095991052
24153,8.081323123017217,3.5571375182576253,12.04820552512186,665,55.05102510737037,55,1.000927729224916
24155,8.416880401698986,3.342167505337717,12.062043374665526,634,70.39276568818583,58,1.2136683739342384
24156,7.938681052753629,2.8077032764031857,8.976485315204917,428,65.93123464724282,46,1.43328770972267
24157,7.115156838311534,2.723671433721161,3.5888821563506097,161,43.90481344135188,39,1.1257644472141506
24158,8.172759483128273,3.3365730670339855,11.676567686839789,623,83.37460090078078,55,1.5159018345596504
24159,7.7203949017195646,3.3318441149420135,11.830566933071264,616,65.70454385516896,53,1.2397083746258295
24160,8.384735487076156,3.6077056881982843,12.17033680613021,683,121.43205842894551,56,2.1684296148025983
24161,8.34158664277623,3.215696102620928,11.333764855828393,589,72.67300650208364,54,1.3457964167052525
24162,8.025046501442967,3.2551031179319674,12.241867360735071,633,99.00082397452688,57,1.736856560956612
24163,8.122021785448629,3.6985468676850872,11.216864718428797,623,85.28431393963847,61,1.398103507207188
24164,8.531391951834827,3.473892908146842,11.912014790487865,647,68.25735203674186,54,1.264025037717442
24165,8.38472911664393,3.0082414422834867,14.442096244949044,720,66.8413325198438,55,1.215296954906251
24166,8.611788394245002,3.315552504902289,5.502807451563656,283,75.22874020573755,47,1.600611493739097
24167,7.967532811095729,3.9703536358682907,9.11517961008842,527,99.45084936564147,64,1.553919521338148
24168,7.9722435747377745,3.1138092741926315,12.25129315032752,615,71.15462908866922,53,1.342540171484325
24169,7.596179063168303,3.0638784914499957,13.124020448264362,638,75.19098049664724,54,1.3924255647527266
24170,8.039611498234049,3.937750020002345,9.790107729630991,575,77.92631163054138,62,1.25687599404099
24171,8.348203796727637,3.07441268582059,7.2502841180126145,360,43.849671689454624,50,0.8769934337890924
24172,8.25924571303198,3.3391952633425936,9.53397538265162,509,67.90105306415475,55,1.23456460116645
24173,8.677961808495587,3.76561837199281,8.77898669956608,501,112.4958035091165,60,1.874930058485275
24174,8.233834375650824,3.2566893388815346,11.734429774345903,601,53.437081380593355,54,0.9895755811220992
24175,8.45898129567468,3.7085009567532246,9.743564298241273,540,88.34431939940526,60,1.4724053233234211
24176,8.110537027951336,3.7935256241392983,10.706295532610039,603,107.54093177636781,59,1.8227276572265732
24177,8.477055548566724,3.869717480995959,9.244054406093108,550,79.92379040643863,61,1.3102260722366987
24178,8.117715481119287,3.434933538831968,10.143099039116063,552,99.10158606896854,57,1.7386243169994482
24179,8.206494894506505,3.3517948393724337,12.29933066099559,650,62.9017735299209,53,1.186825915658885
24185,8.322894514026524,3.9215982107631673,9.99296955633153,576,87.64470522507074,63,1.391185797223345
24187,7.257298866832907,2.827940901222678,13.041742207981013,627,62.66833866908051,49,1.278945687124092
24188,7.412975204252265,3.2130014822169737,12.454845608108384,663,55.61823807992692,52,1.0695815015370562
24189,7.710947680744848,3.161140592858906,11.68290827450096,600,49.99614111897822,50,0.9999228223795644
24190,7.3019215455876765,3.54204713322679,12.861418380001297,698,81.57486357444233,55,1.4831793377171334
24191,7.543660214615705,3.27916599313205,11.02006549596806,582,53.243939686539136,51,1.0439988173831203
24192,7.74952705770086,2.8396580008780705,14.209483611928468,672,59.11427665660834,46,1.2850929707958334
24193,7.629846708898445,3.140848720069946,11.708234804083471,602,100.99730507189412,51,1.9803393151351787
24194,7.794450388265725,3.422532397999865,12.145848989077493,648,66.52266786911662,52,1.2792820744060889
24195,7.880207846521463,2.7508535717793126,14.3378033875614,662,83.37164723833664,45,1.8527032719630363
24196,7.537918547264924,2.979532992942218,8.715555968774959,425,44.80423771599758,46,0.9740051677390779
24197,7.717128836486199,3.1920966804767508,4.803763401521782,246,49.145216204013096,47,1.0456428979577255
24200,8.043746079825839,3.369797296257476,3.963055766523929,217,41.4424445387969,51,0.8125969517411157
24201,8.210229962204433,3.2829823828752005,17.00552003911793,874,55.528062103252196,53,1.0476992849670226
24203,7.711051961893043,3.4636134035325963,24.692927090361984,1354,98.0164522791807,54,1.8151194866514944
24204,7.626736764540626,2.796071958875124,12.592386168844925,590,63.38065955325724,46,1.3778404250708096
24206,7.318057111140676,2.919691668124017,5.925307264058166,286,47.53265368415129,45,1.0562811929811398
24207,8.368163848425445,3.224812299151413,12.635574586472705,656,83.42746576725314,50,1.6685493153450628
24208,7.611911573916181,3.295321868667813,13.813134156855282,719,58.863856847635724,49,1.2013032009721576
24210,6.866082819689231,3.3219912958470363,7.870075952659396,408,89.90640370248103,52,1.728969301970789
24211,7.293454422594845,3.1142482275220384,7.979527110754865,416,74.75986737873563,50,1.4951973475747127
24213,7.246657214344021,3.944827757789469,32.11705912730603,1877,99.97617180112216,63,1.586923361922574
24214,7.0778405423099375,4.322514896552313,24.596417519850046,1494,121.27132123602253,66,1.8374442611518564
24215,7.432324481996299,4.158936577464978,32.98437226026562,1999,110.63416573729891,64,1.7286588396452955
24216,7.515565240984986,4.073724586184899,35.775671936946274,2131,112.23300251793701,64,1.7536406643427658
24217,7.356752064468158,3.9099206223311462,34.12960795570377,1990,83.16914932051648,61,1.363428677385516
24218,7.251433731786433,3.827279895868559,33.27356611327261,1924,71.09994933107569,61,1.1655729398536998
24219,6.964151993295086,3.919081297805729,24.2199194214686,1400,97.09077591392712,59,1.6456063714224936
24220,6.548409540974616,3.6432874445053822,10.769082196817537,588,75.78879980576102,55,1.3779781782865639
24222,7.292361183765804,3.660764666301561,25.561086117948026,1414,95.5260293742516,57,1.6758952521798527
24223,7.5044592397900285,3.4420983726494807,14.570574125552211,774,45.920372175414066,59,0.7783113928036283
24224,6.961065745807973,3.760482336975837,25.303814414614514,1430,76.67481707069354,58,1.32197960466713
24225,7.8152125801528705,3.460621952688542,10.753272800510082,576,55.17820293408661,54,1.021818572853456
24226,6.862170726268974,3.9565932680822313,27.221300490970144,1598,74.45043601781397,60,1.2408406002968995
24227,7.205286031825507,3.8299406326759353,32.25813128057479,1878,80.06773752943089,60,1.3344622921571814
24228,6.803800566369573,4.008833674231572,23.258461964676396,1364,67.72534969561369,63,1.0750055507240268
24229,7.878106136945995,3.4611229780682056,17.707378581493163,992,77.05843763626854,56,1.376043529219081
24230,6.552850240187674,3.2597575526794103,9.579369748777967,493,61.95242196966871,49,1.264335142238137
24232,6.146242580496221,3.952640712416578,11.477713528632245,639,93.47334635726831,57,1.63988326942576
24233,6.386563376137853,3.6207848493767076,11.271333485144774,607,100.91210662480172,55,1.834765574996395
24234,5.187890920651209,5.339867496178955,10.233210278392775,630,111.33498284802901,62,1.7957255298069197
24236,6.985348418387983,4.3549014705310904,24.213878713923382,1478,80.84831695898653,66,1.2249744993785838
24237,6.829444136186271,4.2990853048845015,22.361883632137012,1364,111.53911710181208,63,1.7704621762192394
24238,6.292167227945418,4.777824430934317,26.0226752137884,1627,67.1047336648327,64,1.0485114635130108
24239,7.011147645744039,3.9236241008375865,26.867353077539054,1552,79.1240424102791,60,1.3187340401713183
24240,6.892309046568376,4.093382469220062,27.503287449313852,1613,69.54215449025071,62,1.1216476530685597
24241,6.1692149484416525,3.993246519566173,13.8160254911631,771,76.80124636592677,58,1.3241594201021858
24243,6.212727628231766,4.259258790702736,14.170137156547964,829,80.3430528299622,63,1.275286552856543
24244,6.2221760849583205,4.694776945199022,15.283607419677564,936,85.63017854338779,64,1.3379715397404341
24245,6.861114788786149,4.250613434688849,15.453905898941825,917,76.95734094409144,64,1.2024584522514288
24246,6.734669074858564,4.247941985711387,15.698642407267489,945,126.63081969222637,62,2.0424325756810706
24247,6.7369082267035045,4.063056988872833,14.776404607280542,845,124.20134124197438,62,2.0032474393866835
24248,5.8587040653799605,4.583547082601143,15.429791391827782,928,73.26579090511886,63,1.1629490619860137
24250,7.266528995431291,3.9782543959419523,31.801523773656807,1846,106.78635845135014,62,1.7223606201830668
24251,6.7088648079885544,4.323839516621697,33.60349386585885,2022,96.39915905358471,65,1.4830639854397647
24252,7.051752111193897,4.180682432987086,32.87396270955944,1986,82.38049175469251,63,1.3076268532490876
24253,7.391774697935688,4.155647690373618,34.8184468047281,2094,127.6797113940874,64,1.9949954905326157
24254,7.177294676010081,3.8894035435418552,36.25847564182424,2104,89.5406446974166,62,1.4442039467325258
24255,7.065597169080997,3.91766560646009,34.26732446771198,1984,91.81494638104851,63,1.4573801012864844
24257,6.742471630879723,3.7582090856995647,25.752196942098504,1434,67.30220347100025,59,1.140715313067801
24258,6.620792365807713,4.0465490626527725,24.632854021539963,1425,83.00785583862648,61,1.3607845219446963
24259,7.0087194124512635,3.917002965533479,24.257160607152418,1411,96.7721504236873,61,1.5864286954702835
24260,7.000526019066389,3.910030107613816,22.29354898590885,1277,58.81503074033222,61,0.9641808318087249
24261,7.360074309037799,3.764312414452974,17.08755016230676,1014,87.03105339989807,61,1.4267385803261978
24262,6.960993912490498,3.6537506123714687,21.851733750445824,1219,86.5498035201828,59,1.4669458223759797
24263,6.8000679643782,3.5811580789332584,17.383952252929983,947,62.907801994354344,54,1.1649592961917472
24264,6.00657612237502,3.785514957149991,9.009245715260068,490,91.82421603811105,55,1.6695312006929282
24266,6.696682267647471,3.841479406960648,22.56636955348371,1281,100.4127128362636,60,1.6735452139377265
24267,6.180939419499252,3.7691332836264797,11.46327273047886,628,60.39862250688853,55,1.0981567728525188
24268,6.569923906035121,3.33953950565932,11.946166026582755,622,53.43202386903403,54,0.9894819235006302
24269,7.288642141349277,3.8109430818465353,9.367103530675143,532,102.61989766597463,61,1.68229340436024
24270,6.9073951794555155,4.1664121078198475,25.179743592064433,1532,96.61528069152764,64,1.5096137608051194
24271,7.610091641386619,3.9652881042010395,25.43209082323337,1500,97.63205180304655,62,1.5747105129523638
24273,6.506384466318163,4.333738682708432,28.460480821915144,1688,99.70929511093175,64,1.5579577361083086
24274,6.8120227123105215,4.117974597123614,27.512272042279076,1629,75.01239845710751,63,1.1906729913826588
24275,6.7753613988074255,4.262130428649867,27.88642232891381,1663,134.66372169440402,62,2.171995511200065
24276,6.916563933033148,3.452985936165059,15.827491241430055,828,79.10256162501204,56,1.4125457433037865
24277,6.567505126495841,4.670765051094437,15.761727836052865,985,64.30486250473858,65,0.9893055769959781
24278,7.389247268431254,4.12603266302639,18.081756249182863,1066,85.36613637313016,63,1.3550180376687326
24279,6.9114925129693265,4.015888562301042,17.463066994887637,1018,73.78030863610603,62,1.1900049780017101
24280,7.149981027137583,4.226333296903368,16.389812309179682,996,71.29903582844217,64,1.114047434819409
24281,6.290234288751581,4.518417629326963,17.913916059888077,1078,142.40314553611321,65,2.190817623632511
24282,6.774537276857742,4.402092160132064,18.380341597009945,1120,123.01458115716073,65,1.892532017802473
24283,6.752444884092811,4.5085739613024565,16.921776897534844,1052,91.41952770603719,65,1.4064542724005722
24310,7.09187464917933,4.0266041460886965,15.127071107587922,912,78.30352951333523,59,1.3271784663277157
24311,6.87556554983966,3.654720203488027,17.46648154396561,973,49.639784046977034,57,0.8708734043329305
24312,6.996476907281151,3.4523400985850428,19.24626208545111,1015,76.10929778618728,54,1.4094314404849497
24313,6.704367732438131,3.68109652247977,23.873993145227224,1326,94.45516018514705,56,1.686699289020483
24314,7.51094651199275,3.533954546119163,15.849717806277203,863,104.15032865439488,55,1.8936423391708161
24315,6.975143873819449,3.533878331914513,14.008973278543102,762,75.41077497110257,56,1.3466209816268315
24316,7.117521435285728,3.333387096608759,16.471530596287096,857,67.98771574285949,53,1.282787089487915
24317,7.092248386208038,3.803790298620256,16.28895731722456,926,61.819473174940846,57,1.0845521609638744
24318,7.349497131080587,2.742765301559717,3.3614246124454237,150,29.77788638254014,40,0.7444471595635035
24322,7.329143433481854,3.3747535900848873,19.054076335822295,1019,60.19611393069324,58,1.0378640332878144
24323,6.961900497447818,3.5694537931297603,11.77801545692662,645,71.14211914169705,57,1.2481073533631062
24324,6.919977180530276,3.8215850411690795,18.205474060180126,1051,60.47288498037576,57,1.060927806673259
24325,6.796768441592844,3.278051207621663,20.023757979638912,1022,72.2471194183104,53,1.3631531965718944
24326,7.270936439857033,3.2680602031775865,17.68301728062977,929,66.00044222401495,54,1.2222304115558325
24327,7.4635559494282795,3.569958117468129,17.033800767848746,935,70.67252989763428,57,1.2398689455725311
24328,6.702334804946683,3.683797077528329,17.73114211416846,978,64.37772576289896,57,1.1294337853140168
24329,7.499482842980336,3.251625144433,18.159958445640303,945,60.5441443206103,53,1.1423423456718924
24330,6.851525012391543,3.63973825587079,14.05362902663255,783,88.1327125907918,58,1.5195295274274447
24331,6.611677484686633,2.9463032242044274,8.50965218646616,405,73.41648409707595,47,1.5620528531292757
24332,6.800166551747666,3.0497698523713614,6.303663959385445,314,58.56855437832544,48,1.2201782162151134
24335,5.236692913007624,3.375846871106674,1.8242938273736549,90,14.537659191147497,37,0.39290970786885127
24336,7.180620989009965,3.408125956014416,13.130009648585059,712,57.40323107035927,56,1.025057697684987
24337,6.903902477079502,3.7086552151157406,14.591561979253166,808,101.37160683584868,59,1.7181628277262488
24338,7.365550751830775,3.4289669048518507,17.63913543669453,942,65.59273494152976,54,1.2146802766949956
24339,7.014573568989547,3.887014039929991,14.358519227499688,813,78.46002737584503,60,1.3076671229307506
24342,6.962987882941512,3.582777801240476,19.50808767958855,1074,63.99078791639275,58,1.1032894468343577
24343,7.321542683373173,3.5227035630477883,17.268656190564865,935,73.19934411008062,56,1.3071311448228682
24344,6.962816661030333,3.954119303550084,17.418599176897395,1004,90.73370527661321,59,1.5378594114680204
24345,7.230019927181336,3.514797664535383,20.420364946013564,1104,73.34077996065545,56,1.3096567850117045
24346,7.448510540702646,3.5234676158873928,19.68918376764791,1088,47.10052623674737,56,0.841080825656203
24347,6.80241636766489,3.9984824868345044,18.643890465922304,1084,85.68464707416936,60,1.428077451236156
24348,7.371217010575323,3.890902973563695,17.282691143156814,1014,74.32274445242554,62,1.1987539427810572
24349,6.261916890076753,3.3283653346896855,6.852823325886043,362,43.866553064492145,52,0.8435875589325412
24352,6.925215188635833,4.143364790112972,12.898485197696813,783,109.62080198000685,62,1.768077451290433
24353,7.4003211939595,4.103568360373266,13.406132867168614,796,81.63413853861155,61,1.3382645662067467
24354,7.13080813251823,3.4419128963381036,13.908648913265756,723,50.872663441420194,55,0.9249575171167308
24355,7.5318933440432705,3.43751494407196,14.271097346450116,755,93.87943829544454,57,1.647007689393764
24356,7.1859863662714085,3.688622274805644,11.561388566446636,660,69.83726132363442,60,1.1639543553939071
24357,7.065768643639697,3.8626242072059775,10.406606888034089,599,74.83017634035596,60,1.2471696056725994
24359,7.0226346235764465,4.224297771859872,9.674313328329555,577,88.4349693902176,61,1.4497535965609443
24360,7.100585335730905,3.4947014643119263,13.169774309789663,724,78.58581211639307,56,1.4033180735070192
24363,6.64167237862835,3.9933545446407948,7.132661845891263,415,97.78847456708466,59,1.6574317723234688
24364,6.930651460483964,3.3174092368965837,9.127412433188177,482,43.757217635760405,53,0.8256078799200076
24365,6.639022184932113,3.2037623814070892,10.220527334769088,521,64.48512819389482,49,1.3160230243652005
24366,6.728002237063631,3.209238220069006,9.581897421639557,492,56.76580606162339,50,1.1353161212324678
24367,6.8599453450933305,3.1748032124460748,8.36627410787552,422,48.314219312856366,50,0.9662843862571273
24368,7.089861562313257,3.2552129122262152,9.855762325646648,512,55.548548289857514,51,1.089187221369755
24369,6.902977695732044,2.8333666064179703,9.064252065651743,431,46.301588411231236,47,0.9851401789623667
24370,6.425862664835113,3.0243264993231063,9.273364790940606,453,63.64119363497204,47,1.3540679496802561
24371,6.606366566056185,3.2584899386235073,9.776321786654021,498,64.30646761057909,49,1.3123768900118182
24372,6.491281382710649,3.441816605782518,7.33713483720927,398,82.8496034249797,53,1.5632000646222586
24376,7.019537845223954,3.9030426724298017,10.479380991766558,595,84.87530946851764,62,1.3689566043309298
24377,7.055095622684771,3.319531841851264,16.550756258407645,863,79.65792160719204,52,1.531883107830616
24378,7.1100348758203955,3.9899140497833465,12.511199393739204,732,68.49565910507297,61,1.1228796574602127
24379,7.102174289629233,3.5935056306420003,16.01954668128297,890,90.0078488157353,56,1.6072830145667019
24380,7.455805547595642,3.3824565569018565,15.523522627091925,829,70.0189709016219,56,1.250338766100391
24381,7.082412422815587,3.449834366312607,17.895839848277767,955,99.09200583565607,57,1.7384562427308081
24382,7.60332044894632,3.2936608543807653,17.68484749653712,932,71.6380803190701,53,1.3516618928126434
24383,7.011500293414404,3.7584702617670507,16.315863231951717,921,79.38955451566919,60,1.3231592419278198
24384,7.18747164792649,3.2810521932528816,7.603392508645903,403,52.84387256896856,50,1.056877451379371
24385,6.590882693586998,3.866376152035173,6.70363736429752,382,78.57400199091721,59,1.3317627456087662
24386,6.958217212320644,3.6360724678285874,21.181904168468257,1196,86.54622147184513,58,1.492176232273192
24387,7.1747803368019465,3.5354451557330355,18.734037625167804,1028,53.92561059079919,57,0.9460633436982314
24388,7.013929461356972,3.8303275952414673,19.581693521694238,1129,78.65281886621645,59,1.3330986248511263
24389,7.046283042252453,3.2567143519764494,16.967115498853776,868,69.8800217988873,53,1.3184909773374962
24390,7.186040812969272,3.621799520701209,16.77141728808509,920,87.58512578602645,57,1.536581154140815
24396,7.345459554963928,3.5271902067264613,18.900198929037067,1018,68.00004881686769,57,1.192983312576626
24397,6.891886411578841,4.014633005775601,16.547738975757547,991,114.5774875600899,61,1.8783194681981952
24398,7.025751899084066,3.5249276073938187,11.589474747031266,622,45.89419739882149,57,0.8051613578740612
24399,6.688107163380965,2.6474125300544697,5.984432221496985,264,100.4889440426363,43,2.3369521870380536
24400,6.564561184495448,4.1428470611017625,10.18647081311261,601,92.48406114712344,61,1.5161321499528433
24401,6.826775321192924,4.297835891923149,10.894850818621823,664,97.50182192386379,64,1.5234659675603717
24402,7.4902670443364245,4.047762435947904,14.324443176820875,845,76.88545961596935,64,1.2013353064995211
24404,7.166760949802954,4.2021165584661855,16.877011423509252,1039,96.20336643138428,63,1.527037562402925
24405,6.995692479659344,3.1975787853088056,8.345046313000788,431,73.10343884029845,53,1.379310166798084
24406,7.371734532101099,4.127479061691645,13.301285211804746,804,109.98874673176988,61,1.803094208717539
24407,7.000397307242688,3.9078357562273176,13.494219344640001,787,72.32306714038775,60,1.2053844523397959
24408,7.058998302496351,4.026279758455604,13.201322778660634,776,57.02045905702379,62,0.9196848235003837
24409,7.518856130131857,3.593921872954787,13.644266523519917,752,67.90680188656076,57,1.1913474015186098
24410,7.186676590967679,4.0046361361566065,12.61744953352213,730,87.59436401772334,60,1.4599060669620556
24411,6.635708715290276,3.0448702577586855,7.342237296154862,356,57.783740530881545,49,1.1792600108343172
24412,7.201044079754179,3.4036292911679853,7.7816821165741255,426,72.72490419842464,54,1.3467574851560118
24413,6.149270216383848,4.047293617724068,7.496316796679074,421,90.34419665189803,58,1.5576585629637592
24414,7.175253581018637,3.4288865213654556,9.10199958284221,480,60.575526678807606,53,1.1429344656378793
24415,6.625408563091838,4.423895849642206,2.225247412232348,134,30.63905774526471,50,0.6127811549052943
24416,7.53532858764146,3.609276435739469,14.519639238758176,815,53.892110723913454,56,0.9623591200698831
24417,7.215835116882294,4.14210337085017,15.289026160024669,937,117.86984031784112,62,1.9011264567393729
24418,7.356249866127907,3.5594956794741783,17.1707961429691,966,66.20943626718429,59,1.1221938350370217
24419,7.343449441938681,3.872151508643878,15.792759451438084,900,105.2782763329231,60,1.7546379388820517
24421,8.0649128807888,3.4875667859581063,2.499416637211223,139,31.40293938997241,46,0.6826725954341828
24422,7.212429243857658,3.3722976404449776,10.955126334002951,576,59.16580248271125,54,1.0956630089390973
24423,7.105615888964841,2.999690511903379,8.318059233758623,400,64.47708293881844,46,1.4016757160612705
24424,7.184142449031864,3.581983813119703,17.95933666242986,987,84.18661867018058,58,1.451493425347941
24425,7.193986271665086,3.526434776484535,18.776167751075363,1021,73.75733682380451,58,1.2716782211000777
24426,7.360958116120025,3.2289571207571055,12.056957300169385,628,66.9637548064799,52,1.2877645155092288
24427,7.088762233328623,2.7858655584496432,6.982424838557257,320,77.12877963259147,43,1.7936925495951506
24428,7.390989118082393,3.251088200434468,1.899781127320481,97,17.28733958638482,38,0.45492998911539
24429,7.247331190766434,3.6993603766757706,1.6539611320965004,96,16.620497249367965,42,0.3957261249849515
24430,6.903447770410147,3.03713032135265,1.793899050837839,86,16.917323508778242,34,0.4975683384934777
24431,7.557605709990887,2.836600042146128,2.0431797397955838,99,16.515359084837005,34,0.4857458554363825
24432,6.0313425245419845,3.5894311403181764,1.5822102303417709,84,19.279268922866827,39,0.4943402287914571
24433,5.654544403713731,3.672537767296222,2.1426174231762474,117,21.852410510714115,43,0.5081955932724213
24434,6.365178411998787,2.974768871925163,2.1636024754779632,103,21.478497729855256,36,0.5966249369404237
24435,6.918758457131308,3.3672430489243053,2.046207444748137,105,21.162145769832346,39,0.5426191223033935
24436,6.78587149229366,2.7455582308081397,1.8220564252514864,82,11.732778971385002,35,0.3352222563252858
24437,7.639191834243808,2.3996636365478228,2.42777795836649,101,19.30473680872664,32,0.6032730252727075
24442,7.783138710651136,3.2032079786948575,2.0854849351207485,111,20.201609202295554,39,0.5179899795460399
24443,6.941997293643757,3.536654934831147,2.0498742828865315,111,24.621205519177124,39,0.6313129620301827
24444,6.732001112211417,3.271711343617141,2.1613896772183807,101,24.935762929574448,38,0.6562042876203802
24445,7.5913156791675185,1.915881078086049,0.5291736108431979,20,6.43754916511697,8,0.8046936456396212
24446,3.81572381823148,6.288889601605065,0.8350137368731948,51,12.435247623176503,34,0.36574257715225006
24447,5.4273343182743705,4.7721847537622555,1.7195114523746697,109,16.102125921532405,47,0.3425984238623916
24448,4.050722173458102,5.216849812132019,0.6501244563737011,39,11.83456250916143,23,0.5145461960504969
24449,7.469326619623713,2.5425377276783725,2.3512691167620434,103,18.54940018632471,33,0.5621030359492336
24450,7.846884731849999,4.9526999843273325,1.3735933269383425,93,23.117749885940743,41,0.5638475581936766
24451,7.152588289869794,3.737068320546549,2.018905662825283,114,21.409508622423115,46,0.465424100487459
24452,8.213986446869205,2.8415037899717914,2.408720457028174,111,23.21262948866344,41,0.5661616948454498
24453,5.5215319388830695,3.1033296954837994,1.958016361589851,100,21.274283496366102,33,0.6446752574656395
24454,6.7899953886396265,2.8737421806190078,1.1391688978362424,54,11.5653033635574,24,0.481887640148225
24460,7.010020891293136,3.259585610072315,1.4848573642204281,72,11.554565084129178,33,0.3501383358827024
24463,7.759597493899953,4.147187841529777,0.6734783221275145,41,12.603491432212545,23,0.5479778883570672
24464,7.727021428730656,3.3379729641196967,1.2754146543806126,66,18.077658863694282,29,0.6233675470239407
24469,6.481593493921918,3.244559509322871,2.045374826084439,103,20.04103471338634,37,0.5416495868482795
24470,6.486982419558791,3.844319585851717,1.3758797617686407,83,14.428003570736758,38,0.37968430449307256
24471,7.436819014033835,3.7339866449566843,1.6400627390826543,90,18.694874754049156,39,0.47935576292433735
24472,6.781281420644195,4.87602580808497,0.8911694262568969,59,14.84299511863713,33,0.44978773086779184
24473,7.662359343569781,3.2727726564107344,0.716283614221939,35,9.946614654914917,19,0.5235060344692062
24474,6.729261784723591,4.714372259056698,1.564910394612592,98,20.35396934072013,49,0.41538712940245165
24475,7.692781276078634,3.7782188782899375,1.6710578726671568,92,19.75862533510401,38,0.5199638246080003
24476,7.740886691531482,3.5746408507647938,1.7500640439674555,95,21.938056991537138,37,0.5929204592307334
24477,6.810237736033125,3.4125310814228587,1.4504808617429041,79,16.46365907626414,36,0.4573238632295594
24478,7.275536249716929,2.9652005523649634,2.3617268792492014,120,19.448345291211353,45,0.43218545091580785
24479,8.3080264848142,3.6145840162522718,1.2911116401582192,70,15.663328019407556,34,0.4606861182178693
24480,6.3128079958924195,1.8926554808307794,1.5915949721208493,52,6.8160999377174285,23,0.2963521712051056
24485,6.36906503270791,5.025859337122438,0.5639812585139722,38,13.554305625968567,22,0.6161048011803895
24486,6.635715799569046,4.330676814385652,0.715867483306039,47,16.44996630484697,21,0.7833317288022367
24487,8.775078416640074,4.613589425211638,0.7945902060656631,50,14.83215698735442,31,0.4784566770114329
24488,8.52431782732245,4.2147750258933545,0.6575497512508609,37,14.16591301482341,21,0.6745672864201624
24489,5.42189154099569,6.352599925426491,0.6857995391436289,46,13.379176047582007,32,0.4180992514869377
24490,7.638495594701496,2.4673693378423036,1.1650897528469444,48,11.724135752039166,20,0.5862067876019583
24491,7.583005725094747,2.2806067475645024,1.1420876697689222,51,10.211786344625565,18,0.5673214635903092
24492,4.398592807031957,7.4812424242492686,0.6412992864110131,46,16.375086493880058,28,0.5848245176385735
24493,6.119798149960455,3.5665114040550403,1.0806264825602807,53,10.111856483800265,31,0.32618891883226664
24494,5.157052912797281,6.089002076880351,0.6845066229382978,47,16.95175381306375,24,0.7063230755443229
24499,8.18017717226971,3.8967180951775684,0.863834310835219,48,11.581894296882956,30,0.38606314322943186
24500,4.906447119953938,3.1666899414945076,1.7197070981184839,73,15.230804910135705,33,0.461539542731385
24501,7.006160540324763,3.5527862663972303,1.5966200243560442,86,17.759124015185606,35,0.5074035432910173
24502,6.451370018241502,5.4715354660902635,1.5570310839285315,106,21.47952538447754,52,0.4130677958553373
24503,6.817589839294263,3.4164880977503307,2.0452361483742605,108,22.032027581131413,46,0.47895712132894375
24504,9.083978142293779,3.4547768992404744,1.614211037690214,88,15.120590129026168,42,0.3600140506910992
24505,7.494014366153654,2.7157127696767196,1.8237246788929715,84,14.850402971900861,32,0.4640750928719019
24506,6.64821360548767,3.7993278915307784,1.7817498296193623,97,19.837886238414917,45,0.4408419164092204
24507,8.699909254901083,3.3559272008997,1.3249534009608872,78,14.868218639455897,32,0.4646318324829968
24508,6.300575804738951,2.474087244952522,1.582685783881005,71,9.39771908262448,28,0.3356328243794457
24509,6.123083875553988,4.561190814066384,1.52326284176793,90,19.692180599644082,44,0.44754955908282007
24510,5.332101915960519,4.664297579044916,1.7127950968084225,102,19.72102767831064,41,0.48100067508074734
24511,7.392544161043833,2.4478469231275786,2.724683773733991,107,29.318333262677864,33,0.8884343412932686
24512,8.454985752421582,3.2848882662369654,0.8270609043656615,43,11.894957226579884,21,0.566426534599042
24513,5.634517735820117,3.576063522693353,1.4012412390743372,71,16.23859192349448,33,0.4920785431361963
24514,5.28782806208198,4.724149011803626,1.3527890279995138,86,19.005884735885328,34,0.5589966098789803
24515,6.956851881630051,3.14670976393701,1.7267789404486402,90,14.573611285249504,37,0.3938813860878244
24516,6.018653069451411,2.9810310360287526,2.142900737625857,97,17.14951970378666,36,0.47637554732740717
24517,6.835668814700073,3.8942937646443365,1.287636772065223,75,15.402016900269208,33,0.4667277848566427
24521,7.524228407464501,3.8026018410743827,1.5636255140261202,85,22.18974804696952,37,0.5997229201883654
24522,8.146038837094915,3.7492394784706145,1.64770345795205,91,17.67700944370606,40,0.44192523609265144
24523,6.569854736617338,2.570048026030034,1.7033601402214118,75,13.734187464722503,33,0.41618749893098494
24524,7.359309692809525,2.726582379099312,2.0173971467898695,94,17.54537406537733,36,0.48737150181603694
24525,7.606042517201114,3.632387024093565,0.6212094780434477,33,13.132041161484258,16,0.8207525725927661
24526,4.952043066239463,5.648413612498889,1.0402786561264545,65,16.65121851219404,33,0.5045823791573951
24527,6.491889604554018,3.3000379553931247,1.514867401617466,81,16.916242412653666,33,0.5126134064440505
24528,6.743365370900951,5.219401901521059,0.9673461651777538,65,14.938955001895291,38,0.3931303947867182
24529,6.46664059500841,2.6879743073867908,1.5172901999983186,63,11.53751292789019,27,0.4273152936255626
24530,4.36407419461902,5.389632047190862,1.1112342690486017,68,15.311565249701976,34,0.4503401544029993
24531,6.084239094928288,2.3714873032844137,1.1633241337323863,49,8.306137341824137,21,0.3955303496106732
24532,6.428946044698042,2.859611611467523,1.322237097690439,57,14.1981200120859,25,0.567924800483436
24533,5.931838503597555,2.1550879468515167,2.064472098583858,74,15.598243628323324,22,0.7090110740146965
24534,6.591468247625566,4.951530685166875,0.8794336362302508,53,14.840403911550133,31,0.4787227068241979
24535,8.666576652907048,3.519231846040439,1.1395937536002576,62,15.012968962523498,29,0.5176885849146033
24536,5.151236872140395,2.8721247909779617,0.555341814184787,23,7.808891957538823,14,0.5577779969670588
24553,6.0344814842054655,4.919675187235659,1.9421991856487533,122,23.726319344685496,52,0.45627537201318263
24554,7.668660550312665,3.550357173839577,1.663169639213393,91,18.303484945431663,37,0.49468878230896385
24556,7.04589225805331,3.2926205416169605,2.091363696378468,106,24.922036257527605,42,0.5933818156554191
24557,7.871185306063942,3.823985811697972,1.5487944263458568,89,19.165363038333226,37,0.5179827848198169
24558,7.7402445760820795,3.2822061482077474,2.5908404358540236,136,26.473416745716783,48,0.5515295155357663
24559,6.797595225336116,3.635579966392706,2.0115711552060906,109,22.01331323936744,42,0.5241265056992248
24560,7.483712460386259,3.560950713094186,2.525157490436582,129,27.11640952062971,48,0.5649251983464523
24561,7.897211647810847,2.995990216472902,3.077830617377511,150,38.20620197831297,47,0.8128979144321908
24562,5.350423417667483,5.218634469446845,2.0934329153653333,125,33.816090881174894,49,0.6901243036974468
24563,9.558603332686202,3.953533522763842,0.39948718272705547,23,9.374128364301479,16,0.5858830227688424
24566,4.574651421816664,3.1812042058629744,0.35711675922633074,18,7.926299392518625,8,0.9907874240648281
24570,6.895581105571432,4.86287475313875,0.31058859309561,17,10.223472264210852,13,0.7864209434008347
24572,8.678067831242108,4.569779519329744,3.3243887536946968,203,46.202112008996565,68,0.6794428236617142
24574,9.169034091966338,4.276686061270242,2.733496844874249,164,45.21670728389151,62,0.729301730385347
24576,8.720761848975119,4.09668191093821,1.493733324304723,85,23.25656011831389,40,0.5814140029578472
24578,9.790272134157195,4.057143287863233,3.4871183741638476,202,33.1818980343739,63,0.5266967941964111
24580,10.926669431595405,4.212758276590088,1.357734115433546,82,17.368389044328413,45,0.38596420098507583
24582,8.714053333783214,3.739467222006882,3.629172443128398,201,60.46546558749326,62,0.9752494449595688
24583,8.872727275232965,4.285838443570483,2.567730577408866,150,42.544187961374185,57,0.7463892624802488
24584,8.772044732564144,4.537161904118594,3.4060772962882697,211,62.50095176094802,67,0.9328500262828062
24585,8.783984157227508,4.010061914656855,1.0569783871804037,65,16.86054322928573,34,0.49589833027310976
24587,9.319750123993506,2.562199176597642,0.8689842854497805,37,9.54322945680892,19,0.5022752345688906
24588,8.705597070503499,3.606799243398774,4.134724394216929,233,90.46529217884053,59,1.5333100369295005
24589,7.8988791510965655,3.399136945887008,3.730281484941233,199,42.49927628413974,54,0.7870236348914766
24590,7.243922404599165,3.3707905349096596,3.6816162702186666,181,54.102753776268855,56,0.9661206031476581
24591,7.715610888375288,3.7605674858885703,3.2934815931887296,175,54.123053566804,57,0.949527255557965
24592,7.900424163157225,3.8850926543440116,3.1847106956219884,179,48.37466593817337,57,0.8486783497925153
24593,7.886842598680117,4.0929011760480964,3.0524483392764767,173,47.669562573676096,62,0.7688639124786467
24594,8.149140748717437,3.8113831684667168,3.1030087277901797,165,43.613932755301676,55,0.7929805955509396
24595,8.486859138637945,4.200839182649572,1.9826382827664335,117,29.766806375491747,50,0.5953361275098349
24596,8.321330419049115,3.8299618704192038,4.241381601986507,233,71.82908271294637,63,1.1401441700467678
24597,8.102489046815428,3.066510411102407,5.512226869445678,270,62.672571041126496,57,1.0995187901952017
24598,9.850280361237894,3.366534150615079,0.406426606066129,23,10.219413632527296,11,0.9290376029570269
24599,9.47210642863009,4.280833157486081,0.39907433073336096,26,11.691629632532429,16,0.7307268520332768
24600,9.551765396848367,3.367668432253677,0.44729466619452835,24,9.96498607971345,14,0.7117847199795321
24601,7.310297916500048,3.2366139075285405,2.147212156576657,111,16.762031761381827,39,0.4297956861892776
24602,7.353420378188003,4.001835369395458,2.3443206928686204,142,31.07588757827207,49,0.6342017873116749
24603,6.514281798332028,3.7993181235129794,2.8178615367857707,160,33.116672173012645,54,0.6132717069076415
24604,7.61733121063403,4.062561988670166,2.7382834410330608,157,48.161666686882825,55,0.8756666670342331
24605,7.347364025462248,2.939205508020426,4.048005273548106,190,45.37621668390995,45,1.0083603707535544
24611,6.611274216867515,4.801562695035989,3.6699596913660364,223,56.67756728267021,63,0.8996439251217494
24612,7.1185573575218175,3.6771837741629687,39.94015006911566,2262,85.3084876601425,57,1.496640134388465
24613,6.964871496380076,3.4926363277953283,40.71781889050475,2210,111.94335046936635,56,1.998988401238685
24614,6.944025993239255,3.776978617275375,38.190146808847935,2159,113.89616135097772,58,1.9637269198444434
24615,6.754107472362045,4.124387845912035,35.888275475678945,2127,85.15870423332977,62,1.373527487634351
24616,7.244402322258045,3.7424987549961806,38.2023243436006,2144,105.261079953536,57,1.8466856132199299
24617,7.070437684033929,3.8869367930310155,37.71579382348752,2149,103.08636230105573,60,1.7181060383509288
24618,7.045236156442225,4.064358420711285,33.658539110338175,1982,149.24002734503756,61,2.4465578253284845
24619,7.5659159749062335,3.628822716594477,6.6250916540831355,366,76.81469139423929,56,1.371690917754273
24620,7.809876865521805,2.889911073329201,1.7007703464785426,91,16.572256164662154,26,0.6373944678716212
24621,7.1207825303785315,3.4986432793290123,23.52449629964754,1256,89.199024271865,55,1.6218004413066363
24622,7.0248410175026965,3.2649800558676025,10.583200992785144,529,96.41474083350208,49,1.9676477721122874
24627,6.696895160536347,3.1393058000093697,19.447604483284216,972,90.92256985777267,49,1.855562650158626
24628,6.8754155042113405,3.3464807100669343,16.74186159221544,860,61.701414003728,51,1.2098316471319215
24629,6.51331456458407,3.046153013096708,22.01357852604909,1104,85.58845473119163,49,1.746703157779421
24630,7.0112922272957405,3.698393885211085,16.500114601595293,936,96.51842954157063,55,1.754880537119466
24631,6.865886592143325,3.5763842678176654,23.364313470796368,1262,144.34758748936503,56,2.5776354908815184
24632,6.983442143962065,3.365559616136238,23.599096970177033,1251,69.91521917815379,52,1.3445234457337267
24633,7.129640539257963,3.312103557557369,6.770252152828611,361,47.862950980232355,52,0.9204413650044684
24634,6.915531236866601,3.1742097557208124,23.322671708442673,1173,63.01600892426871,49,1.2860409984544634
24635,7.053330612296761,3.2802388638324502,15.226161964266602,800,60.85777452890608,52,1.1703418178635785
24636,6.427019419592557,3.1986427466253575,9.074266789926757,453,68.47240263759585,49,1.3973959721958336
24641,6.64484596115777,3.332570850755878,8.036677652870493,433,72.48731578604638,51,1.4213199173734585
24642,6.905853201009971,3.55976199098152,11.349338260349493,598,74.00330211980261,51,1.4510451396039727
24643,6.986316066333942,3.186305633045529,9.335700328992916,472,67.5486621133145,49,1.3785441247615204
24646,6.491877182646539,3.9313226133026924,24.657556394027793,1401,88.8819734287315,58,1.53244781773675
24647,7.157536097297871,3.6083577663630377,23.923183710695266,1324,66.83249825362714,56,1.1934374688147702
24648,6.543507284286765,3.4202951093643317,22.346650168246843,1186,69.91036572682142,54,1.2946364023485448
24649,7.424073645030226,3.600968918964491,21.953700676591215,1212,65.62128783951145,56,1.1718087114198474
24650,6.985008437366743,3.5684532040494386,24.299473301395636,1315,70.77337415043328,55,1.2867886209169688
24651,6.520389426523873,2.955776373447953,11.662234245608596,561,56.686174161932115,47,1.2060888119560025
24654,6.7488919949934605,3.8442932760663666,14.377486093370797,832,82.80853160930616,59,1.4035344340560365
24655,6.858898860058274,3.7709736912096607,15.593116473380142,869,61.269482546390385,57,1.0749032025682523
24656,6.480381317366866,4.180274829503066,15.133200965457634,883,84.69613760439445,61,1.3884612722031877
24657,6.215272946587571,3.4528118038543942,15.311257016671469,792,66.77089944774374,51,1.3092333225047792
24658,7.119592315492286,3.5113475044157116,14.691873842384581,784,98.70050997947335,57,1.7315878943767256
24659,6.674551772701455,4.14565520032683,15.842466391886603,924,121.0130003646334,61,1.9838196781087443
24660,6.6842441815817875,3.835538651220009,9.5965465715687,545,97.16898389707092,60,1.619483064951182
24661,5.923263493034445,4.679455031539029,12.968791549941947,788,73.47780075037439,63,1.1663142976249903
24662,6.518024560165719,3.4530490479329976,16.750049762871313,879,65.2576922080462,53,1.2312772114725696
24666,6.941144230083597,4.035698811089366,48.98999176952606,2884,157.9172793375737,61,2.5888078579930114
24667,6.99854792987883,3.8785311721448,33.88360873376728,1945,80.47779492459262,61,1.3193081135179117
24668,7.149268395508146,3.863886690630723,39.06607103745026,2252,70.34086088816775,60,1.1723476814694627
24669,7.1754281489872005,3.7811306223389614,41.220559725852866,2337,159.5979415762145,59,2.7050498572239747
24670,6.997190029027265,3.793523527583738,35.35064388255664,2019,140.6767886773757,59,2.384352350463995
24671,7.170340794017504,3.98594755144221,36.12296292255126,2130,66.66490950331749,61,1.092867368906844
24672,7.026488643783761,3.2294463874729855,34.166036710764,1753,76.99135868108435,52,1.4806030515593145
24673,6.73134860522938,3.490421194418511,12.903164970440557,703,98.53814328668346,51,1.9321204566016366
24674,7.192789576408549,3.582998911965754,34.43658807551437,1911,103.00472699908401,55,1.8728132181651638
24675,6.823155708078768,3.2686436422309915,29.110735060072297,1513,104.43931163208687,53,1.9705530496620165
24676,7.129610915354269,3.7390146273689977,24.17895512602494,1366,88.37123074592336,56,1.5780576918914886
24677,6.731872442172466,3.6195167775375383,25.245779273807667,1382,87.29721187806253,54,1.6166150347789356
24678,6.796468220742181,3.3172568714666815,23.677506879080305,1232,94.28876742842786,54,1.746088285711627
24679,6.518998264112782,3.297009033221258,25.01975448329125,1291,97.3735871363399,53,1.8372374931384887
24680,7.135471559967247,3.5528222632289483,31.898232436484196,1757,81.102064969214,54,1.5018900920224814
24681,6.936007080522718,3.3240398414178287,19.003208062230346,983,86.5181008992194,49,1.7656755285554981
24682,7.466687994242649,3.1452320241725773,8.335793615484759,428,44.65607112058214,46,0.9707841547952639
24683,7.021741423126585,3.1014861059978784,7.680093199617919,384,67.41812138733602,53,1.2720400261761513
24684,7.07441209646792,3.3783781019457892,9.535147419242438,496,43.77329009749973,51,0.8582998058333281
24685,6.54007782233399,3.207012833148177,11.337400202985377,569,72.64088977502125,50,1.4528177955004251
24686,6.826219844910821,2.969506945090885,10.862412809582784,525,66.95178966061776,48,1.39482895126287
24687,6.4587288911515985,3.6928007708982893,15.698433721624442,858,89.0639715431598,56,1.5904280632707106
24688,6.477965208745268,3.5225302921293373,17.973108661814948,941,75.40573605088207,55,1.3710133827433104
24690,7.847478086751341,3.3046331273809373,14.950255740645744,771,57.30854994677609,52,1.1020874989764633
24691,7.289048234268934,2.912455839545023,12.947588548759054,617,92.36165568269504,49,1.8849317486264294
24692,7.610318273044449,3.277418694896895,13.819198536470873,725,90.71689564680999,51,1.7787626597413724
24693,7.625521180712365,3.10818618261135,13.116455220821374,640,63.65885424831016,51,1.2482128283982385
24694,7.812871621768812,2.9680180857502068,16.73559274742592,795,50.7479635933424,46,1.1032165998552694
24695,7.693694764345168,3.225463076807238,16.266195256376836,831,61.22419370615566,53,1.1551734661538804
24696,6.375762866640936,3.151768999802469,1.267848465112719,68,14.37863077077685,26,0.5530242604144943
24697,7.730351826348044,3.377600495072658,13.245603491432691,704,81.08616770109553,55,1.474293958201737
24698,7.450787410154871,2.8270203448532656,15.087457192860546,711,59.84141082861466,48,1.2466960589294722
24699,7.654929124833587,2.9840986126606115,15.483165625570802,745,60.129646534935674,50,1.2025929306987135
24701,8.15670395443177,3.0553137154122734,15.786661153802678,800,74.25964529108313,46,1.6143401150235464
24702,7.520828983341153,2.8256630318389666,11.902268030348663,557,35.574434916889615,45,0.7905429981531026
24703,7.584785355642573,3.435655820218832,6.493407327922826,342,115.82493320141066,51,2.2710771215962873
24707,7.676290115044441,2.6502478884513643,8.27437042617745,380,60.505379365456896,44,1.3751222583058385
24708,7.802725662713697,3.1640322154406175,6.992199340259685,347,81.31391998036949,50,1.6262783996073897
24709,7.40943042971326,2.883999969404004,7.98206206922298,373,55.1962955500195,44,1.2544612625004432
24710,8.074714926559556,2.8674821679693854,3.9628460859947006,192,49.55689460916076,38,1.3041288055042304
24713,8.043047730719655,3.1005786297108076,17.84648644690809,896,111.95132806687657,51,2.1951240797426776
24714,8.182738241559841,3.064889998977925,19.040696934528167,960,104.53066961558486,50,2.090613392311697
24715,7.996470117851159,3.2071752498612214,17.831588102305407,934,84.91616187896301,52,1.6330031130569809
24716,7.998962860587757,3.0182661496336047,19.2872413571171,940,71.98205593688132,47,1.5315331050400283
24717,7.5549928340101,3.337824880543979,16.619133731492905,852,72.46193897967956,53,1.3672063958430105
24718,7.333649166273449,3.189652838321892,17.69568951062065,894,133.19179894021647,51,2.611603900788558
24719,7.62885230136951,2.9429134735657403,16.64163344949783,804,58.32594182494116,49,1.190325343366146
24720,7.484928893954577,3.06786634880419,11.519542847543066,574,69.29127200892968,49,1.4141075920189732
24721,7.823074126317636,3.0635633627610557,12.371258296545808,620,56.889759113851625,46,1.2367338937793833
24722,7.763251274923175,3.473407140254062,11.044030936196004,595,60.43763469233748,51,1.1850516606340682
24723,8.229000391933324,2.758442837598239,11.556853505245309,543,64.17895233500138,42,1.528070293690509
24724,7.1852194217050664,2.6938172443847948,5.311949389668593,244,57.48965138047298,43,1.3369686367551856
24725,8.272952126325729,2.738018951948468,5.373054629402677,253,58.91386487643388,41,1.436923533571558
24726,7.173151264576864,3.376171642882585,4.1784896697345255,217,66.88223303175188,47,1.423026234718125
24727,6.932563635915788,3.2386015426392865,3.4138045645583257,168,34.31387432095337,44,0.7798607800216675
24728,7.34539684752387,3.0960581221296275,4.789678129163682,243,81.56930601506895,44,1.8538478639788396
24729,7.91050699876142,2.7314712445963414,4.928350098716762,239,61.34975608250714,40,1.5337439020626786
24730,7.809540215279474,2.915902586444008,6.306069989371488,305,59.053614332952094,46,1.2837742246293933
24731,8.26342372488761,3.2294125066224897,7.287241208980762,365,55.37990879417594,49,1.130202220289305
24732,7.616725364040587,3.407359011850647,6.571377572634789,354,93.82165309543532,51,1.8396402567732417
24733,7.236789477450368,2.3519737362823285,3.3679988706835333,138,31.368385990849177,36,0.871344055301366
24734,7.935620594415102,2.796386030773751,6.517660192196844,316,57.48947084182485,45,1.2775437964849965
24736,7.467078045669593,3.107125618681248,6.693974371046994,335,102.16348505914264,47,2.1736911714711202
24737,7.0391680088986766,3.437161048885209,3.2552103160826245,179,45.832364159841624,45,1.018496981329814
24738,7.7041166295320025,3.161317725660116,8.093424591168214,403,73.16689113007533,48,1.5243102318765693
24739,7.536706159727104,2.806925295802999,8.15836014958246,382,50.85769036319815,44,1.1558565991635943
24740,7.309156261569185,2.92155122336263,8.351761122443506,405,72.9589432016048,46,1.5860639826435825
24741,8.05885411633344,2.7183334405676365,8.31209187612201,381,67.02595444334655,39,1.7186142164960654
24742,7.498306517059414,2.8037966922878024,9.411409560475079,441,69.73956830859805,46,1.5160775719260446
24743,7.710433860823805,3.0104802357636546,8.24018653484204,405,101.33218542784802,46,2.2028735962575654
24744,7.677513276396563,2.931251091758723,1.4105689155022783,64,10.90594116634803,31,0.3518045537531623
24745,7.894945181232536,2.761061199042359,5.539126033514904,253,33.17795585876553,41,0.809218435579647
24746,7.351023980514079,2.710706775803172,8.159331550932384,361,52.13239657397198,40,1.3033099143492994
24747,7.509667556962447,2.7735510199535405,5.5813075521999345,248,45.98307364789898,42,1.0948350868547376
24748,7.0427081566497955,2.6336098646341934,2.3108159708017983,107,15.220171141936005,34,0.4476520924098825
24755,8.0153594067377,3.4173208505092436,3.03056540922004,165,28.75969776451842,43,0.6688301805701958
24756,6.724387248023784,2.722370530052464,4.690237184426521,222,69.57367127925401,44,1.5812198018012276
24758,6.995126411229543,3.2502141058790324,4.302700915749909,212,52.603687255700606,44,1.1955383467204683
24759,7.875421013462417,3.6541688143507125,1.5204183004431393,88,17.390201193398923,37,0.47000543765943037
24766,7.744029692729464,2.7695659938170447,8.126691326790715,380,56.4463664391217,42,1.3439611056933738
24767,7.850265186725031,2.9520725863683643,8.474632154915454,406,64.24414758086058,45,1.427647724019124
24768,7.479749998574796,2.937636368509513,7.6358677799297086,359,46.00460571130789,44,1.045559220711543
24769,7.473731682097468,2.8265738153345876,3.490162979878896,165,45.04828867178696,40,1.1262072167946742
24770,7.258351705753623,2.9935744087991116,12.319288322757698,594,52.681069375581984,46,1.1452406385996083
24772,7.55936808914188,3.0263465893304407,8.01992829103367,398,65.5585386512921,46,1.425185622854176
24773,7.648692111873583,2.2593504724749085,5.46901674495495,221,54.98575628878786,41,1.3411160070436063
24774,7.334420563396476,2.729380376951915,2.5411065397439443,110,32.92807699090501,37,0.8899480267812165
24775,7.360892417950936,2.33657135762751,4.512084756022386,187,29.673769008687337,38,0.780888658123351
24776,7.363118797452712,3.545072048641804,3.196692769673346,175,48.44281303577793,49,0.9886288374648557
24777,7.531103111482975,2.571222091621278,4.196599624516329,171,37.07825844929127,36,1.0299516235914241
24778,6.410386259451471,2.9739721046482575,1.859520860920922,90,19.990890688849806,33,0.605784566328782
24779,6.511662574572867,3.6303789753620586,14.703398398553992,810,87.99417623254378,55,1.599894113318978
24780,5.7299867353503915,3.6945727288839696,10.047613377492752,524,46.27717708931438,51,0.9073956292022427
24781,6.501589451500938,3.653713822275462,14.184070537932671,768,56.96945030269303,52,1.095566351974866
24782,6.3608924309139425,3.339272245361481,16.161889543117535,853,83.09314001182008,51,1.6292772551337271
24783,6.494312049660392,3.147452421479153,13.594514060244196,686,52.18008047566442,51,1.023138832856165
24784,6.300960691612154,3.2210703452664218,15.431099086361861,783,56.940779330111134,50,1.1388155866022227
24785,6.254687252230947,3.405391123603704,12.82513399996334,663,53.805206075633606,52,1.0347155014544924
24786,6.614984681525717,3.3988441605736317,11.652340821604701,604,97.48222819709771,50,1.9496445639419542
24787,6.663490604329841,3.184858781064939,15.201218554232016,765,63.94529957496327,47,1.3605382888290058
24788,6.272272144291031,3.132926258997567,12.497140756632115,615,95.8801487685916,49,1.9567377299712572
24789,6.517253809811134,3.1471608316117217,12.782790125120215,656,55.41950226986122,48,1.154572963955442
24790,6.5701970454039245,2.8258779024073477,10.646229704669082,502,94.77377519999476,45,2.1060838933332167
24791,7.603203929238774,3.353544649255824,4.534023793009362,247,68.45178624216722,46,1.4880823096123308
24794,5.5027231308904785,3.485713443269993,2.8564103865029016,146,37.26954779960003,45,0.8282121733244452
24795,6.70638026494197,3.2170810367115323,4.530039431066369,232,50.20008439963562,48,1.0458350916590755
24796,6.521419594325306,2.765027897450602,0.6068691466681448,29,7.747489814699621,14,0.5533921296214015
24797,6.729612864131534,2.931268066689971,5.8395083044295735,285,64.10509133782858,47,1.3639381135708208
24798,6.262251086672266,3.549011246991034,5.166441908333469,270,53.95631920276716,49,1.1011493714850442
24803,6.6407665029362954,3.050376068600157,12.324728607213466,604,77.40870754505514,48,1.6126814071886486
24804,6.259467141298277,3.264160144499885,13.688159749225717,680,53.387687736907566,48,1.1122434945189077
24805,6.7358605828824185,3.2244452701400315,16.46825331831155,834,55.77305431282563,50,1.1154610862565126
24806,6.727920152059328,3.394897937906683,13.246895697632581,704,37.064764129518046,51,0.7267600809709421
24807,6.342282887943352,3.6179110918323465,14.016435768457958,755,70.8318241953358,54,1.311700448061774
24808,6.267536156586962,2.964381063223582,16.3169455243856,791,50.492918717467745,47,1.0743174195205902
24809,6.322287178252968,3.505822725882401,14.118278649289616,741,58.302224925915816,52,1.1211966331906889
24810,6.230531805541717,3.6456144612685253,13.078630157266696,707,80.34332723150884,53,1.5159118345567706
24811,6.4318281058137385,3.026950173643534,11.396761386435045,568,126.7344999924938,52,2.437201922932573
24812,6.673239946602686,3.212084024899577,11.331914774132583,568,99.92219884828131,50,1.9984439769656261
24813,6.125309061869136,3.2842952061146184,3.483432542421212,179,43.040066628472516,43,1.0009317820575003
24814,5.886533404821191,3.4020319648404658,5.919244816249102,295,83.68341144985543,47,1.7804981159543707
24815,6.992698868415909,3.2991367436857533,6.066239739636263,303,94.87221007513727,51,1.8602394132379858
24816,7.809190907867395,3.302182965499574,5.520961985809384,281,102.90547336549587,49,2.10011170133665
24817,6.152787461271281,3.577545486600707,5.742318368053909,305,74.58922420986029,51,1.4625338080364763
24818,2.652663616856434,6.613271080680169,2.8060831136471434,161,43.6020183456213,52,0.8385003528004097
24819,-127.1196612102404,27.46530247171012,231273.90368444132,161,49.13339231580035,42,1.1698426741857226
24820,2.603183969327027,4.852340442340035,3.450499395149674,166,40.67299213332179,46,0.8841954811591693
24821,-4.850686896505661,10.155333472934844,0.8945665093969037,40,13.745457677638921,22,0.6247935308017691
24822,4.86873362492287,2.8345623099098884,1.113331999233421,47,10.834519264083795,21,0.515929488765895
24823,6.5945069594716115,3.4414231413625225,1.1226062886788335,54,12.28830465548969,31,0.3963969243706351
24824,0.11643052746635513,6.213774763165951,1.236235725898157,55,13.590721554909118,24,0.56628006478788
24825,2.9102450220759617,4.891582053662076,1.0061736444404168,57,10.215405836146642,30,0.34051352787155476
24826,-1.2131295941109426,6.967835898870059,1.5844016139794546,73,13.908351321993388,34,0.40906915652921727
24827,2.094278289651166,6.303513589844907,0.8822723408738641,49,14.103554587192361,25,0.5641421834876944
24828,-1.000626714997584,7.303970324578442,1.7853215945965855,82,20.5881564036698,33,0.6238835273839333
24829,8.832651903891325,2.122930529720611,1.6764115230363525,63,10.993789673733419,25,0.43975158694933675
24830,7.729103421569006,2.720981093180406,0.8883224228251523,40,11.825949850274426,19,0.6224184131723383
24831,8.54903695988781,3.4136602582123365,1.2084730824881866,61,14.167747976853292,28,0.5059909991733319
24832,8.389356306604931,3.282098756405632,1.0831174809839,56,11.963206312769309,26,0.46012331972189646
24861,9.108932882329603,3.5072106524969064,2.135138988352782,117,25.047677569720133,50,0.5009535513944027
24862,7.6324942247959875,4.265007900221486,1.8760797542593253,104,27.94541689687255,44,0.6351231112925579
24863,7.5676837467402285,3.903241447841902,2.022495503977758,112,28.25254707834749,45,0.6278343795188331
24864,7.8480263650284465,3.5647727706575894,2.7365101487546872,144,37.09915527337495,51,0.727434417124999
24865,5.320622274375161,4.406150138462773,2.449010197050643,141,33.426114015898975,45,0.7428025336866438
24866,7.778896471713828,3.889597455596115,2.221127980609444,136,25.054584100233,49,0.511318042861898
24867,5.937638428132399,3.3470812570287,3.0750301687717165,163,36.55537284767941,49,0.7460280172995798
24868,4.569774254712006,5.226798507551183,1.5008753236816397,89,16.724880352964963,41,0.4079239110479259
24870,3.12192061217474,6.123380367051377,2.509357642356166,146,36.04894178571541,52,0.693248880494527
24871,4.774705800395134,5.588278723065354,2.5085145604418337,153,44.122161781203715,56,0.7878957460929235
24872,-5.889721043426098,10.164203330696344,3.8239214974668285,153,28.64036010150687,51,0.5615756882648406
24873,3.7033454411855806,5.877639474182042,2.503368981238882,149,34.0946380548298,51,0.6685223148005843
24874,2.596770809372727,6.590720754134193,0.6782919755114291,40,13.303907983089125,22,0.6047230901404148
24877,8.11267180986082,3.803842327274351,33.021868548796775,1883,153.71872603520788,63,2.439979778336633
24878,8.343134036218583,4.0246160266739075,171.93126027829555,10278,311.8047528697995,67,4.653802281638798
24879,8.01403298501456,3.9640352223101156,33.42327664527149,1978,128.36228476919584,63,2.037496583638029
24880,8.032817855071965,3.812403380121321,229.00957265375388,13258,339.1124122595909,61,5.559219873108047
24881,8.033737381665603,3.6790498592018763,238.0061881330133,13424,1405.9185405496776,61,23.047844927043894
24882,7.899324951508858,3.4593186243006464,149.7874980615101,8121,240.10454449049658,55,4.365537172554483
24883,7.429389085916482,3.0119720974276882,75.52453814455073,3724,114.59898847597223,47,2.438276350552601
24886,7.840131075874377,3.5339002728233937,131.05682389356772,7178,299.1677979715153,58,5.158065482267506
24887,8.12285732230095,3.5619492532887054,104.00443177979551,5761,193.870734014489,56,3.4619773931158746
24888,7.907651166809778,3.6211158914403536,124.5089818160986,6999,353.74829919782934,59,5.995733884708972
24889,7.707864257497952,3.363635647755624,108.84219368261591,5812,195.18861647866981,53,3.682804084503204
24890,7.418453694149864,3.207875943372903,61.49911919527578,3193,108.32572473716381,49,2.2107290762686493
24893,7.40885386291198,3.0274912807621774,57.81665558586261,2918,437.7323311880375,50,8.75464662376075
24894,7.572446295377001,3.1823717440344166,65.25795428471626,3357,578.2022437336808,52,11.1192739179554
24897,7.681970557032962,3.4470184638427837,101.69909858906621,5468,195.5995507661135,56,3.4928491208234553
24898,7.823729341730178,3.5316928275189037,244.20253721592962,13466,545.0502086882025,57,9.56228436295092
24899,7.5346404960715105,3.283544715879113,70.41506643761566,3714,147.14498485271827,52,2.829711247167659
24902,7.87790217051155,3.625718787382317,45.11713023956263,2541,108.17796389916447,57,1.8978590157748152
24903,8.024242088357088,3.6738097524571,122.69868508060468,6949,454.40483193719746,60,7.573413865619957
24907,7.4944045304655935,3.940380066072278,147.7533432403759,8671,176.89680518833134,63,2.8078857966401802
24908,7.490230804756991,3.9170820286325343,172.364152931825,10137,1241.1054864744663,63,19.70008708689629
24909,6.968650179141185,3.34369021774454,88.55816073976419,4662,112.94093866988524,53,2.1309611069789667
24910,7.228125980092006,3.2597228051189813,84.44639870754372,4446,425.80460390080157,52,8.188550075015415
24913,7.4730671646579285,3.9743097074307796,180.1308162085067,10634,230.50347453809547,63,3.6587853101284997
24914,7.164501582654566,3.9806655859695375,74.57412092254755,4355,127.38717444320466,63,2.0220186419556296
24915,7.5571441038766265,3.8302092997683213,118.11876636972278,6806,158.08490933744034,62,2.5497566022167795
24916,7.55028169446358,3.8461948452172305,112.52825979931444,6507,157.70902306432663,62,2.543693920392365
24917,7.019568908505051,3.6689402720769126,14.281954225560188,805,77.44490937885361,59,1.312625582692434
24920,7.259888386366489,3.528665010063653,129.48342567389196,7078,161.91356183014938,56,2.8913136041098104
24921,6.906628985828098,3.234513151671218,62.71653817887911,3251,71.13413283128335,51,1.394786918260458
24924,7.124077192271937,3.7624951328819085,110.21171261910109,6207,151.06423768818954,60,2.517737294803159
24927,7.235521940902833,3.9520944341851454,63.68365111673115,3702,91.90406690675856,63,1.4587947128056915
24928,7.333618999416438,3.9650778608116544,181.888049283538,10699,333.05609033874794,63,5.286604608551555
24929,7.551607973864418,3.9592930073101176,114.07884295741775,6750,159.86520561037554,64,2.497893837662118
24930,7.066408635864002,3.426651662529031,84.0487566459534,4468,132.28549549004737,55,2.4051908270917703
24933,7.103466158051233,4.189446273044052,120.93161425117094,7248,2340.2629692835703,66,35.458529837629854
24934,7.0893612972748015,4.2287358798086565,106.27432208692379,6478,286.74658379912705,66,4.344645209077683
24935,7.406294905428959,4.222498240946447,105.41499788760952,6431,260.7323039255772,65,4.011266214239649
24938,7.235075834271561,3.754979793505086,176.85629461542223,9997,204.60893146023398,60,3.410148857670566
24939,7.337579350382233,3.888603856099128,74.00634658966659,4320,272.9724564628343,63,4.332896134330704
24943,7.516759268851489,3.886470238157898,189.84169143456478,10950,222.27043605721934,62,3.585007033180957
24944,7.2389740703968615,3.8172931495600615,183.75823576443133,10516,197.1121586322388,60,3.2852026438706465
24945,7.31997337327666,3.843892540344204,122.84374935293631,7152,194.82379492128305,61,3.193832703627591
24946,7.194779230902697,3.254921887220538,92.48865592687652,4754,124.84510766762492,51,2.4479432876004887
24947,6.924700571784116,3.1882643853162738,91.63835405748786,4641,113.06237485136059,51,2.216909310810992
24948,7.39707866408677,3.9155414577861962,206.09103680927444,12066,849.6876731259631,63,13.487105922634335
24949,7.3620477304601355,3.9340519800352607,187.87302830843393,11038,224.5170416905378,63,3.563762566516473
24950,7.1999473599357025,3.455639034618693,128.93505622586974,6947,158.2072425461323,55,2.8764953190205875
24951,6.889132104113294,3.2991554268175975,73.80674506506404,3845,658.7787171503068,52,12.668821483659745
24952,6.918821534708112,4.030877816025562,125.62412488740539,7394,359.7775893535585,62,5.802864344412233
24953,7.269697709663088,3.9697574002650207,180.78036308513097,10610,241.04210302297005,63,3.826065127348731
24954,7.212458054673266,3.9858560245249812,174.84499271734504,10250,509.9396214363902,63,8.094279705339527
24955,6.622004294227038,3.4881007696664277,86.06511466711025,4627,134.34782773242452,55,2.442687776953173
24956,7.138162894388865,4.257472973882186,66.40397888542162,4049,137.75622694998748,65,2.119326568461346
24957,6.8544300308464825,4.416116332538108,55.91579617231911,3433,96.61030698188326,67,1.4419448803266157
24958,7.2568038782986575,4.189932360676852,108.96484709348132,6594,337.7911245376601,66,5.1180473414796985
24959,7.247817610430708,4.240393758369607,113.16535206962801,6860,181.51686812009677,66,2.750255577577224
24960,7.0547445889946285,3.53557096922034,12.642313747743547,677,80.76809269162365,56,1.4422873694932794
24961,7.026463059730484,3.349412171102764,80.7401254000305,4239,128.50461337012348,52,2.471242564810067
24962,7.101579234768134,3.2294975004691056,73.92617287012406,3804,152.56630864645504,52,2.9339674739702892
24964,7.17846340691445,3.3765946971467677,81.47176574050961,4267,137.5024046724986,52,2.644277012932666
24965,7.032077114014344,2.7752921032734665,52.44063047202581,2439,83.35587538369327,43,1.938508729853332
24966,6.975549953335674,3.040817708193097,38.90022658939931,1902,82.8027221744468,47,1.7617600462648255
24969,7.302535003129506,3.451288973355777,90.83797326919992,4869,226.50966633581743,56,4.044815470282454
24970,7.1840796156925295,3.3066059263048295,101.79802443718951,5346,259.86101174850575,54,4.812240958305662
24971,7.203248661885561,3.4145916045237774,97.53872216501459,5247,114.42677478446626,55,2.080486814263023
24972,7.130666568668759,3.3728807465614574,100.55039784087599,5317,125.65211973075245,54,2.3268911061250455
24974,7.18600884207943,3.1871770764985703,47.77271925811347,2424,128.64086823100897,49,2.6253238414491626
24975,6.986540620271142,3.0505739458260424,49.04004689525192,2413,81.0601562768299,48,1.6887532557672895
24981,7.020388270543441,3.35498897411614,62.77019596907825,3352,113.07953455272114,54,2.0940654546800213
24982,7.087014980433683,3.493263507342377,64.35537691038796,3461,131.05618570091227,56,2.3402890303734334
24985,7.019000079490769,3.44128562082722,92.34821461270306,4946,145.0425154690119,55,2.6371366448911253
24986,7.193456456415294,3.512205714191856,92.3809095191522,5057,189.19165411082133,57,3.3191518265056374
24987,7.179926796676482,3.453859752515573,84.79021200295928,4567,137.35680247353693,57,2.409768464448016
24988,6.895910133821463,3.213832454053868,38.48398041415176,2000,78.30526608076762,50,1.5661053216153524
24991,7.07996450365709,3.3509087553779615,67.65280898370195,3586,117.97716699771546,55,2.145039399958463
24992,7.298802946026516,3.58181277529551,61.49623374572992,3412,147.07735546067295,56,2.626381347512017
24994,7.170101242916368,3.507921716583139,66.55970560732216,3608,223.891213217141,57,3.927916021353351
24995,7.283410611053144,3.613660118019675,60.37756405545511,3365,104.69749916462798,57,1.8367982309583857
24998,6.93382799193935,3.3722414345569667,83.15620158140648,4397,170.62142360978953,54,3.1596559927738803
24999,7.075327731680137,3.4049748013625813,80.62001368562511,4274,132.32344470829327,54,2.45043416126469
25000,6.765352220025792,2.9698984461137803,41.00104200874004,1964,113.60339753198932,47,2.417093564510411
25001,7.186101494828795,2.988346908034949,36.64100486306766,1763,90.13688408493172,47,1.9178060443602494
25002,6.765507532121848,2.9985139725477326,50.2089866192719,2429,88.93317818373646,48,1.8527745454945095
25003,6.874739354340883,3.0354139191668015,44.390708790088674,2160,299.94022723924917,48,6.248754734151024
25004,7.143152259974316,3.446531308352679,64.85339382371701,3495,107.68868594259217,53,2.0318619989168334
25005,7.211763651136128,3.3356365042203433,61.60914528166701,3242,96.63280318632945,53,1.8232604374779142
25006,7.435122249526044,3.559981164121429,62.35219565128505,3399,120.90674578044042,57,2.121170978604218
25007,7.0227125014756355,3.3675004379056226,80.34600010791215,4222,877.3910120644367,53,16.554547397442203
25008,6.7826758631769115,3.4322948766944292,9.900199594060256,513,89.86546649621773,53,1.695574839551278
25010,8.79641142123073,3.95721098964646,108.49084596544078,6225,1903.3357488012844,70,27.190510697161205
25011,8.92051796089695,4.11788324454598,110.11611282207335,6472,267.50174148085506,70,3.821453449726501
25012,8.14471952854972,3.371879199491337,50.52403102109585,2632,100.68647392235374,56,1.7979727486134596
25016,8.611080604665489,3.6843150255892763,54.98079466289935,3009,156.03616360103692,68,2.294649464721131
25017,8.923849322280978,4.126020862658137,104.06254331524714,6102,278.397092999102,72,3.8666262916541942
25018,9.004940602757937,4.135847541080012,41.05276455116137,2451,129.37192659493195,71,1.8221398111962246
25019,8.522659461278575,3.549994053950064,54.77000371019515,2939,142.07189168263542,61,2.329047404633368
25020,8.328634295229943,3.202245034036839,26.968885460471476,1356,88.84938899720622,52,1.7086420961001196
25026,8.466383991256775,3.6357477070595614,47.754205156462156,2609,129.21692349069895,61,2.1183102211589993
25027,8.038426607558423,3.3120135223731038,48.12135547353507,2463,119.38745344971711,59,2.023516160164697
25030,8.764163824890696,4.07754407187244,100.62720970087169,5857,229.78506731911463,71,3.2364093988607694
25031,8.792476145536115,4.187319300822565,56.02361541758358,3304,162.58439667849711,71,2.2899210799788325
25034,8.75852653745846,3.931857155169445,50.028952457075555,2871,174.90270948724537,69,2.5348218766267445
25035,8.419915652772376,3.3608864224146835,38.159314127477714,1971,90.54531258906844,56,1.6168805819476508
25038,8.709649654879092,4.112867098256424,60.33834608270176,3533,189.04351079800105,72,2.6256043166389036
25041,8.854420883097495,4.095361066613988,59.3440285395269,3471,183.70205774816802,73,2.516466544495452
25044,8.462756902099736,3.6737735026645457,105.0449570971815,5842,195.63232410763288,61,3.207087280452998
25045,8.229904700382603,3.7054907515535866,112.61235455418196,6259,236.55143058754706,62,3.8153456546378557
25046,7.509245797215949,2.9336798234525463,53.94704881371134,2595,106.41353887159588,47,2.264117848331827
25049,8.342380125503375,3.7197751995507504,97.26581276207781,5410,209.57918090620174,63,3.3266536651778056
25050,8.335755437551963,3.822248010669399,102.45291962826245,5904,382.6850620059937,64,5.979454093843652
25051,8.391687255011604,3.6709800080942157,60.99678462787536,3356,145.34590660455544,63,2.307077882611991
25052,8.007447135485805,3.3714171648746154,60.096059041058574,3168,131.86427687144183,56,2.3547192298471757
25053,7.835702038777957,3.0998708837116995,28.650611673947083,1431,75.73435235646689,48,1.5777990074263935
25056,8.029277178948691,3.345244016177299,75.87704361870077,3956,226.66845615501126,57,3.976639581666864
25059,8.131606633791531,3.5246296070061174,100.85300341071523,5398,185.44838787907318,60,3.09080646465122
25060,8.344593453308711,3.6206159974048266,101.11213916673275,5585,192.95030789547522,61,3.1631198015651676
25061,8.318986771452957,3.6636187227994257,88.5403324494318,4885,187.25807054866934,62,3.0202914604624085
25062,8.449958073933008,3.709842840856963,54.09554400258041,3011,142.1559244233059,62,2.2928374906984823
25063,8.625844827786056,3.8157841891761106,26.335651730867536,1496,108.12016890495234,67,1.61373386425302
25064,8.297892915315586,3.4626127969152956,39.13695635493639,2070,134.65755646050494,61,2.207500925582048
25065,8.311347381883063,3.4537897881571893,116.49602020724532,6185,216.21908341248258,59,3.6647302273302134
25066,8.262306762308079,3.789299135179772,99.5977039524194,5641,215.37826873011434,63,3.4187026782557832
25067,8.119791555797809,3.7118314063902216,101.39677481811245,5627,234.45869889004067,63,3.7215666490482646
25068,7.8069392817500365,3.13340648960949,53.99913711766031,2701,106.12873193483722,50,2.1225746386967446
25069,8.363151468273353,3.614381761158114,101.52037608327723,5558,223.09993853070037,62,3.598386105333877
25070,8.275143903593035,3.7693062320966466,90.40008435743836,5098,212.04974362882365,63,3.365868946489264
25071,8.315164899477205,3.6414145695563613,108.5836201769298,6002,210.1178224185731,61,3.4445544658782477
25072,7.8850680661352115,3.331964615934647,59.97995129620644,3111,141.83797164399303,55,2.578872211708964
25073,7.446432277911172,2.9033513495817966,32.871579428405376,1546,87.89775603060484,46,1.9108207832740183
25074,8.236731829383219,3.3562678802557206,47.45188879340317,2468,90.016765589211,57,1.5792415015651053
25076,7.596338256133003,3.1261113541730996,57.492779324258755,2891,134.62834244163633,50,2.6925668488327266
25077,7.459198560522693,3.0980097928146595,53.615984645356,2684,91.73577608704677,51,1.7987407075891524
25078,7.6978470227645,3.389443735217181,55.98252751830824,2962,141.90695064048447,53,2.677489634726122
25079,7.46137868812193,3.094285747164439,33.13174523564399,1653,73.93332772417047,47,1.57304952604618
25080,7.341341326165911,2.710919751183836,34.123730968660944,1542,183.9594088084269,44,4.180895654736975
25083,7.778367039762637,3.2182761504859445,39.8522116437508,2061,81.28402498852543,53,1.5336608488401025
25084,7.789865463047688,3.086903096360562,82.85196761623496,4126,119.92035928583667,50,2.3984071857167333
25085,7.855370800191322,3.2343892191055916,48.13955285383698,2475,200.24501008428985,53,3.778207737439431
25086,7.8242053430931335,3.3028422931649324,64.36349616455904,3385,118.931027971346,53,2.243981659836717
25087,7.279290584180372,2.619240236029454,26.94848167775736,1191,75.13082437681545,42,1.7888291518289394
25088,7.603313499968876,2.916175929053685,26.54744025104639,1266,74.83201627181198,45,1.662933694929155
25091,7.44539383959664,3.4277985624693965,6.51701367638388,345,65.62469214963387,56,1.1718695026720334
25092,7.7479271597005095,3.125265086514623,45.97719763452884,2325,93.2838086306497,50,1.865676172612994
25093,7.646149746697346,3.280489497808727,46.364184856537065,2417,109.33529585694959,53,2.062930110508483
25096,7.905054771963053,3.548532415853226,77.85346769011605,4293,186.99008147930874,58,3.2239669220570475
25097,7.794036162376737,3.5200321779180443,77.38727593116103,4205,150.36420491366002,57,2.6379685072571935
25098,7.946383821195854,3.25906004136444,86.45775024803417,4476,156.12103510990215,54,2.891130279813003
25099,7.328408860024801,2.965428884170093,37.385228830034265,1824,140.2820536142201,48,2.9225427836295856
25102,8.083935993914878,3.501155521718809,85.23265771699012,4630,169.96791986439942,57,2.981893330954376
25103,7.794193601762007,3.4196885357315763,65.04368143026863,3449,139.94168260806626,57,2.4551172387380045
25104,7.788967002186195,3.232873784255952,60.2848949058808,3070,122.63575378933648,55,2.229740977987936
25105,8.183009401540929,3.4904215085439687,61.654231765602255,3325,366.2175760743183,57,6.4248697556897945
25108,7.667476372237969,3.3931260658898146,71.59309323098287,3765,157.46147334664468,54,2.9159532101230496
25109,7.624242404468694,3.171899238941123,77.7761325136701,3961,354.89111659540265,53,6.696058803686842
25110,7.680546929203028,3.297225736712677,77.38093791775552,3988,164.72488568273275,55,2.9949979215042317
25111,7.279219972633165,2.8478644943097167,43.255323424565724,2041,69.97245178733569,46,1.521140256246428
25112,7.587733150182842,2.945245356625879,42.43172075827395,2036,84.58646101588276,46,1.8388361090409295
25114,7.914043291611997,3.4973081363400227,89.94573190896486,4852,158.89635579358117,58,2.739592341268641
25115,8.001881517117848,3.3675107501586896,91.96036231119835,4878,237.86853961211045,56,4.247652493073401
25116,7.991989125264641,3.497701266169631,86.26587113639322,4683,160.8194727083707,57,2.8213942580415914
25117,7.416753754592408,2.7666846939575467,36.98898234703932,1697,74.39423613792599,45,1.6532052475094663
25119,7.313854765760051,3.0471035576772967,39.86067432742566,1958,94.53001042996745,47,2.011276817658882
25120,7.657988150110469,3.1800318039396696,47.32493327244141,2399,157.91293905131687,52,3.036787289448401
25121,7.681278035449072,3.2238648184605267,47.09194820743937,2444,134.84737857826377,53,2.5442901618540334
25122,7.981926225572907,3.15311339002615,78.33241798002041,3903,135.60521250487966,51,2.658925735389797
25123,7.990173716023545,3.290543745303942,68.76920175352747,3585,399.50791372618386,54,7.398294698633034
25124,7.511048634041018,2.8502394286158728,61.17955559811198,2878,100.59831439048867,47,2.1403896678827374
25126,8.136166431205048,2.8535353805506096,3.866139124579879,184,36.431882178432865,42,0.8674257661531635
25127,7.789002174734661,2.9641009171075834,50.49714841852765,2446,95.63913177927493,47,2.034875144239892
25128,7.766247553014434,3.084219717937818,47.563744006855295,2303,129.192042882273,50,2.58384085764546
25129,8.01316893186,3.1756702652167035,52.183628023413135,2648,99.95247230750488,50,1.9990494461500976
25130,6.931210658974006,2.4953166541045184,2.11541408773327,89,14.878377519278523,35,0.42509650055081494
25131,7.752911733655316,2.7709168221509266,33.069498298692665,1509,77.5429622011565,43,1.8033247023524768
25134,8.261082059983206,3.1695015454801423,27.012487184834956,1332,71.17634021092626,49,1.4525783716515563
25135,8.001560090453703,2.792987786222467,31.94091673434755,1447,56.25510104573503,44,1.2785250237667052
25138,7.856593687218907,3.2388474091123967,159.5315073735642,8151,363.77173025909036,53,6.863617552058309
25139,8.056656163993555,3.4418798880871244,175.79574402393538,9378,406.52654655235716,57,7.132044676357143
25140,8.12235554308058,3.3430460839103677,189.28604519869018,9914,303.62358114630973,55,5.520428748114722
25141,7.67678478255123,2.8854243510355126,114.27190128471939,5392,163.7399952421968,46,3.5595651139608004
25146,7.843037673937849,3.027834307088471,84.58021000654219,4156,148.05189621895718,47,3.150040345084195
25147,7.483004395329694,2.9576172504864613,22.549308758004738,1081,72.93542877918979,48,1.519488099566454
25148,7.706255828816782,2.9970381905503594,75.33072082224669,3642,151.31873859202318,48,3.1524737206671496
25149,7.645109938420584,3.0895649309118913,67.45404337119139,3349,162.3832921029506,49,3.31394473679491
25150,7.794360307785257,2.9831902219802315,93.97548518261034,4552,150.97008470796766,48,3.1452100980826594
25151,7.434435899722159,2.8285005797446274,52.693619649684635,2455,205.5295196727145,43,4.779756271458477
25154,7.7285306946219885,2.988171579183137,48.00064166526278,2341,102.2871354215287,45,2.273047453811749
25157,7.921987801248083,2.9507717598081835,43.10600099928431,2063,81.58772903946894,48,1.6997443549889362
25158,7.776759409877216,3.108018991978398,71.90423875695326,3612,141.39308644468738,49,2.8855731927487223
25162,7.855718890813525,3.043220691038582,125.97965559003238,6197,415.5345556542985,50,8.310691113085971
25163,7.851186867824087,3.0971941697217757,70.40983487149494,3532,141.23082199225888,50,2.824616439845178
25164,7.8327211095097224,2.8864217344800176,71.47911106984988,3364,190.0312340013872,47,4.043217744710366
25165,7.992715521983179,3.0418221146999658,78.67124961543881,3840,151.4381203466436,50,3.028762406932872
25166,7.659248145671506,3.003288213839705,68.50132294386805,3320,140.63714964410673,49,2.870145911104219
25167,7.714862386220999,3.085356064729477,87.91702656581023,4319,164.9942876119558,49,3.367230359427669
25168,7.732062546593003,2.8240230115705507,104.69243743317294,4874,148.95843829114378,46,3.238226919372691
25169,7.694826236184483,2.9364829162462285,86.41893542470419,4134,139.62483647288306,48,2.9088507598517306
25170,7.477963770353444,2.7624038357894936,52.156225208847076,2410,79.27195674869816,44,1.801635380652231
25171,7.415913799541095,2.9071325054574464,46.67616358358222,2196,90.94354728793823,45,2.0209677175097385
25181,7.5857084166543505,3.141757502272671,143.92403899598563,7306,206.19113524940846,50,4.123822704988169
25182,7.607315819094914,3.069481069970966,119.38011410150942,5948,179.34795416576307,50,3.5869590833152616
25183,7.867751726294689,3.2606451981976714,105.45406784309954,5446,276.1028418232241,52,5.309670035062002
25184,7.112428523421617,2.8150816921168746,71.81688507337351,3343,246.9757643367475,45,5.488350318594389
25185,7.474502533161853,2.9176382133929524,67.27575315648808,3242,98.80491830846272,46,2.147933006705711
25187,7.1597364548872395,2.8194352897012283,67.32118448859364,3178,362.16947440476594,45,8.048210542328132
25189,7.457740416693472,2.9191197200231813,76.54558525064071,3699,130.63306881801782,46,2.839849322130822
25190,7.634397479435364,2.8644756048236433,76.59847974349877,3627,188.72715213832927,46,4.102764176920202
25192,7.868444851423016,3.478218430860288,164.22702515725197,8894,282.20076789805466,57,4.950890664878152
25193,7.895837636529368,3.393176106481289,144.03883089593018,7607,250.22239561095842,55,4.549498102017425
25194,7.6610390872909395,3.3700481838288745,165.43060553072107,8707,277.0916388339755,55,5.038029796981372
25195,7.846212429479913,3.345462919363362,101.48359050847317,5342,177.71630638705992,54,3.29104271087148
25196,7.883181626191697,3.2330937299196605,88.67087515130262,4544,161.00416556659252,54,2.981558621603565
25197,7.683143649449662,3.337181389725761,95.66502612794834,4970,328.7947551665071,55,5.978086457572856
25198,7.749939836423588,3.2558265204711585,100.42582647911048,5203,1472.1138189272833,55,26.765705798677878
25200,7.892535808974615,3.420660622611093,180.32119480105248,9660,504.3666990942787,55,9.170303619895977
25201,7.76691254620592,3.358165720291512,211.08732895290453,11120,423.7803284402395,55,7.705096880731627
25202,7.42643045141534,2.9694776616643743,90.33598657508503,4422,247.4996135708704,48,5.1562419493931335
25203,7.63384241550043,3.1143202049724517,178.1419176790843,8983,223.01343617405414,50,4.460268723481082
25204,7.294834967733268,2.824668260287926,71.97304328175154,3379,112.60185764584426,44,2.559133128314642
25205,7.713166904590693,2.984964424221033,19.942413526763843,973,93.2779018510521,51,1.8289784676676883
25206,7.134029673509397,3.1030536810312497,19.86552193996847,977,73.11597372190431,49,1.4921627290184554
25207,7.540277013515306,3.4506197209903853,20.037692496030182,1095,75.36803254812588,53,1.4220383499646392
25208,7.540499929039008,2.7980889609503796,17.666423339906494,841,42.392067867987045,47,0.901958890808235
25210,6.749370656232656,3.0163226700659704,10.473956759395913,504,144.61559656540516,44,3.286718103759208
25211,7.2647574188680775,2.9198702853393943,9.499143877212527,460,62.8279406451941,46,1.3658247966346544
25214,7.437083936301484,3.077522779132274,15.802910895892884,760,66.07766091823736,50,1.3215532183647472
25217,7.508240347044838,3.1064864681510445,20.634020682396116,1019,70.23812355607753,50,1.4047624711215505
25218,7.5317773549940314,3.1020423260747605,20.910188465563774,1049,76.28760143374107,50,1.5257520286748214
25219,7.619726106070787,3.2648759009560027,21.626741605243968,1123,57.62909147045165,52,1.108251759047147
25220,7.148665346579565,2.645098640560304,11.24612367290216,503,40.75979318137309,44,0.9263589359402975
25221,6.795214426676732,2.939103175770481,9.570537988295259,467,59.21375375047823,45,1.3158611944550718
25222,7.251376857940202,2.876382372903121,17.162543353979093,822,60.36649614830418,46,1.3123151336587866
25227,7.3551067194219,3.1243219885068103,275.67660034162077,13978,556.2534459645501,50,11.125068919291003
25228,7.337485852106083,3.0810561225289104,228.42116771586024,11406,320.2383912483078,49,6.535477372414444
25229,7.129663385505607,3.0782456911965017,119.5930356952038,5912,203.16478842939978,47,4.3226550729659525
25230,7.152377233261462,2.8221212975092804,103.09002365108267,4851,153.3345864682355,44,3.4848769651871705
25233,7.328708223505544,3.0133822831380335,121.91548347801906,5989,156.46437812673165,47,3.329029321845354
25234,7.232527030085416,2.8802680472906546,132.35227296055032,6342,155.040073903917,46,3.370436389215587
25235,7.23731303436793,2.9934947702665533,131.28190329489175,6413,256.30669459131445,47,5.453333927474776
25236,7.179641324156982,2.9362783797749445,68.79141547030379,3314,120.75873736018605,45,2.6835274968930234
25237,7.215362532988998,2.684014300230345,75.30454371023397,3437,92.48501955098428,43,2.150814408162425
25240,7.045401622861872,2.9546363781028595,58.00503946777301,2803,124.64898181840229,45,2.769977373742273
25241,6.996522806102136,3.075597007802431,54.20501694450347,2688,134.80356428067677,47,2.868160942142059
25247,7.158082921978182,2.9401596055606296,157.17563141382408,7600,382.7893812248607,46,8.321508287496972
25248,7.019298726250239,2.9533117931130777,158.0659689417397,7664,217.57577999870028,46,4.72990826084131
25249,6.9511723104958705,2.79952822018441,75.8179678271975,3474,325.35454343854144,44,7.394421441785033
25251,7.220103113463667,3.082971248644314,70.48864937947171,3535,109.43093442817148,48,2.2798111339202394
25252,7.148745669055998,3.1754790059520417,66.46627585881392,3409,245.3899075444532,50,4.907798150889064
25255,6.980393130735838,3.849471190608032,294.32282947282243,16847,309.34368198580063,60,5.155728033096677
25256,7.049159584888985,3.725886305987271,214.14133497491017,12158,329.9802800959519,59,5.592886103321219
25257,6.996998752849818,3.7940695497026904,176.70044543360083,10100,198.31240073626097,59,3.3612271311230675
25258,6.713050252876563,3.2684373931525563,239.97737894463506,12293,329.6518089082075,52,6.339457863619375
25259,6.754071585072562,3.3675430794516883,216.40695285836634,11374,222.71139807017045,53,4.202101850380575
25262,6.924934593109551,3.4735947581077187,260.38889911104206,13948,271.94251292743746,54,5.035972461619212
25263,6.864249817865186,3.5294849907891717,267.9685657797116,14515,873.3617426112223,55,15.879304411113134
25264,6.811196052037986,3.4081442030416045,230.26664554365132,12187,355.6688717152999,54,6.586460587320368
25265,6.583100486548627,3.1475979183318405,144.5197000742845,7248,142.56601091688316,49,2.9095104268751664
25266,6.641568343263769,3.0696023832592614,143.62798224354336,7049,226.33789030460764,49,4.619140618461381
25269,6.582580807547522,3.323132687149864,95.6301677882768,4962,131.63586403134178,51,2.5810953731635644
25272,6.703017925742323,3.615044577860895,235.23877924352834,12916,239.85999213773826,56,4.283214145316754
25273,6.675385800404702,3.649586838893161,252.37765352644126,13879,209.8781146831644,56,3.7478234764850784
25275,6.711385159201554,3.8824042538840833,132.62554988382973,7517,153.74220739872453,59,2.605800125402111
25276,6.612364849667472,3.885941140142443,131.5274479770384,7463,170.4705715775934,58,2.939147785820576
25277,6.748211032525848,3.8481072041605398,127.39863544204579,7278,135.84204948883368,59,2.3024076184548083
25279,6.459374704255254,3.426429592904661,95.65060659585505,4989,107.01055549089301,52,2.057895297901789
25280,6.870607966856114,3.46328160514519,183.51475335241366,9889,243.22746924879564,54,4.504212393496216
25281,6.9751966188907915,3.5067703342105414,185.0179848612767,10015,834.026443174876,55,15.164117148634109
25282,6.707713157679137,3.0403175916084777,86.43414267307247,4258,178.0504914015822,47,3.7883083276932386
25283,6.648600659458515,2.9815556677340718,95.48882577903176,4623,158.90887414679466,47,3.381039875463716
25286,6.97322294981963,3.4663700124329515,211.36459836609686,11327,604.0028373062838,55,10.98186976920516
25287,7.047589879698761,3.524080590723017,186.6608988658273,10162,224.7078838978776,55,4.08559788905232
25288,7.090503548818533,3.4506307124144984,130.4666033361823,6976,146.7169299138069,54,2.7169801835890164
25289,6.761308509543256,3.0982766795021917,109.06130373354044,5392,140.1240896762212,48,2.9192518682546083
25290,6.798752500883458,3.118881505106392,100.61667393181692,4980,119.75706695688073,49,2.444021774630219
25293,6.75142835920348,3.2589468002478066,111.68447961440478,5751,177.82771509284163,52,3.419763751785416
25295,6.878192499578942,3.558219528883236,207.77949405249618,11352,381.14533068099655,56,6.80616661930351
25296,6.83044192633352,3.467864092920249,192.6160136709285,10318,2289.307571288522,56,40.88049234443789
25298,6.44451730614444,3.9357685596042633,132.45249352234055,7550,268.01433184073437,59,4.542615793910752
25299,6.639729132745153,3.978942802409141,35.55345248641223,2073,99.11316621271409,60,1.6518861035452348
25300,6.711036827063242,3.8736049149301426,145.85485346491228,8312,180.2995924171134,60,3.0049932069518897
25301,6.803642024307154,3.813454248020341,105.5709255034378,5901,226.82120155058792,60,3.7803533591764653
25303,6.510366379038572,2.977870514950544,62.786984926817446,3003,128.3510752540389,47,2.730873941575296
25305,6.452201093318069,3.075742912420151,98.71856092371105,4796,127.04165586080804,47,2.7030139544852774
25306,6.3519483936698995,2.9001929150258783,51.5020936649553,2409,80.00710111124084,45,1.7779355802497965
25309,6.894534186173354,3.363295172506828,182.18917350322357,9597,334.9050865699435,54,6.201946047591546
25310,6.7907681734022765,3.3742311004199577,50.573795866593336,2652,91.07554783944795,54,1.6865842192490361
25311,6.967351065813438,3.3953912555838377,123.54053040583793,6518,281.2904641095009,55,5.114372074718197
25312,6.917973892626403,3.0165985607215973,91.43841285343878,4466,187.9060177562794,49,3.8348166889036612
25313,6.771456622396636,3.12572764370138,94.16375611029399,4711,154.42229275198068,48,3.2171310989995976
25314,6.848905522250036,3.2919254325839735,81.4374229191065,4230,156.89493493822548,53,2.960281791287273
25315,6.9761745954330046,3.5996459157765806,181.66956933089668,10060,246.456049512641,56,4.401000884154303
25316,6.666677902201627,3.1402177804059903,96.51667806328831,4818,176.61377353311724,49,3.604362725165658
25317,6.601884952775257,3.4113909024232534,106.33763345560016,5606,146.4537900563605,53,2.7632790576671793
25318,6.634262474365285,3.098789339401643,16.85284910491306,834,54.434885360123516,49,1.1109160277576229
25319,6.756795237202068,3.072778025615796,16.378750909127735,794,82.12509251959172,50,1.6425018503918343
25320,6.978005042849923,2.9278926834794374,5.596045552400717,274,73.96220921644931,47,1.5736640258819001
25321,6.648521075724934,3.5116202650779518,7.29378571122557,386,66.26152551075054,55,1.2047550092863735
25322,6.311423821139579,2.9626796061787424,9.519010816845794,453,71.24612929061648,44,1.6192302111503745
25323,6.9043397767799,2.6435693925905905,11.357938522803083,498,30.167265504532036,41,0.7357869635251716
25328,6.363258085079246,3.2279801449410503,18.88356244908282,975,51.4620584556321,52,0.9896549703006173
25329,6.696578528725127,3.4153576720816217,19.75717276546771,1040,96.03560855447928,54,1.77843719545332
25330,6.666633940884642,3.5058951804049965,16.67487021729074,895,42.2605505817223,54,0.782602788550413
25331,6.6648633633429055,3.68116721882362,18.84625266050989,1071,77.96386255932515,57,1.367787062444301
25333,6.239735505553488,2.909164798811222,10.689777961155398,516,37.251746955245004,45,0.8278165990054446
25334,6.60579716793172,3.030712574153026,10.86789199946491,534,73.71788567724793,48,1.5357892849426653
25336,6.054145793388655,3.1849016957178686,12.409423383776586,605,43.64542796055071,51,0.8557927051088375
25337,6.5095896764117605,3.4960845135292273,10.825604031372743,574,47.89835149826388,50,0.9579670299652776
25338,6.749000941300334,3.3256619868602932,9.058342738413888,484,52.74346209237278,49,1.076397185558628
25340,6.448185295078197,3.125152685273169,11.257574419572014,554,54.92329272242483,47,1.168580696221805
25341,6.689773365231573,3.253462416977265,5.555715106493282,278,46.52499897900233,50,0.9304999795800467
25342,6.841298403974408,2.984349493404426,9.042686550991986,441,69.95081565092575,47,1.4883152266154414
25343,6.856509377634008,2.6166361350902383,10.536956280780213,456,86.09354575940611,44,1.956671494531957
25344,6.738483630472238,3.2645576089862494,16.813844352742876,853,76.4965671543834,51,1.4999326893016354
25345,6.4919990488114845,3.501118430065534,9.06232860721708,493,82.31117729433923,54,1.524281061006282
25356,6.757885679312716,3.2122673038740106,195.09439209951503,10005,210.67448498918196,50,4.213489699783639
25357,6.741755077115294,3.143936754011151,197.19957146325447,9882,208.23214558504236,50,4.164642911700847
25358,6.815665187408078,3.3048928096711268,176.47661819179606,9144,196.13791481465404,51,3.845841466954001
25359,6.7168760014061135,3.0026519940158254,113.84153320919219,5515,156.8838059430479,47,3.337953317937189
25360,6.8269818661375234,2.9510786937376356,117.65463040020828,5718,187.0207508104824,46,4.065668495880052
25363,6.705472275851292,3.4658225435731107,237.3706881593242,12668,238.08850328360666,54,4.4090463571038265
25364,6.725155327490751,3.549993173885745,277.32809366342053,15052,288.5166735225244,55,5.245757700409534
25365,6.725050806400839,3.097229624879185,159.3051980084174,7876,2964.732060511137,48,61.76525126064869
25366,6.646041764542228,3.104803707927445,79.72095682045453,3971,119.75378836829685,48,2.4948705910061846
25368,6.686404711968763,2.9737911513579305,84.41304152748197,4094,110.01442702940963,46,2.3916179789002094
25370,5.893611514147533,3.553433116183956,6.94038825286164,371,86.94577694532889,51,1.7048191557907626
25371,6.715746806696479,3.2921138183200305,202.85270533976865,10471,205.27306516285586,51,4.024962062016781
25372,6.549821190374359,3.449880823107665,224.90816802620537,11903,1478.5550421183586,54,27.380648928117754
25374,6.645453500885258,3.511527283813064,173.7503858037485,9212,177.4511662153385,54,3.2861327076914537
25375,6.44351707266542,3.5600230772530073,115.82761124581654,6253,168.4720088899693,54,3.119852016480913
25376,6.619168002715721,3.4649269578918,111.47669652025756,5875,394.6409436617563,54,7.308165623365857
25379,6.659945526672324,3.914382373143963,216.7657653601711,12396,205.50229273316552,59,3.4830897073417884
25380,6.756333780260768,3.2595368813553525,202.13812000184151,10353,447.97764427880054,51,8.783875378015697
25381,6.951569164845165,3.264689802714327,247.11627320205307,12725,327.4158363892268,51,6.4199183605730745
25382,6.800011592984286,2.86918654828919,124.07606075149077,5889,130.7885185030971,46,2.8432286631108066
25383,6.703590485867549,3.0662738829454477,98.29570404461465,4881,150.0130544098582,48,3.1252719668720457
25384,6.863733707514817,2.911358202211573,56.023499562733754,2667,75.86785534006586,46,1.64930120304491
25385,6.58530798782215,2.954693444019268,161.01621702353864,7761,326.1948126200094,46,7.091191578695856
25386,6.7952328746783826,3.058664764243179,155.69220408020502,7695,280.2120242743837,47,5.9619579632847595
25387,6.624246786415426,2.862913947103043,138.92264920238537,6556,152.86414969381974,45,3.3969811043071054
25388,6.776313128855271,2.793376173723158,68.34750264992817,3136,144.69797291648587,44,3.288590293556497
25389,6.718188975039776,2.878350543827963,64.40342146951507,3028,121.31432246525253,44,2.757143692392103
25394,6.532295659809608,2.858321946300297,52.67799655151603,2457,94.01853358600961,44,2.136784854227491
25395,6.49164175002868,3.029829736523473,43.929801690068366,2140,80.88606603880552,46,1.7583927399740331
25423,7.14880205643528,2.7315315085643315,68.1719750765565,3118,251.37108871609104,43,5.8458392724672334
25424,7.309141274200031,2.799041196739403,59.72763615338236,2790,101.58424907194303,44,2.3087329334532507
25425,7.2294083008870516,2.8092153191156304,61.78047676689963,2881,116.44299970847284,43,2.7079767374063453
25426,7.358014099892643,2.7460461364062305,60.11849306744148,2783,226.55463922114814,43,5.2687125400267005
25427,7.2544165795488995,2.5882233985480934,64.02082291037996,2823,180.6143314232665,42,4.300341224363488
25428,7.402369785651333,2.7322728831727936,73.3472581397164,3333,119.61262609548153,42,2.8479196689400363
25429,7.276894528079907,2.6396884220543635,31.67478976788529,1422,68.47917295180527,40,1.7119793237951317
25430,7.064659009112562,2.587365121873761,31.16637615291533,1340,157.3390661091698,40,3.933476652729245
25432,7.3719940891065106,2.7043185985057865,32.39012535085926,1462,80.06371312581409,42,1.9062788839479545
25433,7.221468117897111,2.626308856396978,22.667077592481903,1001,65.70758403390464,40,1.642689600847616
25434,7.334624840709845,2.932332594316945,109.12136482965303,5229,175.5630294799492,45,3.901400655109982
25435,7.501857819130638,2.9237289953921235,111.50140647316022,5375,163.57493487861325,46,3.5559768451872444
25436,7.430295205131124,2.9130917212211025,122.35537771415152,5872,206.4095174424972,46,4.487163422662983
25437,7.408846514520363,2.8308285188731905,116.56366452766976,5491,189.79411933064176,45,4.217647096236484
25438,7.263947365485973,2.7292437761562534,58.01370733613493,2655,135.81303933452733,43,3.158442775221566
25439,7.25308792468041,2.8795478611214396,47.848830094341004,2259,101.47954293046563,44,2.3063532484196734
25440,7.361261402581798,2.6383683485822855,39.59484481620736,1766,140.53272940520645,42,3.3460173667906297
25441,7.563512167214604,2.785522443000329,52.059792457129106,2422,73.41892927471996,43,1.7074169598772082
25442,7.491171955213678,2.8895444186232164,126.04700777357579,5995,275.96208374436196,46,5.999175733573086
25443,7.838205414876006,3.3663980361130923,196.18820063080292,10374,405.95895632453744,56,7.249267077223883
25444,7.924266925353713,3.344607329449026,167.93522624638206,8810,243.5921474109847,54,4.510965692796013
25445,7.8892617154814,3.421094608226578,197.32686181782432,10547,725.6730346983336,56,12.958447048184528
25446,7.659099039702036,3.0763281571423255,90.848726051614,4524,163.85867656239063,47,3.486354820476396
25447,7.748898200499098,2.9191717896448943,56.32298309545509,2717,107.02867648747416,47,2.277205882712216
25448,7.720151499272209,3.2749189655094844,129.95827516050804,6737,472.037909762543,54,8.741442773380426
25449,7.529618500804897,3.228164840210488,150.83132065456508,7791,289.601140811392,53,5.464172468139472
25450,7.735643767029109,3.310897832381594,120.97210040630235,6306,230.93819597446102,52,4.44111915335502
25451,7.422374784462873,3.0569260547133736,68.32604168391411,3376,190.16394916569365,48,3.961748940951951
25452,7.298204457526254,2.84138091867207,71.3720035744064,3315,101.30167955391622,45,2.2511484345314714
25453,7.589221154835421,3.019311203880521,77.72835979257906,3790,302.3321416518285,48,6.298586284413094
25455,7.650979529750267,2.7314689390394435,3.4075922156113805,140,39.50314315345265,38,1.0395563987750698
25457,8.27091679247557,3.5313722092612285,5.018190702265884,268,65.57081805208506,54,1.2142744083719454
25459,8.718296189738194,3.279308897248123,3.1906050027758592,164,43.8063380209215,49,0.8940068983861531
25462,6.912501173882895,2.652856604777097,3.890794029122316,170,31.18532051093386,42,0.7425076312127109
25463,8.356641840760352,2.502781659087368,1.582424131336412,71,12.093965149753728,29,0.41703328102599063
25464,1.608761793226405,10.061255670495004,0.4027662087135531,26,13.648948620021725,20,0.6824474310010863
25465,4.102033354972347,3.8296274831299537,2.0625054363946043,107,20.393816458502272,37,0.5511842286081695
25466,4.756369123626071,4.705400671021482,1.091964070904758,62,12.939935227904552,33,0.39211924933044096
25467,7.257115538757563,2.978510269519315,3.620992890603779,172,43.43769061175668,43,1.0101788514362018
25468,-6.982052044175506,10.423049698937433,4.252326114382084,144,34.63404092338298,50,0.6926808184676596
25484,7.746950596147949,3.393839921168425,149.55743169878056,7930,263.23050267521046,55,4.786009139549281
25485,7.979584913372589,3.386912940853551,184.96988175496298,9841,258.6966805885207,55,4.703576010700376
25486,7.779322735682326,3.35617956525071,191.36316267941135,10103,280.1192376932463,55,5.093077048968115
25487,7.899021211677879,3.5032392393841953,187.44007501001346,10267,353.89473773584854,57,6.208679609400852
25488,7.866785764938516,3.4519813392465646,194.39613217038993,10432,643.5304296572409,56,11.491614815307873
25489,7.550404214155473,3.1303718605976045,98.45002372782571,4935,162.09875101621418,48,3.3770573128377954
25490,7.591810639273074,2.912621651951678,76.80211860376241,3699,406.4618556185105,47,8.648124587627883
25491,7.56627558992164,3.2300509395744577,158.0801851350329,8150,321.6386146631819,53,6.068653106852489
25492,7.718314789748361,3.265317338780135,148.59372100444364,7668,225.64759946282763,52,4.339376912746685
25493,7.719138934679119,3.334682336730622,139.24055757496188,7293,236.32596417982376,53,4.45898045622309
25494,7.615250429529379,3.2927933022070333,118.50908505031974,6163,164.98586015843108,53,3.1129407577062467
25495,7.6287769235078615,3.196013305239053,166.83076589527067,8503,260.17217531891794,51,5.101415202331724
25496,7.470302594844696,2.8381732418625956,69.61525126233725,3266,108.94892611909,45,2.421087247090889
25497,7.340770894199498,2.8416730876236116,74.50009619388813,3520,103.75815052680241,45,2.305736678373387
25498,7.442800543794062,3.1197382448353697,76.05697884336702,3843,174.66925167393293,49,3.5646786055904682
25499,7.846322402402808,3.1939972282431914,106.08970603393091,5450,488.62052761400867,53,9.219255238000164
25500,7.9540101709295055,3.564167640198744,88.89774078931775,4915,213.5992311286,57,3.7473549320807016
25501,7.749021379200212,3.433997143036166,104.82337218660763,5631,190.8732367184013,56,3.4084506556857375
25502,7.775201604083556,3.4059156558331383,103.75613397709938,5492,196.78296313532815,56,3.513981484559431
25503,7.754535973142134,3.325750696193455,101.80941113624681,5350,158.8077874731363,56,2.835853347734577
25504,7.37171935676066,2.8752132519208087,46.61940999519412,2220,99.62247794338487,46,2.165706042247497
25505,7.436847470412876,2.7999913373187773,48.17238433860377,2262,69.97481323250882,46,1.5211915920110612
25506,7.81280428923148,3.423170699064364,105.18163180291486,5611,164.68927586385792,56,2.94087992614032
25507,7.973399626189648,3.3164403244860368,118.26818460539698,6280,230.0942810573965,56,4.108826447453509
25508,7.7912684057910795,3.4760036883388845,103.99179461266168,5599,174.2954633792357,56,3.1124189889149236
25509,7.8335053716024605,3.4886581122943348,101.94421261475554,5469,171.64971538594577,57,3.011398515542908
25510,7.650200880554667,3.2456268224625338,37.5559787798762,1911,100.12864911729358,57,1.7566429669700627
25511,7.81943160173386,3.365925564622311,65.87320378587327,3507,190.83003049705323,56,3.407679116018808
25512,7.317886475016781,2.833215177021233,48.99561165819291,2323,81.09938048689486,46,1.7630300105846708
25513,7.268507427538669,3.0701662777796517,46.22040085389065,2277,104.13885854546973,48,2.1695595530306195
25514,7.510804229539042,2.9824829309637817,42.44538690277031,2037,110.08203414432225,47,2.342170939240899
25515,7.4158046037340295,3.8731360631270166,10.61340385491541,610,94.82237469009503,60,1.5803729115015839
25516,7.714325892994549,3.349221227133389,79.8603942827226,4153,167.37592608345136,55,3.043198656062752
25517,7.584608034498126,3.2888687746687695,88.10254049176513,4589,166.58665769488152,54,3.0849381054607687
25518,7.6507121372685445,3.3345611888933493,98.42883966465544,5143,168.52181400337696,54,3.1207743333958695
25519,7.667136340118834,3.2576848880084923,91.53470123500978,4713,199.31434963166734,54,3.6910064746605062
25520,7.582810852695553,3.301855258875989,97.49103266157113,5070,1406.3521342415052,55,25.570038804391004
25532,7.973208041442255,3.6359698015325903,98.39826212797723,5448,179.1199070585863,59,3.0359306281116325
25533,8.132000595377152,3.6140785205831416,56.296530223786405,3134,134.02074155075235,58,2.310702440530213
25534,7.820719675610309,3.3767076137027856,78.10531031899978,4147,155.56028632650646,57,2.729127830289587
25536,8.089831916124272,3.5765895792170976,24.678451621870426,1369,102.21690224499622,59,1.732489868559258
25538,7.894688792224921,3.5082204148030565,92.17696917322783,4967,179.38792466424493,58,3.092895252831809
25539,6.807490296587602,3.618738800697555,103.0119502213236,5607,155.81533830780603,56,2.7824167554965364
25540,7.016075314202652,3.574842953774904,112.00839225161937,6124,134.00506382065015,56,2.3929475682258956
25541,7.010922254097009,3.5682652050662975,104.40682908855672,5679,132.2492678015847,56,2.361594067885441
25542,6.8361565832245805,3.603526862617254,114.25093116351898,6280,129.07370616999833,57,2.2644509854385673
25543,6.974238691436986,3.47493840517824,115.78606849986,6213,164.96508330559735,56,2.945805059028524
25544,6.8740885270067285,3.611128439153225,108.62168615254134,5950,180.03825669372424,57,3.1585659069074428
25545,6.8296089206327855,3.8315754540184743,86.21085509597387,4859,140.68017643945646,59,2.384409770160279
25546,6.691250258162117,3.7230594140346893,103.3067901278058,5806,133.4661127981247,57,2.341510750844293
25547,6.932084106607111,3.619662120428547,117.96844421453771,6494,170.71762556373298,58,2.9434073373057412
25548,7.049977474749059,3.7680421107326003,60.410721208326265,3391,171.61377448709868,58,2.9588581808120464
