run,mean,std_dev,amplitude,nevents,chi2,ndf,chi2_ndf
23861,12.325225135140647,4.693103886880907,15.47583221640621,610,36.927509595295085,40,0.9231877398823771
23862,12.245735483217173,4.667427393125559,17.356149279268394,657,43.45484498185128,40,1.086371124546282
23864,12.39390484372871,5.245301829343374,14.178039048012282,616,57.08558227980289,45,1.2685684951067309
23865,11.823809965486044,5.469642731624711,8.54663044020301,381,57.116057382351066,50,1.1423211476470214
23866,12.272607419157021,4.652407497437397,6.195531070741836,238,54.22890418420318,34,1.594967770123623
23867,11.581922486609413,4.358235611751969,14.013981305868061,528,48.35996361307169,40,1.2089990903267922
23868,11.855160040743959,4.672846849810059,14.20122329432283,551,63.82580284832212,40,1.595645071208053
23876,10.409446368284629,2.6295440873743767,2.712507001795377,64,16.007438330699156,15,1.0671625553799438
23878,7.639609921022739,3.8796228287593992,1.1320771858987504,32,5.282274615314918,17,0.31072203619499517
23879,7.063707869932284,3.789560786348646,1.1015538594216638,33,10.341140750286119,12,0.8617617291905099
23880,7.539693480070756,3.2085038943023902,1.0337924753726797,27,4.527539609967709,13,0.3482722776898238
23881,7.821682427519645,4.784590386735238,0.7773326394159883,32,7.169478763547589,15,0.4779652509031726
23882,6.666036930339075,3.3266155055274793,1.5730732428792527,37,6.644006123403282,16,0.41525038271270515
23883,8.925848312418264,2.113949613689317,1.77065577290667,32,6.256876728392785,12,0.5214063940327321
23884,6.776062107108814,2.7430281329586887,1.6139883433884608,39,7.504914058742855,13,0.5773010814417581
23885,8.11526465192672,4.077237427091258,0.7449820842063836,21,5.0501154392909875,13,0.38847041840699903
23886,8.098625757697803,4.014830274324608,0.8349297069115762,30,6.456493190046052,15,0.43043287933640345
23887,8.073865789825783,3.161420607645303,1.683378102511275,44,7.975112431050385,16,0.49844452694064906
23888,9.352773896574393,4.914608530146829,0.8972564121519929,30,9.543411319494787,14,0.6816722371067705
23889,9.983404210588795,4.7958798258673125,1.1481749532879628,44,8.9729847153454,23,0.39012977023240863
23890,7.960067555229377,5.487022150626257,0.4888033275167592,18,6.867747596409525,10,0.6867747596409525
23892,9.107952463509376,3.2886273280749037,1.8057520259638045,56,8.176832009221155,18,0.4542684449567308
23893,6.848278649185044,6.110803724236665,1.205451058400875,52,9.282513490535534,25,0.37130053962142134
23894,11.024640054451746,6.513996569414117,1.085981187205382,53,12.146418768616718,28,0.4338006703077399
23895,6.721834523343076,3.7750370323367517,1.519025896414782,50,8.971032238951594,19,0.4721595915237681
23896,7.937902092418694,2.0625045182463766,1.8501664804992268,39,4.798597438798028,10,0.4798597438798028
23897,7.0125679948686015,4.358574032583167,1.5347724650713472,55,9.16012805913984,23,0.3982664373539061
23898,4.4427966817600195,6.634525289573002,1.676376437256825,62,12.38213392120296,22,0.5628242691455891
23899,8.621440657275414,3.895163814432342,1.87176107412722,60,9.205400051214824,22,0.41842727505521926
23900,6.554250081680336,4.395138079064476,1.78780514693531,64,10.400304681539383,24,0.4333460283974743
23902,6.906739032129524,3.2955067807312597,1.2286364886996046,35,7.746622900062318,15,0.5164415266708212
23904,7.649784256441728,3.145639825315111,3.1716910307453867,80,17.82453832772576,23,0.7749799272924244
23905,7.849279496979859,2.5714680412464097,2.576279516375465,61,8.641620838661968,14,0.6172586313329977
23906,9.102235624297364,2.763748723115336,2.519676851863679,67,12.269448366641452,17,0.7217322568612619
23907,7.761994740654391,2.651034393487062,2.866880831871895,72,15.13563752618458,19,0.7966125013781358
23908,7.291581723360817,3.2563072913031044,1.031417012696101,25,4.871454728579228,13,0.37472728681378675
23942,7.925218626709467,3.014228238818735,1.1655052558852312,27,6.975596921797705,12,0.5812997434831421
23944,8.517264533548651,4.5302671806518955,1.760622617481326,63,13.253441191113751,27,0.4908681922634723
23945,9.37380693082258,3.20612049605711,1.6826965060536518,47,9.238122418344679,17,0.5434189657849811
23946,7.89456964587307,3.431030500225902,2.5730068184256263,75,13.07842193816984,24,0.5449342474237433
23947,7.237795626083415,4.487763285856254,2.1336380667090893,74,12.324244803379232,28,0.4401516001206868
23948,9.138935300660336,5.669178779953047,1.0319141753986398,45,9.229887236560401,24,0.38457863485668337
23950,9.609023979131706,5.258345313422902,2.056074758915391,81,18.719971424112433,28,0.6685704080040155
23951,8.052819334866262,3.4703981490313787,2.836976340455682,91,20.26361381592879,26,0.7793697621511073
23952,7.385533135821752,2.7343100572391155,3.233908688558409,78,13.379888721991954,19,0.7042046695785239
23953,6.514259426228651,0.9830235201127522,4.64998260040347,62,19.41737039125507,17,1.1421982583091217
23954,7.4416337922442475,5.3155310268478475,0.7051062154331679,29,10.140946319008606,15,0.676063087933907
23955,10.015769437085577,3.8924251495305975,1.2177357599867686,40,7.996426816850284,16,0.49977667605314274
23957,25.633338148230216,9.009364480175572,1.6952203407002095,105,20.023247277164707,50,0.40046494554329415
23960,28.149195365987776,8.357926916438378,5.585414747671992,316,81.16569698458076,64,1.2682140153840744
23961,27.430753394976918,10.011998855966256,1.7451257592233849,120,23.666959946610262,47,0.5035523392895801
23962,20.037525952023106,7.020447567814125,0.9024466080665119,52,14.60725615093128,27,0.5410094870715288
23964,29.941010587384028,10.07837828061529,6.811661262596412,421,84.15412993023106,64,1.3149082801598604
23965,28.810516152592786,8.38332997624033,6.891367353549251,395,77.22203016183005,60,1.2870338360305007
23966,29.41961862340927,10.231439462637633,7.727905093424987,501,120.06314049453276,65,1.847125238377427
23967,28.31192487695879,9.767706062374705,4.155183734903768,265,82.23212586210248,60,1.3705354310350413
23969,30.505975716367296,9.649360817685098,7.082771143562975,439,122.68138821347605,61,2.0111702985815745
23970,27.73826254948964,8.255116855150067,7.724114006725598,445,112.44632461778743,60,1.8741054102964572
23972,27.83550477525672,8.326694545890263,5.5628903212986165,317,58.61071820048199,57,1.0282582140435437
23973,26.44769104299519,8.628550479896617,1.6426250153057655,94,21.190251805069593,45,0.4708944845571021
23974,26.98345309376553,7.429992772839828,6.295672724580453,344,95.31782008250535,64,1.489340938789146
23975,24.855669858829238,8.837764903790717,1.1838270409591225,75,16.799740219600743,38,0.4420984268315985
23977,23.09501702130218,8.817718735055061,6.270274253897512,361,91.59265398004868,72,1.2721201941673428
23979,23.723349779363254,9.764542222269467,4.450401474570532,276,87.05780944566898,69,1.261707383270565
23980,24.452859227363334,9.362606329649477,3.166784158353359,196,44.26437658360712,64,0.6916308841188612
23981,23.90202581227093,9.983045781199628,4.9826626696700576,332,104.53563128339887,73,1.4319949490876558
23982,21.496266441660673,7.477111173518167,1.7594547273900751,89,26.061763730715548,45,0.5791503051270122
23983,23.87644249481574,8.529383846940002,7.585507629049172,437,77.23640073738372,74,1.04373514509978
23984,22.757189173176243,9.125037412800861,4.562119058807358,274,70.29577513470495,71,0.9900813399254219
23985,22.24842430840182,8.781072004290293,6.945657071339154,408,59.38791156351051,76,0.7814198889935593
23986,23.881721672503925,8.867229808641644,6.8201114837717,409,103.96467730748358,69,1.506734453731646
23987,21.056219768996904,8.22361170489276,6.134161776369031,348,76.82134321850279,71,1.0819907495563774
23988,22.950728214347745,7.898972123603885,6.284632626837182,346,114.11040562434154,74,1.5420325084370479
23989,25.277380036218243,10.434487519468686,7.6892355420773315,507,126.484319389832,74,1.709247559322054
23990,20.538199989250895,7.543303483912585,4.87091739577449,271,63.71948185802081,65,0.9802997208926278
23991,18.55340586923343,5.111471876446854,2.900731091185361,117,24.09085177067616,37,0.6511041019101664
23992,23.659744374150876,10.217332421842665,7.510903871476956,498,80.23637977708498,77,1.0420309061959088
23993,23.869237077724854,9.374630664367153,10.405479227960507,643,87.24590320754982,72,1.211748655660414
23994,24.617784805185785,9.776189224146947,10.304315586725162,652,94.99803166736694,74,1.283757184694148
23995,23.81635349734365,8.523106590961392,8.13676088369305,480,84.44288724833953,71,1.1893364401174582
23996,22.45596072684518,8.151672193365147,8.03552444026694,458,106.07081662694281,69,1.5372582119846785
23998,20.41820267283467,5.449990149381469,6.294904367650827,271,63.12067285421167,44,1.4345607466866288
23999,25.30766314108543,9.42804910662104,5.602098904506627,349,107.65083546956507,67,1.6067288876054489
24001,24.20556414865667,9.454918388206435,8.549863467295838,533,85.68812680695474,75,1.1425083574260633
24002,25.101014034608042,9.212367868363927,9.578595953770284,573,87.62359086990676,71,1.2341350826747433
24003,25.621212476799727,9.0719021508235,8.760627819334491,528,96.76335736389349,70,1.3823336766270498
24004,21.09184070222945,6.281964158055174,6.671482322976406,323,65.17426592521612,55,1.1849866531857476
24005,24.145444740718123,9.714031431028438,7.9408417476254884,502,90.27511664081301,74,1.2199340086596353
24006,23.215863472702043,8.817281241465276,7.161629159143794,421,101.6437127991539,76,1.3374172736730776
24007,24.27558439101584,8.180372194769284,8.526531908580152,492,138.72803969442054,71,1.9539160520340921
24008,23.741030855772564,8.778604241499025,1.937779889147965,115,27.434785732148725,52,0.5275920333105524
24009,24.64705507249957,8.984030185988107,10.257686394312746,616,82.63416794312592,73,1.131974903330492
24010,23.57608587630193,8.680547670609192,9.75783941898307,570,82.46909561573206,71,1.1615365579680572
24011,26.01136943779355,10.053808260097393,7.795949117029051,497,161.1536662297511,71,2.269769946897903
24012,24.800111615441658,9.479902794234313,7.143703574477015,448,109.02135088156574,71,1.5355119842474048
24013,24.110810060721242,9.705250104080227,8.159697139903175,517,134.18339458238782,73,1.8381286929094223
24014,23.77566046892862,9.495506860573954,8.52675720668578,539,88.5518334059964,75,1.1806911120799521
24015,21.719641560471214,7.849669219486243,7.109583211893521,399,121.63718162429545,68,1.7887820827102272
24016,18.039349822359796,5.660675090319832,3.47723277186505,156,39.532479049610984,45,0.8784995344357996
24019,23.5741544786517,8.889108254261316,9.508580867532425,573,123.12609358770676,74,1.6638661295636048
24020,24.728050155127615,9.977738704760986,8.176681375162044,527,110.46565296905601,70,1.5780807567008002
24021,23.699709588802204,9.335893792462885,8.817004955489905,541,91.33959574822052,76,1.2018367861607964
24022,23.752332932196243,8.398235852749906,10.671177981368212,615,84.8393196891387,74,1.146477293096469
24023,19.686471893216076,5.902324089859616,1.8755800144079129,87,21.891825963157384,36,0.6081062767543718
24024,20.92353784098271,7.857007938172259,8.107761774935078,461,66.02637838098404,68,0.97097615266153
24026,20.557749078530513,7.514366693740206,5.361678614571625,297,73.25299867852686,54,1.3565370125653122
24032,22.780708524405057,7.868647483264291,6.922327243886669,384,73.08319177679584,69,1.0591766924173311
24039,22.778408370530755,9.604039846315946,1.0722025600777523,68,17.572192233329794,42,0.41838552936499507
24040,24.68028549936198,9.640991644113546,5.579973290049975,343,89.86517239988964,71,1.2657066535195725
24041,25.61721773303945,8.671811405734948,8.089166823023772,473,94.57259894267331,67,1.4115313275025867
24042,25.195306159207522,8.511037577142423,8.474597462051948,480,93.96780678591776,70,1.342397239798825
24043,19.831680556898796,7.016807769815533,5.253325074747208,268,38.62816315471727,56,0.6897886277628084
24047,25.308078471829777,9.157830896318107,8.080234578071936,487,115.31676099859726,67,1.7211456865462278
24048,24.18691236039892,9.054877965510787,7.181643197512185,443,83.34540375980544,71,1.1738789261944427
24049,23.599766262308055,8.733146544426502,9.1645626496144,554,110.57501688137361,74,1.4942569848834273
24050,24.197917735711137,9.105831520711414,8.542050354640212,523,130.15626791344272,70,1.8593752559063246
24051,25.24842591879176,9.79298306800282,6.310149523484121,419,114.64673126961142,70,1.6378104467087347
24054,24.75427922231635,8.84053859708485,8.915912921903532,516,67.07170457187149,69,0.972053689447413
24055,25.08129155656308,10.677218218809836,7.998215251694621,536,199.02959118868318,72,2.7642998776205996
24056,23.524553352529722,8.952021569249832,9.029162064557191,536,75.55225007279486,73,1.0349623297643131
24057,24.135030765779636,9.380561532498366,7.632261770258222,474,66.28855695890462,74,0.8957913102554679
24058,20.43772638237663,6.740683566068857,6.005106523348936,304,61.70331160994994,64,0.9641142439054678
24059,17.78208648011105,6.032239405000219,3.7521787264124464,173,33.32211861433064,46,0.7243938829202313
24060,23.397716734011063,8.600087984760181,9.430501866932614,543,126.6818320873792,73,1.735367562840811
24061,23.24247179562583,9.335665751078453,10.714195294594768,670,105.54432983949216,75,1.4072577311932288
24062,22.76987932181264,8.99315796618984,10.20150815682354,607,109.70381422739864,76,1.4434712398341927
24063,22.841102785376187,8.992196108158804,8.76884523142041,519,119.77269697874554,75,1.5969692930499406
24064,21.22515938836757,6.585480028378737,8.519775199418334,438,37.37474884660677,57,0.6556973481860837
24065,20.298058011487317,6.561290777741061,6.143636118834386,315,85.76145206281844,55,1.5592991284148807
24066,21.886236012425712,8.071355308634791,5.691604954135774,318,82.59354790017913,68,1.2146109985320461
24067,25.243608654447993,9.622095682633589,7.435492054235395,470,153.44242821425135,71,2.1611609607641036
24068,23.94501196287568,9.585633292811314,7.968636160306693,496,100.2765049736818,73,1.3736507530641342
24069,23.38102835976244,8.865122914769183,10.226428283224331,609,105.60020664421062,76,1.3894764032132976
24070,20.984236942155142,7.164501436373899,5.9193193015727585,312,50.471081560047956,58,0.8701910613801371
24071,23.0592716389667,9.226134704187215,8.899187548608923,558,116.68148267708222,76,1.5352826668037134
24072,23.601325274010478,9.041231857375363,8.638481894115927,522,71.50294904824116,72,0.993096514558905
24073,22.126374896453044,8.551789112320117,9.138925086594206,528,187.3499708016733,73,2.5664379561873054
24074,23.01684085535282,9.380604534083448,8.439622074319544,530,76.24778370778107,75,1.0166371161037475
24075,24.02962789227136,8.84200192522244,7.569771411203055,464,91.3054620531738,73,1.2507597541530657
24076,24.13257842189573,8.512348825585264,8.41482726015033,484,70.98311698070464,72,0.9858766247320089
24079,23.44069857122855,9.346316746219237,8.084146776441603,501,98.45600181551416,76,1.2954737080988705
24080,24.62441654633595,9.128114399793931,9.051427923895915,558,98.46627730373949,71,1.3868489761090068
24081,22.84867755537287,9.043859408352057,9.422171559887607,567,78.26306222771386,73,1.0720967428453954
24082,22.849584415850764,9.742294711572539,8.408289811329936,533,84.09261681029726,75,1.1212348908039635
24084,21.31531578034392,7.0147075881891165,6.805635286231879,370,55.24081629708633,64,0.863137754641974
24085,22.237260481107178,8.172643897862875,6.547614644752547,375,72.96002769913822,68,1.0729415838108562
24086,22.775591564148105,8.382161996999182,7.0702709892626086,397,92.14404080700216,71,1.2978033916479177
24087,24.87795626736658,9.664336457059001,11.56141734612064,714,100.75039908206591,72,1.3993110983620265
24089,13.991546858846377,7.162494576605895,9.73481469194392,517,90.07191754300766,63,1.4297129768731374
24091,13.374766454188899,7.5522708025721705,7.650420874788355,411,113.50038439984984,62,1.8306513612879005
24092,13.68244958264697,7.024053491137865,11.214055388892161,607,87.01721046801642,65,1.3387263148925603
24093,13.856747187059055,7.180791208498074,10.847785364750974,590,107.34933585671016,63,1.7039577120112723
24094,14.702605039588837,7.491186737035255,10.822083308209011,587,106.05933031031199,60,1.7676555051718665
24095,12.1053004357238,4.7455147382029415,8.26258539565417,330,58.31991003844225,39,1.4953823086780065
24096,11.488932716573956,4.866564410678357,5.328809748355814,201,40.14882008203718,36,1.1152450022788107
24097,12.274525428114861,3.7890521920140126,1.4531614268002735,50,12.894936767760777,14,0.9210669119829127
24098,12.829688010756334,6.134145016275386,11.701977309912408,576,119.32983215849886,57,2.0935058273420855
24099,13.579771667205678,7.162330377233602,11.429994304925728,627,115.00962700727737,61,1.8854037214307766
24100,13.288502122855562,6.964369123598328,10.014284951746044,521,102.98273603461412,62,1.6610118715260342
24101,12.74863606222764,6.977706722915127,11.120119449275268,586,103.42983069659054,58,1.7832729430446645
24103,11.800821439596422,5.5586950733523475,8.924775844520688,408,101.03354906190353,47,2.1496499800405005
24104,12.679816072140648,6.66748641197776,17.100717156327512,871,112.11887590897541,58,1.9330840673961278
24110,12.750672181045834,6.447474839532968,10.261885128262552,513,89.1494975023465,56,1.591955312541902
24111,14.261360684720694,7.600241049363796,8.564897508005066,478,98.99868953782246,62,1.5967530570616526
24112,14.2222618979022,7.416718371499513,10.773153494194014,599,135.113318339926,64,2.1111455990613437
24113,12.4060441374159,5.9434669144285115,7.864053439025296,373,68.19447386109354,49,1.3917239563488477
24116,12.662418987781091,6.43378459842449,9.239971360513218,461,94.15655011000362,55,1.7119372747273385
24117,12.722955033216664,6.645979783092978,9.43341632700457,478,72.23939622250946,58,1.2455068314225768
24120,13.248983244234426,7.533738545773281,13.199880893266952,725,90.40880072858272,61,1.482111487353815
24121,14.067683667458597,7.625480839324849,12.243965387884026,694,91.79607257637272,62,1.4805818157479471
24122,12.756109732431453,6.323559659869677,13.716887949871532,674,94.63703974131234,56,1.6899471382377202
24123,12.848051815460773,6.62299494933029,12.259463362177115,622,81.94421366141692,60,1.3657368943569488
24125,12.121359098620747,6.50686137473977,5.539452196561388,280,64.75845238605517,50,1.2951690477211033
24126,13.793528019261714,7.223748174370435,10.704721127126154,583,121.25403595385467,65,1.8654467069823795
24127,13.014622452891635,5.704529913308037,11.653071578908454,537,81.53620100041083,54,1.509929648155756
24128,13.295392760512009,7.8343879441745345,11.66093846772736,663,132.04234444509865,63,2.09591022928728
24129,13.562023200679139,7.703676946812129,10.613987923029855,594,79.88865550901745,65,1.2290562386002686
24130,13.973459555893383,7.953758806043804,11.515502847601255,682,107.27299828350665,64,1.6761405981797914
24131,14.430395018303003,7.387948601302773,10.013417474750245,562,75.9095978472542,63,1.2049142515437175
24132,12.885383057936577,6.741367032576586,9.3000451010051,481,88.29418322192389,57,1.5490207582793665
24133,12.54450228869209,6.467067902124278,12.737545816906104,627,72.97564865643488,56,1.303136583150623
24134,12.409168988780156,4.991780500602196,9.502389326224556,395,86.6355594657121,47,1.843309775866215
24135,11.577154005138231,4.239286549867861,4.346634759423167,151,37.09037830500735,30,1.2363459435002448
24138,14.25364573921581,8.415113669407418,13.622357324339754,806,108.86792328401192,72,1.5120544900557211
24139,14.726658543349405,8.027319123616813,15.071645220784859,867,145.843818344603,70,2.0834831192086143
24140,14.973441718648532,8.510768749769024,15.8319513484127,943,144.9831713927148,71,2.042016498488941
24141,15.30917812683819,9.12938098863025,13.625943686725341,861,146.14571544127162,76,1.922969940016732
24144,13.49312420452409,7.166195972112462,11.740950141141122,626,118.80144279711635,61,1.9475646360183008
24145,14.202058828344297,7.387599212529336,10.661524967275907,586,76.3001409646678,65,1.173848322533351
24146,14.644582503440034,8.137232645865854,8.902762305292416,520,148.478687896337,67,2.2160998193483135
24147,13.607948851292756,7.709345933747034,10.979778425663541,620,156.6544493056673,63,2.4865785604074175
24150,14.10337550527018,7.75844890594862,11.50915657538361,656,109.85875174903158,64,1.7165429960786185
24151,13.739591169992485,7.327575903319888,11.188800298750289,585,75.57388365365179,65,1.1626751331331044
24153,13.725025814728935,6.684661420094139,12.271124382208978,628,73.732954977196,56,1.3166599103070715
24155,13.670480612109097,8.013139031161053,10.683385972649091,607,119.8883659202359,67,1.7893785958244164
24156,13.03231211681919,6.549081504342204,8.032681314232297,404,103.59550676172569,50,2.0719101352345137
24157,10.81497089244961,4.843936057075158,4.121589264295251,162,35.15326532956441,36,0.9764795924879004
24158,13.359012226502138,6.843426896513955,11.498122867811611,583,111.47097432452742,56,1.9905531129379896
24159,12.939936630516911,6.420875294403618,11.883947439637955,605,62.505080240580526,53,1.1793411366147268
24160,14.18943663096243,7.6084000375415775,11.74980925016273,641,66.65950693410544,60,1.1109917822350905
24161,13.42645102510981,7.103878642277642,10.73506478563022,581,101.51763387295394,59,1.7206378622534566
24162,13.519777241471173,7.306839783581015,11.171324026105168,606,92.27360441074192,62,1.4882839421087408
24163,13.748342946656772,6.460700037646144,12.264738788467001,616,78.13745102165366,55,1.4206809276664303
24164,13.583924632599315,7.117197778328545,11.837398274963073,623,91.41434446618786,58,1.5761093873480665
24165,13.58308763065665,7.244344306139918,12.7950053726004,705,88.64263604403254,62,1.4297199361940733
24166,10.94645453898179,5.249860436128864,6.761315233269385,284,55.11462482745512,41,1.3442591421330516
24167,13.27940975565208,7.7329852634904555,9.465969192845932,533,84.24917646259692,60,1.404152941043282
24168,13.102160704580838,6.625765835777841,12.02947329739336,611,102.14553253249917,58,1.7611298712499859
24169,12.706436441225797,6.647830417909861,12.52254329101954,636,110.80060332039008,56,1.978582202149823
24170,15.01473097154805,8.128410100189587,9.62897063349216,570,96.53177811393455,61,1.5824881658022056
24171,12.390934248089243,5.852534298480769,7.557442301160633,360,84.65313550689231,52,1.6279449135940829
24172,13.334998938026944,7.121191592742529,9.400360921758118,496,110.46195537597264,60,1.8410325895995439
24173,14.518444547237268,7.613269125086404,8.621500397959595,495,74.88005689783151,61,1.2275419163578936
24174,12.126623768810445,6.161598996131416,12.223568201192544,604,122.25946575333032,57,2.1449029079531634
24175,13.920220969233682,7.043678647500517,10.065215819703496,546,78.19830602497997,60,1.3033051004163327
24176,14.479202648250457,7.473020967440147,10.490836825895586,580,95.00203987514635,58,1.6379662047439025
24177,13.238775481003238,6.32285137544232,10.329585393955604,510,97.31675388534408,62,1.56962506266684
24178,12.064390812191101,6.283678124754208,10.787398342847897,521,137.19474951903334,61,2.2490942544103825
24179,12.940050824613438,7.438552719066455,11.02078504224802,597,130.81097271586717,64,2.0439214486854245
24185,11.919983900919073,5.700263209528395,12.552308512310812,575,90.77761375287186,54,1.6810669213494789
24187,16.507644283641252,5.463975396523532,13.095910625660082,542,92.69759109354699,49,1.8917875733376937
24188,17.27224405720085,4.915261779275675,14.738970809094784,560,53.09804807821226,48,1.1062093349627553
24189,17.217653161963614,5.102064792330244,13.134983939493452,523,70.8595012631466,50,1.417190025262932
24190,16.9925076786439,5.436903569686609,13.884447824357233,574,86.27987196727415,56,1.5407119994156098
24191,17.576107034809663,4.846238976467364,13.379210409452293,484,65.68760598227982,48,1.3684917912974963
24192,17.64278666396293,5.206885082306109,14.69520974567965,576,66.24210126844135,47,1.409406409966837
24193,16.701764424857394,5.697301121340347,12.195869375122653,521,85.59798454763946,52,1.6461150874546049
24194,17.134898056286975,4.44764945020024,15.940516559627156,557,62.290102554691224,46,1.3541326642324178
24195,17.230154845108455,4.257323055190263,17.036230455528386,588,29.390611225585257,42,0.6997764577520299
24196,16.921477383607304,4.481011730988794,10.382821744127257,362,58.176356640444126,42,1.385151348582003
24197,16.443750717976624,4.769838318403239,5.469144142344962,192,53.45259764358986,48,1.1135957842414554
24200,17.17624223117153,6.81918113804451,3.7726400598844405,192,66.32117884356354,49,1.3534934457870111
24201,17.78525080437481,6.08862819883793,16.989427097333195,764,69.42430323134323,58,1.1969707453679868
24203,17.70399340810373,5.47660597280092,27.379281181023654,1168,115.76386221220812,57,2.0309449510913704
24204,17.07998349970052,5.570047412407122,11.784207562862164,509,88.40548589864972,53,1.6680280358235795
24206,17.406819100930186,4.620321275914363,6.741856196764992,250,65.34572172135682,45,1.452127149363485
24207,16.987333728830876,4.6837729008610545,15.353483393974892,559,49.02950387739866,45,1.0895445306088591
24208,16.354890606521998,4.855637514858875,15.362979342845836,595,69.24018156787187,53,1.3064185201485259
24210,17.17469259253633,5.165943967393432,8.8021973616778,349,76.70300271483386,53,1.44722646631762
24211,16.37853029625887,5.111641342384896,8.896353046272866,341,50.7330460687448,47,1.0794265121009532
24213,16.41334634245109,6.804015041244069,33.92775514898343,1682,142.7258990340141,68,2.0989102799119723
24214,16.695446815071385,6.6368271897758015,26.556559032288074,1319,98.74652060070582,66,1.4961594030409973
24215,16.43237834063461,6.3143357716561095,37.73014409531658,1772,68.7212003250998,59,1.1647661072050814
24216,16.599565619461345,6.2403965965870025,39.94339615539451,1884,110.32473598227281,66,1.6715869088223154
24217,16.481247313337658,6.482690841331121,35.639607032168556,1736,95.07468658351667,68,1.398157155639951
24218,16.64909152323243,6.08269162706644,36.80938121914561,1666,99.72667856386501,65,1.5342565932902308
24219,15.289618743097183,5.780731087512351,28.25302367342581,1215,75.36951226734986,59,1.277449360463557
24220,15.04872690701377,5.909858193110425,11.63737682601611,490,109.98036113963684,58,1.8962131230971868
24222,16.083901126099345,5.118160844928596,31.705783804005257,1256,57.149456360629145,52,1.0990280069351759
24223,15.274103744571601,7.238644079730622,13.156409446951725,661,159.01947943982503,69,2.3046301368090583
24224,16.243567059405247,6.0032043449636765,27.324343328459697,1203,106.66469337405562,63,1.6930903710167557
24225,16.327963643136403,5.934304339668344,11.209840634020805,488,77.02913282052036,58,1.3280884969055236
24226,15.94475661384792,6.452605612063524,29.34214880239829,1395,41.59582280489022,61,0.681898734506397
24227,16.05233176206136,5.6841623674161585,37.677840448303414,1633,58.72495495858432,56,1.04865990997472
24228,15.74293908442525,6.163104576075636,26.27542338293343,1200,125.50249762821419,64,1.9609765254408467
24229,15.718644112432608,5.816765706861599,19.293121740120913,840,59.96855535900282,58,1.0339406096379797
24230,15.402078010755194,5.327228974366141,10.611091547804556,410,103.54280807296703,54,1.9174594087586487
24232,15.335546044404252,6.0411714609319045,12.506876998740378,533,83.70161984262853,56,1.494671782904081
24233,14.950463686497276,6.608364226760872,10.981813557670954,495,88.70838051924193,63,1.4080695320514591
24234,14.614366421776005,6.203868093849499,11.640047972033404,512,81.67561476648349,62,1.3173486252658628
24236,15.598832686091361,6.800876456089281,26.89244441846097,1296,128.6286310378587,65,1.978902015967057
24237,15.609497339990577,6.763775375912678,24.395241223073846,1181,135.79193385777904,66,2.0574535432996823
24238,15.390801236436864,6.700701387802669,29.37754070732058,1389,160.69065715013406,65,2.472163956155909
24239,15.879107076358691,5.955864805867448,30.378901566096527,1336,122.8110200803296,64,1.91892218875515
24240,15.663088334045852,6.577648745151071,29.55856654457616,1390,116.04317433694143,65,1.7852796051837143
24241,15.000972595821203,5.5946292782472025,15.516748547327309,624,117.02337893655198,61,1.9184160481401964
24243,15.6795278795837,5.5797846101660715,16.729295642350134,680,158.43212074160996,63,2.5147955673271425
24244,15.426410541022202,5.750308043996231,19.092031695880276,821,114.41721408570187,61,1.875692034191834
24245,15.055642128658727,6.051640847804932,18.624624887411034,810,114.79031642349165,60,1.9131719403915275
24246,15.684557043846159,5.596625127411987,18.651353790351866,773,105.63453839812162,65,1.6251467445864864
24247,15.347013351062584,6.675765386245568,15.571000706623462,716,137.70222778306058,64,2.1515973091103215
24248,15.145170622858155,6.686663698905024,16.68173904351566,788,175.55172304002159,64,2.7429956725003373
24250,16.519146818685932,6.172308106962125,35.40905829235885,1664,81.32243770151885,62,1.3116522209922394
24251,15.98919091209625,7.078096927871342,35.60831408687859,1804,87.09229304873752,67,1.2998849708766793
24252,16.053840578127183,6.594497962929106,35.66811509728535,1728,150.96510902314566,69,2.187900130770227
24253,16.615531724994927,6.288439414166492,39.247839052737824,1848,87.6806438021053,65,1.3489329815708506
24254,16.731407825092358,6.1267082679962055,39.55059106135155,1855,85.54093577047882,64,1.3365771214137316
24255,16.435990435218006,6.41051100244838,35.85996556681067,1716,123.77283116600344,67,1.8473556890448275
24257,15.777346393174108,6.072663290541723,27.818785324021448,1244,136.95164972025728,63,2.1738357098453536
24258,15.908057454514767,5.969741717751599,28.33007123061705,1232,75.28761140322882,58,1.2980622655729108
24259,15.84388601941103,5.473684599960628,29.186944259019036,1224,69.80781366293552,56,1.2465681011238485
24260,16.06353988377971,5.997037622166423,24.600679460708786,1109,117.76126933835562,65,1.8117118359747018
24261,16.06541322097908,5.995568688913205,20.42524647508576,899,62.242668166496046,58,1.0731494511464836
24262,16.159481143183534,5.40683304695991,25.446425570487907,1060,124.59056596982552,57,2.185799402979395
24263,15.622031942327302,5.693991741309164,18.853949689346546,804,79.84530001030281,57,1.4007947370228562
24264,15.386335439871692,5.393483772178633,10.403044983181445,400,89.17079028134668,59,1.5113693268024861
24266,15.988418102117198,5.954552313427161,24.807459862391685,1103,112.85507960696663,61,1.8500832722453546
24267,15.078544979380014,6.0405634806733195,12.314931033380248,513,77.2272529606445,59,1.3089364908583814
24268,14.132630967520685,6.402008764665055,11.119959863691923,485,110.8468960275043,60,1.8474482671250716
24269,14.836012764475422,5.80988484383693,10.660858610435778,445,78.37036773083459,59,1.3283113174717727
24270,16.388614964813364,6.138941496051206,29.075138059012378,1303,112.0638506778449,65,1.724059241197614
24271,15.806097997653831,6.018141017254859,29.125579896915198,1299,101.3066505189559,63,1.6080420717294588
24273,15.906224841113222,6.411277381838105,32.03635123886394,1472,136.7098055155902,64,2.136090711181097
24274,15.449029483138434,5.800838382571464,32.7165492718446,1381,144.76647170289073,63,2.2978805032204876
24275,15.66870640852341,5.850735348318775,32.88995667519704,1413,105.41138156979275,62,1.7001835737063347
24276,15.158423729256754,5.622944143357213,17.418818705522053,702,114.09523568860139,59,1.9338175540440914
24277,15.7076352509534,6.156934797436249,19.26314526416402,825,105.63235472598552,63,1.6767040432696114
24278,15.358725739313181,5.75676948575411,21.77027769523565,946,108.36822522931477,60,1.8061370871552462
24279,15.22798323584666,6.548642287527006,19.07413232833417,885,122.96304727954605,62,1.9832749561217105
24280,15.246634182073644,6.231409241665099,19.17710751184093,844,105.1516066229817,63,1.6690731209997096
24281,15.554673957752707,5.579467671888388,23.11281936438216,936,92.07132162758595,60,1.5345220271264324
24282,14.582301788201063,6.201489730925254,21.921882165182797,966,97.86519975881535,61,1.6043475370297597
24283,14.826884589959674,6.658453523611637,19.834988411752814,919,139.46395067309976,62,2.2494185592435447
24310,10.396378518294016,4.660734725216014,22.245227040662158,823,43.23306728469947,43,1.0054201694116156
24311,9.581450647187328,4.926041449887712,23.636426109568514,891,52.152036501391,44,1.1852735568497954
24312,10.274767732088494,5.022333050344619,25.49299098701837,965,70.46125204675855,43,1.6386337685292685
24313,10.525508001656895,5.031537591553875,31.93986809466161,1211,61.43263890728125,44,1.3961963388018466
24314,10.148809268748872,5.0484555581029005,20.938829498559294,796,43.934311100060484,44,0.9985070704559201
24315,10.335605382514956,4.354998913923183,21.068253572668127,729,64.37389958473817,38,1.694049989072057
24316,10.013850419908307,4.760505150200128,21.171922448437037,781,54.273794838265395,43,1.2621812753084976
24317,9.89506445815473,4.79968959839565,22.850535507890772,843,124.99010145527586,45,2.7775578101172416
24318,9.320013830973547,5.527368548092459,3.385913362813912,131,41.22047055017957,41,1.0053773304921847
24322,10.082679585819925,4.086340198166378,28.764152444074224,974,35.143763764591064,38,0.9248358885418702
24323,10.55078724704853,4.349912116756405,16.764541164330833,592,65.87709162295556,39,1.689156195460399
24324,10.530799949441413,4.414856657464108,27.692266034505483,961,60.075397598405736,42,1.430366609485851
24325,10.18341577465319,4.428029725751734,26.984959400938177,961,49.867518183736216,41,1.2162809313106395
24326,10.27474457889629,5.584072378683869,20.292167607017348,834,85.40125980396544,47,1.817048080935435
24327,10.261298799400057,4.79444771762671,23.45080542175229,868,64.00545405510987,42,1.5239393822645206
24328,9.955257929967663,4.740742345330621,24.665775131034305,898,82.78070093624058,44,1.8813795667327404
24329,10.365002588394667,4.337200619617897,25.901200838549194,902,36.265578340108405,39,0.9298866241053437
24330,10.132082415525606,5.079626952714273,18.87312626499069,746,74.5969067875358,45,1.6577090397230179
24331,9.749037482585207,4.703832853396302,10.273249039866036,372,41.28730099834618,41,1.0070073414230776
24332,9.999441120014904,4.09841346998127,8.805937527077939,276,41.40867499050922,36,1.1502409719585893
24335,10.302961384554271,4.85121862792762,2.3374051166089633,84,17.802540371077946,30,0.5934180123692648
24336,10.47797761158431,4.785881251284889,18.165100124364514,666,34.411325432058945,42,0.8193172721918797
24337,10.063576494308936,4.66709952428816,20.84849028052192,747,50.50745045904915,43,1.174591871140678
24338,10.144975282193046,5.313377487157526,21.85545764989901,853,70.53238290844685,46,1.5333126719227577
24339,10.37394467917032,5.013591986535753,19.51566153775331,755,79.14169956443266,45,1.7587044347651701
24342,10.277461194969748,4.339058751126374,28.847935962170734,1027,50.49889642195449,42,1.202354676713202
24343,9.918248046517878,4.422229585175828,24.76843558519813,892,59.251287987964155,43,1.3779369299526547
24344,10.197363536978132,4.702023726888108,25.60698035633511,930,59.90134650863894,44,1.3613942388327032
24345,10.562760749008286,4.22451319951211,30.186100382756823,1034,57.01452620067498,41,1.390598200016463
24346,10.635947229566524,4.792685862038534,27.079820933014666,1000,76.56433350424201,44,1.740098488732773
24347,9.90378846508956,5.414107383085852,25.160469812204486,1006,88.63437018323832,46,1.9268341344182243
24348,10.33772187144696,4.345873515528163,27.4119147333586,965,36.34332678372915,40,0.9085831695932287
24349,9.465928544094124,4.716066980696022,9.426989301904742,325,65.52321694466981,40,1.6380804236167452
24352,10.017729548854904,4.1096031493903915,22.053917620724352,728,55.556433777833554,39,1.4245239430213732
24353,10.183815281921918,4.4954872878509615,21.553433632500006,756,32.955502371477486,41,0.8037927407677435
24354,10.006016275860084,4.4592546186468685,19.6660572396392,685,49.927832903875874,39,1.280200843689125
24355,10.409092733374708,4.698257142309569,19.15636144782646,699,66.01787776424673,42,1.571854232482065
24356,9.651719778561954,4.924691361886207,16.685490714592753,621,82.48199192747545,44,1.874590725624442
24357,9.897797267918767,4.331799834861599,16.09426021227716,536,33.82006071466594,43,0.7865130398759521
24359,9.478758574497487,4.6480648533043585,14.995815526560406,540,39.20812962776134,43,0.9118169680874729
24360,9.905541829973346,4.165162732573628,19.64369739446909,648,48.39631512900458,39,1.2409311571539636
24363,9.329821259707233,3.9380013906085978,11.910890819431883,371,44.09199404708936,36,1.2247776124191487
24364,9.498048400124741,3.7270815208451515,14.102280474463846,433,38.791281648753525,35,1.1083223328215293
24365,9.632182857791241,3.891466554724303,15.043230748876729,474,29.950857030981762,36,0.8319682508606046
24366,9.317944030762478,4.121556349170076,13.7275425700379,443,53.896325916558865,38,1.4183243662252334
24367,10.128370113847787,4.589864259428558,10.884183086113948,391,73.41026435665437,42,1.7478634370631991
24368,9.941491420903805,4.163231427240052,13.887961798149956,451,46.85620154104378,39,1.2014410651549687
24369,9.535422347628813,3.716465211953049,12.739096064228525,373,42.498768153581146,33,1.2878414591994287
24370,9.966629735114362,4.455287804511895,11.739199916416975,391,58.62710408423466,41,1.4299293679081624
24371,10.265030125341148,4.354684322956706,13.128317110899479,443,40.48766584954151,38,1.065464890777408
24372,8.616101116433756,4.578883246233564,10.430667803887468,348,51.31234511412399,37,1.3868201382195673
24376,10.496240776673451,5.111153972727892,14.787122281867147,570,46.154798816133614,42,1.0989237813365147
24377,10.664684184861995,4.43177993202292,22.786371655193115,820,35.1757399216731,39,0.9019420492736692
24378,9.621936673302308,5.166709381871479,17.293507233615667,677,84.7534510658886,44,1.9262147969520136
24379,10.342480999374306,4.396006405061431,24.731700426761996,867,56.76536002140071,39,1.4555220518307874
24380,10.247510081543036,4.610694023232507,22.279274389236907,782,62.126867739298255,41,1.5152894570560551
24381,10.641205778696879,4.574320862032443,24.476389912061848,890,60.13101984895011,41,1.4666102402182954
24382,9.654204143717791,4.7310758331211105,23.389126090319646,851,58.081195770345914,42,1.3828856135796646
24383,10.274742648941924,5.047086340732465,22.22624696441782,856,58.81170655188197,46,1.278515359823521
24384,9.940510827614965,3.810976921808374,12.248980674457986,374,48.684877749803974,32,1.5214024296813742
24385,10.72559435675319,4.798499964634832,9.781506195763496,374,40.61163386279031,40,1.0152908465697579
24386,10.185833363670097,4.78813565735363,29.905474926301196,1111,103.7813380538241,44,2.3586667739505476
24387,10.180405130520732,4.596914684173997,26.567180003921628,973,31.171474504575333,41,0.760279865965252
24388,10.562936970741138,4.741342823584475,28.059997427457105,1056,52.172471350166816,44,1.185737985231064
24389,10.49378914009386,4.38786246439897,23.909990241293514,830,63.860358377708515,39,1.6374450866079107
24390,10.117796380827828,4.532720625336799,24.047056636898038,850,53.303540546165266,41,1.3000863547845187
24396,10.65626837036474,4.353600028767781,26.605163614347504,948,69.01369761960916,41,1.683260917551443
24397,10.213502076494573,5.158341437345281,23.46678219444824,916,68.21981279730282,44,1.5504502908477915
24398,10.011287303877804,5.195670468633316,15.008275496862861,575,61.28835207718696,42,1.4592464780282608
24399,8.978270008887291,4.559239839329339,6.981291817970345,242,67.95939803954181,37,1.836740487555184
24400,10.84898551755705,4.853723078477671,15.222605553157676,555,40.89303221523793,43,0.9510007491915797
24401,10.734823015548383,5.998284935533244,14.945340175853689,630,90.79308693920422,49,1.8529201416164125
24402,9.95276927984209,5.1287229364386695,21.16102709661513,817,60.48888136034809,45,1.344197363563291
24404,10.468806287882453,4.9888806164112625,24.879144292989633,971,42.618775925922776,44,0.9686085437709722
24405,9.838760317963107,3.572378676548896,13.588415950640671,395,19.51640154512621,32,0.6098875482851941
24406,10.083050232524098,4.649016060426522,20.374114630682563,739,44.534311193558715,44,1.0121434362172435
24407,10.082089877337157,4.632062473030275,20.642764574437212,745,51.136488696273794,42,1.217535445149376
24408,11.065202817508752,4.8389074494029485,19.416630035319496,732,37.8644924697813,44,0.8605566470404841
24409,10.211038931395441,4.898023998361029,18.825477493888492,704,53.13262488796548,43,1.2356424392550112
24410,10.247269710718808,4.028371416201476,21.327475349075872,714,54.01385730705193,40,1.3503464326762982
24411,9.884335070840798,3.7449774553993436,10.721426449855283,326,56.27703326511278,34,1.655206860738611
24412,10.187876529180198,4.991849743502525,10.173870543364476,371,67.75427409645395,44,1.539869865828499
24413,9.792710232906684,4.499120423677891,11.036174936200783,373,46.25432539371439,43,1.0756819859003346
24414,9.158681052289259,4.59525360801111,12.707139026870347,440,54.10956340497907,40,1.3527390851244767
24415,10.780533930639468,4.680805655493651,3.2921301243817247,122,22.50253636177741,34,0.6618393047581591
24416,10.733948188149185,5.079392463687035,19.309875816803054,760,38.238086672175555,42,0.9104306350517989
24417,9.725423886405915,4.593400280715729,24.23674134370568,894,58.43441694900153,41,1.4252296816829642
24418,10.52167838689453,4.888637142548351,24.05046523620725,908,44.10017236850759,43,1.0255854039187813
24419,10.214399536619426,4.589993026410854,22.868854955163957,845,71.551737591505,42,1.7036127997977382
24421,10.430066177595277,4.621155602519927,3.5139289340866995,137,22.81867474034718,35,0.6519621354384909
24422,10.046896015006492,4.480029310569805,15.539782993939284,546,61.96836961121357,40,1.5492092402803392
24423,9.758773774614793,3.9261302547824415,11.805178395558816,379,49.485124949113,37,1.3374358094354866
24424,10.386637089805644,4.899835541545275,24.65089713216238,938,54.821856510290054,43,1.2749268955881408
24425,9.980697440526379,4.612185082245486,27.169625610747012,1002,62.588662225743,40,1.564716555643575
24426,10.010475448086085,4.8560708165237685,16.084566874763613,593,52.0681906438228,40,1.30170476609557
24427,9.823343375923601,3.6538214480940994,9.402830996425903,276,52.85051602241487,31,1.70485535556177
24428,5.5163691786338624,3.4475818508976728,3.8143921092531734,97,22.363226905990285,21,1.0649155669519184
24429,6.969469894815518,2.135178863065556,5.2122338207982075,97,14.763961857775172,16,0.9227476161109482
24430,7.643791319572994,3.1595795837855025,3.409603072807292,84,17.26696146777242,25,0.6906784587108967
24431,6.336319925595367,2.0978969949098687,4.851407074888883,89,15.675502289151014,17,0.9220883699500596
24432,6.691228660126378,2.558553076947649,3.975979873041489,82,26.694774416570752,19,1.4049881271879343
24433,7.012082955998264,2.638698045405716,4.829454314424747,106,35.062780835975495,20,1.7531390417987747
24434,7.266024129784421,2.52457265376494,4.671705381890472,106,10.079898923801878,19,0.5305209959895725
24435,6.6591686090740625,2.8614615635323686,4.851781689836821,104,22.92440274785516,20,1.146220137392758
24436,6.175251082790907,2.655366889869373,3.535446577624595,78,28.96030340419918,18,1.6089057446777322
24437,6.534407854854956,3.4244001690882175,3.909734326283864,101,23.034601594229613,21,1.0968857902014102
24442,6.859752750212836,3.2122423054424982,4.673477437299548,109,23.52023022704614,22,1.0691013739566428
24443,7.164456018150135,2.124067016055537,5.82745712902231,113,11.14386391770333,16,0.6964914948564581
24444,6.41110670757719,2.414953545614604,5.173680154298574,108,29.041339794881846,18,1.6134077663823247
24445,9.345041949942294,4.116987910689904,0.5683769004127279,17,5.392118531621551,10,0.5392118531621551
24446,7.370681501541574,3.0896540391114096,2.0101005512033456,47,8.51947537797328,19,0.44839344094596206
24447,7.40976934118729,2.8328235076967005,4.394323567015227,107,18.23232796282953,20,0.9116163981414764
24448,5.1507043639010055,2.0052270703182042,1.9835553428970332,38,9.348802274840676,13,0.7191386365262058
24449,6.680920094404443,3.145579660109282,3.9298306446261915,94,17.955320031728906,22,0.816150910533132
24450,7.27926867555264,2.63367374272204,4.695005927597889,102,30.682670175156503,20,1.5341335087578252
24451,6.891057813984793,2.959401139570619,4.865385532313118,112,21.771020596834205,23,0.946566112905835
24452,6.209865069283355,2.024394835802133,6.0214687199063635,113,11.31178063735356,17,0.6653988610207977
24453,7.567873656785103,3.2152722372161513,3.845485832862387,99,15.419188567440663,22,0.7008722076109393
24454,5.606582160798107,2.136109745393988,2.8221997387845543,49,12.62626118113527,14,0.9018757986525193
24460,5.888778113145389,2.0999129247131885,3.6306390880886106,66,23.664205022043987,17,1.3920120601202346
24463,5.667456798241266,1.8980047090633223,2.6994887585970284,43,8.659125009165978,12,0.7215937507638315
24464,6.561409617172741,3.1165949455946893,2.594675395423826,65,19.04519481171003,23,0.8280519483352187
24469,6.627499026997225,3.2845073005787913,3.524448148542199,93,10.622247218024556,21,0.5058212960964075
24470,7.499904858201702,3.523733847195178,3.1896238472923524,83,27.92353271737155,22,1.2692514871532523
24471,7.5071720858636946,3.005420601389294,3.756863805502399,93,18.112819846564364,20,0.9056409923282182
24472,6.5707046388369506,3.491403349307681,2.080967518900302,53,10.176819106547478,19,0.535622058239341
24473,6.611963411713791,1.003137249874302,2.9503094701968338,36,14.715936672543746,12,1.2263280560453123
24474,6.436206892786045,3.6966313481231525,3.671125411182014,99,20.28590513918679,24,0.8452460474661163
24475,6.316543713448533,2.562052333604107,4.485031419763944,96,36.1798693378531,18,2.009992740991839
24476,6.007916542080308,3.2555947123550193,3.693707506715067,95,18.012021297477016,23,0.7831313607598702
24477,6.5488493160179715,3.3975813251874203,2.687540512356286,73,13.03028522957308,22,0.5922856922533218
24478,6.716328146313623,2.154887617173376,6.325105930771912,112,17.04989596148541,16,1.0656184975928382
24479,6.34920414542415,3.404223071344812,3.103869655231724,78,14.672484663214751,20,0.7336242331607375
24480,6.126878279727351,2.3122530676527218,2.3842569420238786,50,6.409876469610143,16,0.40061727935063396
24485,7.091717702394128,1.6858910986248807,2.4449443151259524,36,3.5447709124900166,8,0.4430963640612521
24486,7.005066201157079,1.587632565258988,2.7466400824826542,43,9.926760131925214,13,0.7635969332250164
24487,6.269933567942299,2.8883193103501106,2.062309905156738,48,8.882420172228255,15,0.592161344815217
24488,6.414637843570172,2.92825418763297,1.6961167919725988,39,6.153815953892365,16,0.3846134971182728
24489,6.199572363707634,3.171829858131539,1.560945793885947,38,6.566387555785752,17,0.38625809151680895
24490,5.995795741153762,5.528570399253024,1.3789696085485446,48,9.550098082176108,19,0.5026367411671636
24491,6.825524854685756,2.542649490929078,2.2968835292555125,47,7.919976201281715,14,0.5657125858058368
24492,6.202139081707646,3.18838794715478,1.7474598525518483,44,5.8975911768409475,18,0.32764395426894155
24493,6.265873634855025,2.6442643687404717,2.3193914977637493,50,11.469740006044919,15,0.7646493337363279
24494,6.1553153306480635,2.4791951630488254,2.3095373183317203,44,10.469502159000385,14,0.7478215827857417
24499,6.650182266355566,2.15872450454637,2.9282764423120846,49,9.393868457502556,13,0.7226052659617351
24500,5.942554068270837,3.302253490685465,2.946199220666428,67,16.653037705494736,19,0.8764756687102493
24501,6.344944273938647,3.782323795921572,2.9646801719166906,82,19.62103045912413,21,0.9343347837678156
24502,6.092159157355668,2.8422182922202697,4.555714600726645,106,26.758772208536083,23,1.1634248786320036
24503,6.54139187457661,2.187960506766319,5.659460455663254,112,23.31457619566538,19,1.227082957666599
24504,6.361243394717236,2.1087049107172757,5.047174833325675,91,13.72589945026635,16,0.8578687156416469
24505,7.095262961790281,2.525790955843293,3.819647777306985,74,11.269135755499049,16,0.7043209847186905
24506,6.732136934858175,2.7374623387420316,3.934981382378605,90,20.876494145184378,20,1.0438247072592188
24507,6.2657771519089085,3.5129318132329326,2.7780211316830976,73,16.88230555109491,22,0.7673775250497686
24508,6.984387601530077,2.707785734200021,3.3281258636406963,73,20.957062190623642,18,1.1642812328124246
24509,6.177132681766437,2.696686834727505,4.321041664922261,95,14.401885547410629,21,0.6858040736862204
24510,6.216668055141322,1.8642069417737002,6.084535209970805,102,18.177276122847594,17,1.0692515366380937
24511,7.598895094020237,2.492627694505557,5.173731528269305,110,13.823703323644766,17,0.8131590190379274
24512,6.717696225117353,1.9973471281758246,2.3264800549685867,41,6.830105158187178,14,0.487864654156227
24513,6.446061699082571,2.5439431231700844,3.600647581850796,73,20.90777168891129,18,1.1615428716061826
24514,6.538120861755289,3.019484830876682,3.4157962114908846,80,15.220668436779727,22,0.6918485653081694
24515,6.643247638287612,3.501581571522259,3.1685700462621256,88,18.434968366617255,25,0.7373987346646902
24516,7.199583931170615,3.274350445099899,3.4732071080088285,89,16.17220630991803,23,0.7031394047790449
24517,6.498750282798917,2.260855132801821,3.905445587240056,70,19.425969612671807,17,1.1427040948630474
24521,5.826588941149951,3.0786378257402705,3.5146312911150313,83,9.485062020276757,20,0.4742531010138379
24522,6.167877071196653,2.785696844825149,4.156190877716833,95,26.851116173687377,20,1.3425558086843687
24523,7.703619039275699,3.5449893907858865,2.6586409077954816,76,14.954596074028473,19,0.7870840038962355
24524,6.314224961222548,2.748803177444301,4.472034295885516,96,20.96484372006587,19,1.1034128273718877
24525,6.048602514608822,2.2126787061186417,1.9443194663513224,31,4.550845056134946,11,0.4137131869213588
24526,6.5777470198534225,2.717170733959967,2.852080988017251,63,12.015552111235449,22,0.5461614596016113
24527,6.951411942835775,2.4430478533035243,3.463486204467043,73,11.357556857013407,21,0.5408360408101622
24528,7.501104877501041,2.93443248221518,2.6828254983643443,64,22.537800989551883,19,1.186200052081678
24529,5.677377285068967,5.320055233950715,1.9195192462033828,61,14.105706896202951,24,0.5877377873417896
24530,5.690096809397419,3.314906175244874,2.6538982962457762,64,14.456841093284241,17,0.8504024172520142
24531,7.806698521907183,2.2574632964267725,2.3675493678301778,47,5.832341805629787,15,0.3888227870419858
24532,5.8039890984497715,2.127364851591559,3.293649547611681,59,7.555033594164843,13,0.5811564303203726
24533,6.343653208424334,2.8367841654189014,3.1276820205082076,72,23.45496442432564,20,1.172748221216282
24534,6.277254865490074,2.8672001183278897,2.5645910860943824,56,11.479351457906704,18,0.6377417476614835
24535,6.0053526987957495,3.2321369769522077,2.6835410001734763,64,15.365642460279142,20,0.7682821230139572
24536,17.191089041533456,8.659209554196291,0.3199157293189976,17,10.587432438997576,13,0.8144178799228905
24553,16.641705108508898,7.5095992942100676,1.9827466667224343,105,22.634719223074367,50,0.45269438446148735
24554,12.671849294774738,8.463204728592329,1.3259304854974878,71,17.669645748119887,36,0.49082349300333017
24555,13.144404312002754,2.739398717773793,0.5657092767081358,14,7.521136530948228,8,0.9401420663685285
24556,16.282062945575085,7.371966794172336,1.9607337857890386,103,20.3571084309526,42,0.4846930578798238
24557,14.83121282013863,5.2811660559609495,1.952618856701165,83,18.362147534004183,30,0.6120715844668061
24558,10.228511430930446,4.410766734794726,4.068457398361138,131,29.008476979167146,33,0.8790447569444589
24559,10.22516308329449,4.5044736439062625,2.936582106976175,104,25.05793643009852,35,0.7159410408599577
24560,9.75896024087169,5.941541603630025,2.8421375266237017,124,19.92361488834558,40,0.4980903722086395
24561,10.676764558692303,5.731081996158331,3.2644808652989488,144,36.63729414425913,40,0.9159323536064783
24562,9.544959711244452,4.407004748361331,3.47392875339264,122,32.7807177329651,33,0.9933550828171243
24563,8.921281737156173,3.0386458560732694,0.9034290061699298,23,6.015674251932091,9,0.6684082502146768
24566,8.006391698228343,3.1769662366262037,0.8829176164514249,20,6.142190959409873,9,0.6824656621566525
24570,6.28096709236387,1.1669108563235457,1.5448040774641052,21,4.11886755383368,8,0.51485844422921
24572,31.31048484125632,7.692110268248404,2.4095962897074075,148,32.4068706910128,45,0.7201526820225066
24574,28.446439981709943,9.163682694481848,2.4234568289101417,154,28.39021719965684,55,0.516185767266488
24576,25.535069468306663,8.319880624116506,1.2988583927604889,76,16.658816970938314,39,0.42714915310098245
24578,28.314721239159855,9.049568582935319,2.651257956595547,164,45.493025821725126,56,0.8123754611022344
24580,26.732766494860666,6.63375266594033,1.5388790007089426,79,19.254525440811378,32,0.6017039200253556
24582,24.07307417378601,7.376619598497868,3.1438952263900126,158,51.4267382354504,56,0.9183346113473286
24583,23.730408450485108,6.802117913138055,2.3262546835298497,116,27.197740799299645,51,0.5332890352803852
24584,23.087299385782075,9.359402064690574,2.7815101504591984,171,43.956533655576,63,0.6977227564377143
24585,23.33361656221195,8.754254377639668,0.866690682186797,51,17.305826216287652,29,0.5967526281478501
24587,23.90296411486649,6.873774506077168,0.6717261569177229,33,13.220828422000695,16,0.8263017763750434
24588,24.77193625030533,9.015787770410107,3.0966049173570394,183,42.75351714399822,62,0.6895728571612616
24589,18.341388751192547,9.595057447329376,2.8549793231986196,178,48.721879039566204,65,0.74956736983948
24590,16.241289391285807,8.16439050449228,3.2987206034358576,190,47.79240209994029,59,0.81004071355831
24591,15.147084402177208,9.26424132276408,2.6992300883479534,168,48.30368564140241,58,0.8328221662310761
24592,18.881552006941906,11.120907874629957,2.4929092098453705,173,60.66425071053398,68,0.8921213339784408
24593,14.970463837927523,7.494462631545676,3.139015962444674,174,50.577785172703116,56,0.9031747352268413
24594,15.923327400919705,10.165144847187934,2.5579372449486164,166,44.93472816088674,60,0.748912136014779
24595,16.591481136113593,9.192921757642726,1.9577191591680858,122,28.83409239338634,49,0.5884508651711498
24596,16.337473229639105,10.595524064687254,3.4579783822616252,238,59.46251297120032,68,0.8744487201647105
24597,15.71940591128515,9.425592847700452,4.377876761353789,279,77.01943891931523,64,1.2034287331143005
24598,10.744256630761878,6.108585787320654,0.5701399355796652,26,10.481625344517747,13,0.8062788726552113
24599,-1.2032749695634035,11.702091542941096,0.6846744752608387,26,10.042551904305972,14,0.7173251360218551
24600,7.530646398594199,4.54385739888716,0.7173713572986035,27,7.7864430522330865,11,0.707858459293917
24601,9.352161192887149,3.6367187121819504,3.683567629195822,104,18.839468498088184,29,0.6496368447616615
24602,10.316566137330978,3.445852943651869,4.63278416153063,141,51.480836605282256,32,1.6087761439150705
24603,9.136104333428976,5.311983125456344,3.915899879433744,149,44.61217834642961,38,1.174004693327095
24604,9.593122148269714,5.548789884410132,3.9403041017810043,156,30.767282727308622,40,0.7691820681827155
24605,9.455502049676264,3.2583038770151673,6.488021486397062,189,38.727828961169344,33,1.1735705745808893
24611,9.93391422852133,3.8610840208089496,6.590871932007688,209,53.628297115506996,38,1.4112709767238683
24612,9.875514852906164,4.4613802803545175,60.56327377322102,2073,60.71412150313696,41,1.4808322317838283
24613,9.688685935189278,4.27985380147248,61.19417698043974,2063,76.9183167458051,39,1.9722645319437204
24614,9.85954843491028,4.227985976473627,59.62046956124489,2021,38.15586847435161,38,1.0041018019566212
24615,9.700700904674934,4.514807095981581,56.52060387802053,1989,71.69173272128099,42,1.7069460171733568
24616,9.89876287000814,4.256763547252276,59.715103987034325,2039,47.1332556261891,38,1.2403488322681342
24617,9.752385491368686,4.342638838068636,60.47070371046647,2040,68.09169644855619,39,1.7459409345783639
24618,9.985874682667204,4.289835155554811,55.45292509562214,1900,66.10320307613102,38,1.7395579756876585
24619,9.895896759337427,3.5295386296262357,11.872377433467193,348,48.50403019649774,34,1.426589123426404
24620,9.679300830877596,3.668083517864891,2.8049762271917564,81,13.789176096707294,26,0.5303529267964344
24621,9.965330041967562,4.006954755417484,37.11613730217901,1147,34.02557587962641,36,0.945154885545178
24622,9.921995461350136,4.6630471951598915,13.713070962781204,482,64.38844072089145,37,1.740228127591661
24627,9.873878273647858,4.349381971560608,26.525520306936063,879,62.95388680961071,38,1.6566812318318607
24628,9.275300043884604,3.7757017340544885,25.433564394303602,771,49.57159719767973,35,1.4163313485051352
24629,9.704204505309383,3.78985911599095,32.41556279619528,993,39.2097606505999,35,1.1202788757314257
24630,9.734859819905834,3.839403216948681,28.24533319219557,859,28.199680809351705,34,0.8294023767456383
24631,9.57705916760584,3.871203263533841,37.3845812386228,1151,87.3715954336153,35,2.496331298103294
24632,9.556451081307749,3.749137216467155,37.62421497879051,1131,65.38195498264274,34,1.9229986759600806
24633,9.443709218231096,4.149696820130427,10.092023310339908,322,51.93315585570349,34,1.5274457604618674
24634,9.445885071365412,3.839237710912287,35.840042587831995,1092,48.70489853521045,34,1.4324970157414838
24635,9.516011155038262,3.5614251754109207,25.342440901066013,726,43.506256737305065,31,1.4034276366872602
24636,9.406661576154926,4.142185994632197,13.022495002982698,408,59.2019699823035,34,1.7412344112442206
24641,9.348205005468989,3.79290511138872,12.33019188898284,370,48.03211662386555,36,1.334225461774043
24642,9.520128513544623,3.892276317275857,17.492130360544934,544,37.181418623278375,34,1.0935711359787756
24643,9.54599978337657,3.6329889619122673,14.554332630393914,412,36.50924656514231,31,1.177717631133623
24646,9.374864955673686,4.11069536363116,40.11909882929154,1296,72.19671724680191,38,1.899913611757945
24647,9.613868371214881,4.013557528120741,39.18239474444676,1206,31.5885417528107,36,0.8774594931336305
24648,9.485792682725712,4.141021703831338,33.70582004446824,1087,60.83847603409742,38,1.60101252721309
24649,10.129818628018635,3.8893773695069283,36.59087662805196,1131,32.4664438187187,37,0.8774714545599649
24650,9.514840863296248,3.9793876259025227,38.45380183285388,1219,49.69970190289869,38,1.3078868921815445
24651,9.74323077791933,3.759605806920339,16.875149739079816,492,51.63425508704689,33,1.5646743965771783
24654,9.153689569310128,4.284934521248765,22.962270059639412,728,43.72031887829847,38,1.150534707323644
24655,9.295642953606118,4.201184921977494,25.120723147131535,800,53.744184748552925,38,1.4143206512777085
24656,9.300900274624743,4.395517860138682,24.63320960965275,790,84.52843784743636,39,2.167395842241958
24657,9.613508780481832,4.2366928313573,22.365469453436578,699,68.22023419357971,39,1.7492367741943515
24658,9.34800009489186,4.627309497871248,20.73533785454236,689,70.41132887875685,41,1.717349484847728
24659,9.235926729301799,4.521575628102477,25.31571967873992,841,38.724496095129595,38,1.0190656867139367
24660,9.41841238406752,4.270650257855783,15.407547868516536,490,54.48113076457766,38,1.4337139674888857
24661,9.590375033565646,4.331310159628528,22.06568710017025,716,105.52755007950296,40,2.638188751987574
24662,9.548519072585009,3.8708573967644675,26.359359938562253,814,37.80636964911899,35,1.0801819899748284
24666,9.946069182427442,4.057835990080067,83.46558959343136,2702,203.85092230790013,38,5.364497955471056
24667,10.090127912055072,4.223603090854118,55.83469326638364,1863,42.975642910524364,38,1.1309379713295886
24668,10.076504449501977,4.374537160976115,61.461964236504805,2109,61.71543044596064,40,1.542885761149016
24669,9.80350414210589,4.232536733644231,65.69793662473822,2233,42.390172793671965,38,1.1155308629913676
24670,9.760531808928212,4.506708129452652,53.51711087658155,1879,32.43618082245092,39,0.8316969441654083
24671,10.118924616692018,4.199010621008434,60.316691429375496,1998,50.40375348141527,38,1.3264145653004018
24672,9.442359100186188,3.842628493504637,53.83124987715889,1633,38.17604985670105,33,1.1568499956576075
24673,9.603056638096012,3.7677615875900825,21.713558126312055,634,47.644149349304364,32,1.4888796671657614
24674,9.920147851092546,3.8410429711799097,57.98006571005218,1791,56.884051367615896,34,1.673060334341644
24675,9.829570789204139,4.091662654961268,43.399776283246744,1420,46.18129249741557,35,1.319465499926159
24676,9.788102652112709,4.294297596588977,37.016056831978624,1235,42.390352728168935,38,1.1155355981097088
24677,10.03317084803944,4.138929037069747,39.23087991438802,1272,53.95172835698304,36,1.4986591210273066
24678,9.558320330815521,4.022006901523267,36.83851532386833,1169,41.87945871982107,35,1.1965559634234593
24679,9.69931826500417,4.0261577861210895,37.50498100651088,1204,58.734691539758785,36,1.631519209437744
24680,9.634842740957115,3.9850597654796456,51.571486702975726,1629,78.63286270523815,36,2.1842461862566154
24681,9.410952094193316,3.60110858295849,31.038160793350862,873,56.58506742307271,33,1.7146990128203852
24682,9.449231054266384,3.5634566656035305,13.620998061638238,385,52.28790729643137,29,1.8030312860838404
24683,9.515954076981723,4.21029018521465,11.039975904512085,354,46.45873476568834,38,1.222598283307588
24684,9.500309701201827,3.7918916871956343,15.136357704987443,456,49.13119840914729,36,1.3647555113652023
24685,9.120461966278766,3.476667339292465,17.974204424478728,502,23.468504642702907,31,0.7570485368613841
24686,9.386201209747215,3.4314751303463003,16.79585096328186,447,39.750716997982316,33,1.2045671817570398
24687,9.163594123054578,4.204292028501304,24.070371797879726,759,61.7951790131851,38,1.626188921399608
24688,9.175305687062913,4.243452452746991,26.51979803440797,836,69.70655934509409,40,1.7426639836273523
24690,10.943902701883493,4.293306897740186,21.443176252701168,783,43.193180612515185,36,1.1998105725698662
24691,10.926426960512645,4.495619023476413,15.868029950789609,622,66.37954217602402,40,1.6594885544006004
24692,10.535251834667285,4.882091248900092,17.690247042305156,709,43.88273819123791,39,1.1251984151599466
24693,10.567301559596071,4.340396796324546,17.88463021224244,668,109.60717796643948,38,2.88439942016946
24694,10.449411944947194,4.496670321609829,21.634264125829908,798,69.4127908400829,37,1.8760213740562948
24695,10.461047588769791,4.092744813260608,24.713633572700548,865,73.17050937181352,35,2.090585982051815
24696,10.253068671994832,7.441861533109701,1.2582533977739263,67,14.36558062303545,31,0.46340582654953066
24697,11.03720457918781,4.66657340493516,18.60811846794181,707,88.83874829854797,39,2.2779166230396917
24698,10.128925219382616,4.909539194868066,17.61882803011787,720,66.28595836542398,40,1.6571489591355995
24699,10.369984284431498,4.667890329176886,19.438571962926225,751,47.70091406801236,40,1.192522851700309
24701,10.659992763252509,4.339398726131431,21.5067648345593,783,44.75687106050333,37,1.2096451637973873
24702,9.701213679181135,3.3842089480590265,18.10182834583204,549,58.794006125306026,33,1.7816365492516977
24703,9.988816613950487,3.6789470894002476,10.914842390631678,342,49.407248066039216,28,1.7645445737871148
24707,9.646323093514903,4.354234084578198,10.624335379032404,386,70.53767656024212,36,1.95937990445117
24708,9.591299137365793,3.9585461620055455,10.58201956308629,349,38.55483731118622,31,1.2437044293931039
24709,10.39672517621048,3.4302600867752173,12.824946943894274,382,34.78001901753253,26,1.3376930391358666
24710,8.79292095787175,3.0336266217439456,7.028160767279046,188,21.562563655020714,24,0.8984401522925297
24713,10.97286782132315,4.934504531495208,22.85202793387528,916,62.76507322278888,39,1.6093608518663816
24714,10.415605851829532,4.148790975237606,26.655673506265167,959,70.51598452023005,36,1.9587773477841681
24715,10.75004024939552,4.646916345698412,23.841021322507547,953,72.59785876083029,38,1.9104699673902708
24716,10.616603688985496,4.122080474624289,27.10194087439714,956,55.903706612631815,35,1.597248760360909
24717,10.986698353711969,4.552788005076251,23.3811282348578,870,49.12088979053733,36,1.3644691608482593
24718,10.412641719000817,4.472785983038256,24.60536047155459,886,100.19726519648036,38,2.636770136749483
24719,10.924729743956545,4.660250315710027,20.99267300938988,812,58.04507280116409,41,1.4157334829552217
24720,9.67399061429413,3.4162590381934006,19.1950829760754,582,51.6859573671333,29,1.7822743919701138
24721,9.621821896941958,3.5813591097675723,19.301173411361567,608,87.85393238939923,33,2.6622403754363404
24722,10.261085739085125,3.817484823477171,17.96979544521292,586,36.08259301905468,31,1.1639546135178929
24723,9.615678889108848,3.801102794660295,16.196967275869614,538,72.26970621245181,34,2.125579594483877
24724,9.667648566176082,3.03708184667098,8.638771441078031,250,16.491537792280933,29,0.5686737169752046
24725,9.450225930901587,2.736178560614368,10.033015793319702,256,54.388214928199936,23,2.3647049968782583
24726,9.498987670807352,3.5409000245040563,7.136462079815424,221,29.040159510223436,27,1.0755614633416088
24727,8.95986798824772,3.2643705892266697,5.952165181080021,172,45.957635045567905,27,1.7021346313173298
24728,9.29053254256955,3.6695765399946376,7.535703388182068,233,17.6136640232042,29,0.6073677249380759
24729,10.221694908268432,3.6922423592019493,7.552221248289248,236,26.944193188559723,29,0.9291101099503353
24730,9.938232550534185,3.576753013198435,9.616994024289156,299,30.559346812472697,29,1.0537705797404378
24731,9.765035477741648,3.5656950136800702,12.161584956238661,378,36.114317163008906,29,1.2453212814830656
24732,9.756362904237301,3.016211244018213,13.198003700223962,366,31.375751727564943,29,1.0819224733643085
24733,9.570087939909502,3.5026221621370683,4.790203141393274,142,51.88239065845177,24,2.16176627743549
24734,10.031819792705067,3.4081656124802207,10.708970482653463,319,35.4051979025883,28,1.2644713536638679
24736,9.175498192743568,2.9449454101765826,13.129805095947134,351,33.47580566215895,25,1.339032226486358
24737,10.818753617869417,4.077454768004568,5.207090850825141,172,46.22242638617824,31,1.4910460124573626
24738,9.701434324463152,3.0858433996154244,15.04073736499608,405,28.588176350361614,24,1.1911740145984007
24739,8.94306798397047,3.419344046237212,13.36795344825543,388,26.940664203147005,25,1.07762656812588
24740,9.297901702316919,3.319056699636191,14.001881943193888,401,44.007837529432734,27,1.6299199084975087
24741,9.504293800840689,3.4415251999495564,12.567343804652868,376,31.83481793326726,29,1.0977523425264573
24742,9.418955120211134,3.5720254970009737,14.89884544000815,457,34.82400198635462,28,1.243714356655522
24743,9.976029639125025,3.010041438518667,14.736949905984211,404,49.68200402178419,26,1.910846308530161
24744,11.720650999866251,4.639529917162122,1.630838364184913,62,10.080781205171286,26,0.38772235404504946
24745,9.86793605734013,2.6987028526928154,10.403954681249706,254,12.529031839040128,22,0.5695014472290967
24746,9.349449640040012,2.9747375862740504,13.370320736190237,364,26.846330767168773,25,1.073853230686751
24747,9.883878773078106,3.1944488730786222,9.027029988000534,248,28.365904313833475,26,1.090996319762826
24748,8.930957381850929,2.893172241864377,4.469565081232785,112,15.656376137485267,20,0.7828188068742634
24755,9.599948484998608,3.041825535450541,6.447718919359658,168,18.11947241407917,22,0.823612382458144
24756,9.504528425272705,3.044051198838504,8.588777449265933,223,36.74441049090434,23,1.597583064821928
24758,8.767982666085114,3.020631269192112,7.739860126628111,211,43.93341961443823,25,1.7573367845775292
24759,9.559237505442171,3.5857002010349897,2.847828357920717,88,26.911769798632687,21,1.2815128475539375
24766,9.708286800766695,3.1442208274292907,13.472942480380452,370,30.04294085802765,26,1.1554977253087557
24767,9.9033711726797,3.2659377930314806,14.18646869465575,413,29.687472164397256,26,1.1418258524768174
24768,9.748916791666685,3.1632677241191627,12.771817851956135,357,35.07276505129827,28,1.2525987518320811
24769,10.568315514342048,4.391008613006583,4.408270173339172,166,39.31723509350507,35,1.123349574100145
24770,9.487135701650397,3.684730567807993,20.124823132795942,619,41.467048981030246,29,1.4298982407251808
24772,9.179118933706643,3.514772233075934,12.715177960114284,387,35.586970593591914,31,1.1479667933416746
24773,8.8973504507016,3.413980577797145,7.655033056051113,220,25.333581660942475,28,0.9047707736050884
24774,9.475733904880313,2.034361427473479,5.906731106021408,118,7.8174340196864245,18,0.4343018899825791
24775,8.93310978900076,3.05202706191186,6.695145485598528,182,52.84128744675529,25,2.1136514978702117
24776,9.834314790296926,3.0896006658465134,6.354455974553417,176,28.981182891127204,24,1.2075492871303002
24777,11.764663573898876,3.7626578652737077,5.6143999335888255,173,30.06419005513248,28,1.0737210733975886
24778,9.215749568742774,2.410341290295504,3.920836551825806,89,21.763171228842115,17,1.2801865428730657
24779,9.561117459454021,3.7392664237739064,25.413315356875433,706,56.66856005539828,34,1.6667223545705376
24780,8.898724934012696,3.7021185808830976,16.807875569557957,466,56.594659716971016,34,1.6645488152050298
24781,8.66893429717022,3.4565058225022773,25.99300194372652,676,46.64428415093254,32,1.457633879716642
24782,8.879163335626139,3.4506177846336463,27.862528203743633,734,29.7197033270658,31,0.9587001073247032
24783,9.07964900972907,3.5490160844685765,22.21894475860868,603,29.042976198271965,32,0.9075930061959989
24784,8.181232014068726,3.711658102997493,24.832648975426103,699,48.04601490295637,33,1.4559398455441326
24785,8.81049139874045,3.5230957757171635,21.32622106805885,575,69.65251857618755,35,1.990071959319644
24786,8.773628115784913,3.5100953986987067,19.486554674127316,519,47.76311237718762,33,1.447367041732958
24787,8.835401293898004,3.3438341041256137,26.36460661108582,703,55.55156060603237,29,1.9155710553804264
24788,9.099594269978093,3.618525647820361,19.823959308317278,543,27.53904079956633,32,0.8605950249864478
24789,8.665863768263153,3.9662082417683675,19.696102948454737,566,43.91416750481113,33,1.3307323486306404
24790,8.740190190904215,3.5762699204703754,16.2159781332838,440,48.43212767426553,31,1.562326699169856
24791,8.402707033058734,2.9517850364212173,9.088328332368729,223,22.884644833815212,23,0.9949845579919657
24794,8.537334915811112,4.338169393648314,4.09135254204252,125,31.2336332445904,34,0.9186362718997176
24795,9.296987356614842,3.9534454413887894,7.04951400517233,197,50.927325665949645,36,1.4146479351652679
24796,10.261759990770194,2.649698731425473,1.0984052335332135,25,5.03090229334288,10,0.503090229334288
24797,8.993068350521371,4.23151884937609,7.777738202305099,239,46.39910699934112,37,1.2540299189011115
24798,8.811243782009445,3.551094256575784,8.608755038041668,226,41.73748083595205,33,1.2647721465440014
24803,9.370027143110125,3.385952917586718,20.1836993907696,539,47.039621124402586,30,1.5679873708134195
24804,8.815756901383047,3.446103579351155,22.65532673757114,606,35.6093175813723,33,1.0790702297385546
24805,8.592866990491473,3.643096866297021,26.42499498996208,733,46.79345001607352,33,1.4179833338204098
24806,9.703938589070143,3.8907748470871426,21.150067412918563,613,36.5630573912686,35,1.0446587826076743
24807,8.80893817869329,3.3910174394183112,25.204583416718737,647,34.38378532913383,32,1.0744932915354322
24808,8.728696201916451,3.6154053287266557,25.621059451343722,690,57.096857630937016,32,1.7842768009667818
24809,9.459850250963594,3.608878837900268,23.596059047812364,647,51.43177509933006,35,1.4694792885522874
24810,9.135435210061726,3.6857051538731653,22.265770221076,616,56.354959579175215,34,1.6574988111522122
24811,8.776902557866409,3.365611174266855,18.834138471933866,485,49.94209520519996,32,1.5606904751624988
24812,9.235761578483197,3.5154141788795714,18.35805529278163,493,19.851536383727392,32,0.620360511991481
24813,8.192192310322753,4.025400897549217,5.27945948847616,150,21.511776609161277,31,0.6939282777148799
24814,8.683600228854427,3.658914728159603,9.109905833875384,242,73.93605234732118,34,2.1745897749212113
24815,8.934187298302431,3.81154440909327,9.407218959262735,265,33.505407506134226,32,1.0470439845666946
24816,8.43289469623761,3.5526441056157103,9.390512090131386,244,41.492116324276324,31,1.3384553652992364
24817,8.771733914245717,3.8800851965549983,8.955043070908621,258,35.581579025608036,35,1.016616543588801
24818,7.935741463351796,3.543376440157115,3.862945221886325,123,26.138773797035853,26,1.0053374537321482
24819,9.213876560336896,3.4121098485851142,5.282062570152147,130,26.58802118095003,32,0.8308756619046884
24820,7.617964317336417,3.3912992694913613,4.26407938917192,129,26.14064584229077,26,1.005409455472722
24821,8.848226475665241,3.165184329714536,1.5234919910908589,33,8.052625816241907,15,0.5368417210827938
24822,1.3544096154933076,0.4682342053884294,2.1888816146472982,34,,,
24823,9.871190094155308,3.8522872032467004,1.5221585604205319,44,12.124711489307781,20,0.6062355744653891
24824,7.331054455295877,3.341134292527189,1.3224330024421758,42,6.356529447855772,19,0.3345541814660933
24825,7.936796224527633,1.8336808418252257,2.0414075850365516,36,8.595451364307053,15,0.5730300909538035
24826,7.045775803202434,3.120286885070589,2.323110407566376,59,11.583073186576838,17,0.6813572462692258
24827,9.233544102931962,2.3508549141314816,1.8025003411002654,37,10.454946210869844,14,0.7467818722049888
24828,7.637883436220083,1.0823655457935328,4.162032893705878,56,21.481113382517844,16,1.3425695864073652
24829,17.362654420421297,8.757870644947106,0.9968587790770259,63,16.473131869124675,31,0.531391350616925
24830,10.84308361229218,6.057715525902021,0.9226692579644376,43,7.599002010442091,25,0.30396008041768363
24831,14.09778101588064,8.663526833837452,1.002894757631892,58,16.020162535549133,29,0.5524193977775563
24832,6.378239966075027,1.4531784618754344,2.612240055485894,51,22.69956385024317,18,1.261086880569065
24861,13.650506614518918,6.180856517687004,2.664324396183627,128,31.679645977464556,40,0.7919911494366139
24862,12.464706626248663,8.010190195665317,1.8276484049627335,106,20.775934605857888,46,0.45165075230125845
24863,14.49918054907114,7.712875345182457,2.1702548704178843,124,25.55502704888355,44,0.5807960692928079
24864,12.016853604374148,7.159981128418592,2.777938616070452,150,34.07349154102417,44,0.7743975350232766
24865,9.49823675237629,4.677388657088673,3.606571227510518,120,47.05662592607698,35,1.3444750264593424
24866,9.133506205193285,3.0008774647673397,4.851799324032947,116,40.201732402497036,25,1.6080692960998815
24867,9.321039600465133,4.175467708197942,4.506120467557024,140,35.90252044844381,36,0.9972922346789947
24868,9.010786249187975,4.136522259538099,2.5280811511024996,73,15.47091860821592,28,0.5525328074362829
24870,9.521754088356353,4.546741744229237,3.6424468215721473,116,33.629460847452194,31,1.084821317659748
24871,9.523196163581252,4.547211152489459,3.730438369302866,123,31.63969573326117,37,0.8551269117097614
24872,9.479097551409382,4.635812024395045,3.7257823939233754,124,45.16941435358299,35,1.2905546958166567
24873,8.528788689069145,5.446225422837676,3.444446615751374,125,38.19262564876147,35,1.0912178756788993
24874,6.3753228135353455,3.6792820365673076,0.9817043498870355,29,6.742642262753805,12,0.5618868552294838
24877,19.290107728232634,6.435674731795247,34.61174138634763,1689,73.07056100312441,62,1.1785574355342647
24878,19.647730661859583,7.14559437554452,174.09284141926938,9336,216.41822409182603,70,3.0916889155975147
24879,18.958468397693938,6.763639153955853,34.488768428221434,1771,89.73866418901481,65,1.380594833677151
24880,18.789943429418383,6.42594330559547,239.88143906339357,11799,176.7956878607816,62,2.851543352593252
24881,18.918048709740635,6.4868333447187885,242.68145975484677,12020,326.7118698422267,63,5.18590269590836
24882,17.76883370095439,5.505716270024642,166.56486875994253,7273,152.6012380271559,54,2.8259488523547387
24883,16.912528106244228,4.847371079590938,86.0826934247809,3321,102.69595115630861,45,2.282132247917969
24886,17.885007783951433,5.6280387698605505,146.6338410723775,6473,106.9420506325969,53,2.0177745402376774
24887,17.929653975315084,5.359317291943819,122.66291656503519,5271,116.26186704253149,51,2.279644451814343
24888,18.209225076651823,5.588015733686485,143.61469956267368,6286,96.43647875902707,54,1.7858607177597605
24889,17.262062518687607,5.19235596732248,127.92046858109002,5224,105.23886530091683,48,2.192476360435767
24890,16.644132536434764,4.954847297824846,72.63759113685512,2814,100.47895079488318,46,2.1843250172800692
24893,16.52754464326915,5.308118781999989,62.692325435945484,2511,83.75414138098645,50,1.6750828276197292
24894,16.639238895746846,5.034481884960018,73.74194421765596,2913,104.74972456014483,50,2.0949944912028964
24897,17.555914363479662,5.925822955845521,105.94105967340866,4777,140.43466211344793,58,2.4212872778180676
24898,17.559800291372138,5.767011758239521,264.7646997165312,11794,267.49170052993605,56,4.776637509463144
24899,16.78413893581531,5.069075386691499,82.1033916193921,3242,100.75820274398492,47,2.14379154774436
24902,17.361653403036684,5.193279538630208,54.058329064312304,2212,99.74772316353611,52,1.9182254454526175
24903,17.60847214494167,5.64167627698458,141.80663659066647,6197,175.5826888581693,57,3.080398050143321
24907,16.861621684529517,6.3175910885289,161.53111583013666,7664,133.64501899159313,62,2.1555648224450503
24908,16.734898011659766,6.063822035577156,192.4179100991527,8901,194.40178081993173,62,3.1355125938698665
24909,15.640160305005317,5.22506371876045,100.73768051086184,3995,61.394721951324556,51,1.203818077476952
24910,15.496300140262624,5.095556536431817,98.08761347810479,3836,61.68771567558185,48,1.2851607432412886
24913,16.74878833480671,6.057824410642015,205.41552386485324,9489,137.3421029546406,61,2.251509884502305
24914,16.82945916323639,6.319554230094238,79.96212714885746,3837,89.34335756320925,64,1.3959899619251446
24915,16.496295934715533,6.2029799952554,129.19997172611113,6091,119.55600325220243,61,1.959934479544302
24916,16.61097683521975,6.378075526667176,120.71047201549494,5837,134.1245004370366,63,2.1289603243974065
24917,15.218681762268185,5.494023329157202,17.033311070235005,724,84.38969947217313,54,1.5627722124476506
24920,15.873634257203499,5.538442826764593,146.14405731462446,6170,128.02190381903478,55,2.327670978527905
24921,15.116385142997398,5.21858975142224,70.85484424101273,2767,71.67773765200366,50,1.4335547530400732
24924,15.556570141683931,5.886232735358094,123.75083120237284,5415,139.1758215197173,60,2.3195970253286213
24927,16.58673652351303,6.079796718211707,71.24495670237195,3330,72.0040484277715,61,1.1803942365208442
24928,16.645762155620467,6.238465508880335,199.5289729237133,9422,223.11435528261913,65,3.432528542809525
24929,16.32032209369833,6.67992340520151,122.05150595436116,5992,163.9100767784095,65,2.5216934888986073
24930,15.379388465664762,5.397728369983396,95.32300255018377,3844,134.30965961648815,55,2.4419938112088753
24933,16.294316641736035,6.208368668785013,138.95736588195345,6445,228.00441713515133,65,3.5077602636177128
24934,15.85244385258611,6.303027893848655,121.31796574758084,5659,221.75344089922245,66,3.3599006196851886
24935,16.250916917640776,6.08306071960003,122.9811677342221,5681,140.44991585450987,63,2.229363743722379
24938,16.460051452929566,6.0827924348321964,191.2598151880075,8919,150.98958382268842,62,2.4353158681078777
24939,16.728129699549886,6.222406511412636,80.80030032934705,3824,66.6251590532644,62,1.0745993395687805
24943,16.67699938728834,6.050928523467694,213.52440570278108,9881,141.7029471076993,60,2.3617157851283213
24944,16.491361642297644,5.967355067550224,205.4244171600035,9374,137.84345691537806,59,2.3363297782267467
24945,16.50440287541639,6.322693075672582,132.7215034917007,6374,173.8395692748688,63,2.759358242458235
24946,15.249007298721748,4.9757912819409835,108.24193604925777,4116,129.98619074278088,49,2.6527794029138954
24947,15.422327555474675,5.308990049593305,99.15491586927659,4004,87.23037413318073,52,1.6775071948688602
24948,16.406230940362814,6.076599603247444,230.55027700642148,10680,167.31126854677,62,2.6985688475285485
24949,16.6369972514909,6.031029780367367,213.51115454128973,9886,135.7319069714136,60,2.26219844952356
24950,15.464327121710232,5.443480945090368,146.36857005695,6065,100.04415091397142,53,1.887625488942857
24951,14.920250408629439,4.963356090631699,86.33754512353302,3191,81.11074410383195,50,1.6222148820766389
24952,15.438799411705046,5.933752501319718,145.9990252238974,6433,225.79837921300106,61,3.7016127739836238
24953,16.541090461857046,6.112964865653826,203.19418440415305,9415,149.94106929798969,62,2.4184043435159626
24954,16.432881411920423,6.3738684930156,190.16490003883155,9081,126.73363887628199,63,2.0116450615282857
24955,15.337016582258924,5.288948274978736,99.39245217459344,3982,105.73043778207845,54,1.9579710700384898
24956,16.18356026715681,6.236304381956818,76.44083315775171,3558,112.45474568712127,65,1.7300730105710966
24957,16.115263265806796,6.138772820322336,66.79218801135198,3101,99.94486670722343,62,1.6120139791487649
24958,16.291096659252233,6.24826561828011,125.06689873181328,5860,157.21932732439285,64,2.4565519894436383
24959,15.891687108160228,6.07700282384946,131.84266420450626,6069,186.5996438154041,64,2.915619434615689
24960,10.036781011917066,4.489529240894806,18.624494944662676,665,64.39705748333306,40,1.6099264370833264
24961,10.411420249979528,4.658984783823093,108.9066419770995,3984,138.5009848175069,40,3.462524620437672
24962,10.207307875171828,4.331885920509395,101.62087270959937,3559,75.06094001984918,39,1.9246394876884405
24964,10.318531174569017,4.542520175800224,110.94123812528385,4016,121.17819738570796,40,3.029454934642699
24965,9.972960618703091,3.885484084614614,70.83303553676531,2235,52.002509273812656,33,1.5758336143579592
24966,9.618044583350837,4.122339415391189,54.26813618241743,1744,82.18990259320196,35,2.348282931234342
24969,10.404367717941035,4.777182428993548,122.33740184142263,4665,90.0091561415288,41,2.195345271744605
24970,10.164209517069645,4.428857367244387,140.91631436676911,5078,112.63080859096286,39,2.8879694510503295
24971,10.168199383140768,4.6854651878910305,134.18632746981123,4972,296.0808646361333,41,7.221484503320324
24972,10.250890099730734,4.597022120357928,137.8006758281889,5041,86.89039303862273,40,2.1722598259655683
24974,9.838251551346021,3.9825006040030675,70.07413217438157,2226,200.48269655403885,35,5.72807704440111
24975,9.978571453801907,4.112381477785842,67.95168375096753,2222,49.27312260921721,35,1.4078035031204916
24981,10.130888930521227,4.315791710760875,90.7013182979176,3175,112.23612104829488,38,2.9535821328498653
24982,9.993388847853097,4.2298276685407945,98.04793174384363,3309,54.098973463091795,36,1.502749262863661
24985,10.230578834838948,4.287996252898795,137.23574964959587,4759,89.91095965756452,37,2.430025936690933
24986,10.127285211754025,4.30488341878347,137.29895616079085,4808,126.10414662451755,39,3.2334396570389115
24987,10.43033201706322,4.442655553593391,121.99036763184743,4342,201.100307630057,40,5.027507690751425
24988,9.862491429362995,4.21289440341579,54.528325025895846,1790,44.72503768859456,36,1.2423621580165156
24991,10.099750114055835,4.513080703396572,94.78690417891744,3397,57.797565032402176,39,1.4819888469846711
24992,10.325511487725446,4.3274141330638365,92.91326060827285,3247,102.92027467937885,38,2.7084282810362854
24994,10.163701780911952,4.471470786256994,96.61781776495323,3422,86.9425904049662,40,2.173564760124155
24995,10.376728855000506,4.41206308758235,90.09486653404501,3203,93.21237832235153,39,2.390060982624398
24998,10.219299501447342,4.438171554145029,116.7486782605446,4180,80.06789383305664,39,2.0530229187963243
24999,9.951237041501452,4.472557599728554,114.58495055883094,4081,113.11232672519424,39,2.900316069876775
25000,9.426226941764135,3.966471122101678,56.880469864201565,1798,62.41330367069838,33,1.8913122324454055
25001,9.973802675705304,4.020794216712482,51.94927677108707,1647,186.52695323966594,33,5.652331916353513
25002,9.676871956616646,4.128752409473563,68.60228372356896,2246,66.88609567709402,35,1.911031305059829
25003,9.790777362593401,4.075360218813381,62.180961187610464,2009,47.98898698579447,34,1.4114407936998372
25004,9.75226536535937,4.168447541823551,97.46762177164511,3281,88.05737634119112,37,2.3799290903024626
25005,10.101649114032828,4.123690079637041,91.39211070831587,3064,80.58401704689678,36,2.238444917969355
25006,10.442499698330632,4.393455050333669,92.35575732352915,3305,56.15765941737971,38,1.477833142562624
25007,10.190550330060011,4.507654803556435,110.3609019954442,3954,167.40556511455475,39,4.292450387552686
25008,10.56791989226188,4.319096667845827,14.403250302991482,503,42.679482193859485,37,1.153499518752959
25010,24.070560646782834,8.650523901227144,90.10440227101145,5364,186.22719938970465,72,2.5864888804125648
25011,24.074711585526675,8.449275522840251,96.05592638740346,5638,152.84717780305186,72,2.1228774694868315
25012,19.6095394098146,5.672944115923907,56.483437974216,2594,164.8297673318259,50,3.296595346636518
25016,22.958446656236866,8.068556332332449,48.488210099237854,2767,166.99227362407288,73,2.2875653921105874
25017,23.336441663246934,8.360272773579185,95.4502229035123,5597,270.3633826270094,73,3.70360798119191
25018,23.062636999449378,8.163123208929125,39.56035434073472,2292,123.01479505139758,73,1.6851341787862684
25019,20.464605156956566,6.172212849262182,59.38522303403681,2930,101.15239786423675,55,1.8391345066224862
25020,18.65488888032295,4.682983140746705,35.03612515842069,1392,56.71613086937054,38,1.4925297597202773
25026,20.78943998573547,6.121364874888822,52.96633896405659,2552,96.30989243270855,55,1.7510889533219736
25027,20.479288861184624,5.938179077388009,51.129621652384174,2412,75.24761517865124,53,1.4197663241254952
25030,23.945982579397374,8.56596317661101,87.54645105522523,5185,175.5233554849365,72,2.437824381735229
25031,23.353654686984026,8.422793643319823,49.824021220548914,2922,118.28097538737252,73,1.6202873340735962
25034,24.008349445970296,8.225749492220814,44.31466852304576,2525,249.2274658560131,71,3.5102459979720155
25035,19.667735462580037,5.443446137468488,44.096153398753884,1995,138.0612176239107,49,2.8175758698757285
25038,23.017583911538694,7.615800348754558,61.42973089761723,3381,133.6035420299294,69,1.9362832178250637
25041,23.087465055612924,7.429390292186778,61.71647124691576,3340,265.5757955381778,70,3.7939399362596826
25044,19.461086046225603,7.083803073451935,101.77414193108359,5312,252.19524645874193,68,3.708753624393264
25045,19.232892066390534,7.151785137831728,107.60566169986116,5689,287.84614887320816,67,4.296211177212062
25046,16.574321941373082,4.971876902618134,60.37124298404717,2481,68.49422807065872,44,1.55668700160588
25049,18.906823803396126,7.139614707716012,94.98157315116529,5046,506.89683192315357,66,7.68025502913869
25050,19.09022796422549,7.11593555789921,103.30288690528836,5475,238.5938410530696,65,3.6706744777395324
25051,19.19599009603701,6.863991082979705,61.747944587623344,3167,160.0440197581293,64,2.5006878087207705
25052,16.967925842757232,5.461363846451453,70.79979905950164,3085,101.19404665568126,47,2.1530648224613036
25053,15.920198677932449,4.603786430380724,36.8198667210273,1403,60.845051635608506,36,1.6901403232113474
25056,18.371555822600634,6.300382502479874,76.51703513338099,3724,143.29400567590181,57,2.5139299241386284
25059,19.148868888646845,7.246019948341482,93.10107746810621,4974,236.50105296205473,67,3.52986646212022
25060,18.907866570321648,7.023877684933772,97.80500254251248,5105,181.71007034416493,67,2.7120906021517155
25061,18.829908898047076,6.563883710874813,92.85854967182135,4649,170.08224230174855,60,2.8347040383624758
25062,19.327885774351035,6.981473799831251,54.36922354080313,2842,133.6288417942017,63,2.1210927268920905
25063,19.031381486621306,6.781685012747972,28.85225411336183,1458,135.1123178122131,62,2.17923093245505
25064,18.83159336751138,7.023381971282611,37.12633074863063,1964,225.38980163913243,63,3.577615899033848
25065,19.21229558100362,7.27942434608816,105.89839391822237,5671,243.19151084306523,67,3.6297240424338093
25066,18.71840537822849,7.04092527580304,99.96403116358582,5255,238.58831380546613,65,3.6705894431610173
25067,19.200778641641875,6.801713924507806,102.13219248289312,5171,206.10086110229585,64,3.2203259547233727
25068,16.46424048700345,4.772090546718487,66.69356343047757,2639,99.1854015326827,41,2.4191561349434805
25069,19.23833864572839,7.218220492656025,98.22709761898365,5195,189.61278579086408,65,2.917119781397909
25070,19.14008890224773,7.006545639012587,90.8042033749504,4722,187.68535864397393,67,2.8012740096115514
25071,18.852551646245782,6.627261820014008,111.35928901493797,5621,368.996522826421,62,5.9515568197809845
25072,17.38641340289772,5.498999576200956,68.16150519582179,2982,99.9141309507144,47,2.1258325734194554
25073,15.453492980009663,4.2066963840015275,43.629334788083064,1537,98.79340509547839,35,2.822668717013668
25074,17.781303227011197,6.13291522756275,49.0159054755825,2371,105.97277157437037,54,1.9624587328587106
25076,10.452613658250646,4.160360708758105,81.72512516090927,2934,119.85382139715571,36,3.329272816587659
25077,10.307566711564425,4.092449797604708,77.17441604214886,2739,105.1566802160815,35,3.0044765776023286
25078,10.497462734634285,4.180874722602814,85.45663106848332,2989,454.9113780666291,36,12.636427168517475
25079,10.216540675342143,3.8327088299057945,50.46489846610684,1669,47.93784087381773,31,1.5463819636715397
25080,9.889870992812938,3.91758078797399,47.11129750493936,1564,61.5936586603313,32,1.9248018331353531
25083,10.5592135626162,4.178850680404232,58.437500821283855,2085,92.96273102704347,37,2.512506243974148
25084,10.817311518812707,4.732205300696378,105.0902433681072,4111,238.17452286047032,41,5.8091347039139105
25085,10.567565778717727,4.620252612962901,65.47229688263036,2505,336.738898699736,38,8.861549965782526
25086,10.810016219707165,4.654325086528807,87.34015265705338,3422,124.4177917566305,39,3.1901997886315514
25087,9.84974528073206,3.7571929645694095,36.8352298874373,1180,45.19875304425225,31,1.4580242917500725
25088,10.085385947932348,3.829233504026005,38.279244452199684,1243,61.93974322581424,32,1.935616975806695
25091,10.871809694453392,5.545204603200498,8.192592373986017,360,54.09391509735665,44,1.2294071613035602
25092,10.69361266354775,4.368202201361565,63.21424186368656,2330,138.66675370104696,37,3.7477501000282962
25093,10.457090705539631,4.351501136509018,67.30530005389322,2436,85.70089541420248,37,2.316240416600067
25096,11.129352250335778,4.999144549199659,106.30061407197299,4380,169.1499508979638,42,4.027379783284853
25097,11.371050130552614,4.980849375044709,105.1413334570719,4307,160.93402571430832,42,3.831762517007341
25098,11.390154044260642,4.924929926758969,111.74924678931492,4596,204.71253173184144,43,4.760756551903289
25099,10.436710399788772,4.145016770437722,53.0503043486065,1806,57.56876257094137,33,1.7445079566951929
25102,11.172339264610246,4.9283715574541604,117.29756519534405,4755,227.14924920882777,43,5.282540679275065
25103,11.558492205134339,4.99466053088992,86.06224808817213,3537,157.2599386215471,43,3.6572078749197
25104,11.157825194918749,4.645157702151713,80.70610942207387,3164,239.05981155302118,42,5.691900275071933
25105,11.473059168482889,5.190745682511177,80.03559823907716,3401,151.78943034572916,45,3.373098452127315
25108,11.283954042166481,4.622933543425998,98.81058488164028,3850,190.2941257031705,41,4.641320139101719
25109,10.988782480048425,4.804614731480716,101.5783248347523,3983,169.4598751349057,40,4.236496878372643
25110,11.05171858699591,4.759434233380511,103.13864640892253,4067,145.62907074351435,41,3.5519285547198622
25111,9.754878243597586,3.7555113777203015,63.95745435046146,2042,78.74881727673468,31,2.540284428281764
25112,10.217961332569807,4.165518295875103,58.92067692401641,2047,85.80536748075757,34,2.5236872788458107
25114,11.428115893275839,5.3745742694024585,114.1853844302507,5000,254.90580314152373,46,5.541430503076603
25115,11.478192979205119,5.283200271716976,117.35389228335762,4994,225.29839719495186,45,5.006631048776708
25116,11.27027020284611,4.909909216530554,117.33683020272082,4746,142.543103456219,43,3.3149558943306743
25117,9.967537873884224,3.8594730093195895,51.71356017027063,1728,55.46984644631825,31,1.7893498853651049
25119,9.755553615546807,3.8109620028196027,61.04802706306179,1989,75.44697210266457,31,2.4337732936343413
25120,10.586156156548677,4.150655157721475,69.25007565431027,2437,81.85827110468175,36,2.2738408640189376
25121,10.62618246505694,4.309080153656251,68.65237758449645,2485,223.4040019467976,36,6.205666720744378
25122,17.925394345061363,4.476605249059127,104.79890749439105,4039,188.6084097416765,37,5.097524587612878
25123,17.980336780430893,4.964227943692288,86.1625752328291,3570,80.12359500988399,42,1.9077046430924758
25124,16.79437117270455,4.192988529984999,82.23402710063988,2974,428.09523568579925,33,12.972582899569675
25126,15.421828805130056,4.0787463771537835,5.133506888745803,185,22.218148474422307,29,0.7661430508421485
25127,17.11864755903397,4.16116345233779,70.06362098250548,2527,40.99777849969569,33,1.2423569242332029
25128,17.053685667608253,4.201700286565714,67.82034772411998,2425,120.33982434156835,33,3.6466613436838893
25129,17.323617023833695,4.156025528684171,77.98938688802902,2772,66.45144856059721,32,2.076607767518663
25130,17.026988316785012,4.035546364565748,2.7208058581379615,98,21.260759131463654,29,0.7331296252228846
25131,16.462842336267965,3.7937269425648905,46.630209901520665,1560,44.880612838228025,30,1.4960204279409341
25134,17.413409433670495,3.989287438377258,40.87201092638382,1413,76.88392528595902,32,2.4026226651862195
25135,16.66772146011671,3.8931153018651,43.50105791874851,1502,53.16222055879063,32,1.6613193924622072
25138,16.319033150028634,4.948712696034237,195.18203012482158,8038,114.48415399635843,43,2.662422185961824
25139,16.539668560128803,5.318296106222104,214.3030080456459,9281,215.0765324376843,46,4.675576792123572
25140,16.99613627152135,5.360314608350787,226.7997031612014,9752,231.78818030262823,47,4.931663410694218
25141,15.285925900177382,4.302861804327507,150.1995728826699,5400,86.28429707635486,34,2.5377734434222017
25146,15.013450184505517,4.218794784756354,116.32811504448236,4156,351.40903420667513,34,10.335559829608092
25147,14.844792869379514,3.966922556154311,31.38284563690636,1071,45.91579221719779,33,1.3913876429453875
25148,15.236968298306005,4.2527906944325515,103.08143554464083,3694,71.05930375240538,34,2.0899795221295703
25149,14.951031330348819,4.1884589621677835,95.70631365226542,3400,159.4141709852392,34,4.688652087801152
25150,15.23946745634035,4.292209914035026,127.60007868874996,4598,239.5308000549539,35,6.843737144427254
25151,14.689917312845834,3.6182274319702743,77.32087544887317,2420,138.8499857758917,29,4.787930543996265
25154,14.408310059649601,4.073603781485033,68.51042683363683,2365,64.89818421268217,32,2.0280682566463177
25157,15.193697536582405,4.303408617557074,57.92133888637446,2110,44.24259764848718,35,1.264074218528205
25158,15.392104383396472,4.476008878300548,96.44958823517737,3598,68.876465503713,36,1.9132351528809168
25162,15.600450144869985,4.333817733754333,170.36486888127618,6234,163.22356067738724,36,4.53398779659409
25163,15.295525592689831,4.28409814848773,97.94719456025742,3559,66.48687736175147,34,1.9554963929926903
25164,15.1768563750321,4.186914514715027,95.51579220910423,3411,80.1812160971348,34,2.358271061680435
25165,15.137504636700132,4.324798600213557,107.69763615848579,3882,127.06425198688842,36,3.529562555191345
25166,15.263013377913646,4.300490807222547,93.4108203210756,3404,315.7321373748921,35,9.020918210711203
25167,14.888338511755338,4.143964468382846,124.2675139742883,4348,80.85155207854241,34,2.3779868258394825
25168,15.119501861656289,4.261983479681832,137.23962230732093,4911,319.8064131707773,35,9.137326090593637
25169,15.090743160558516,4.226434826154303,115.71299620326351,4160,119.78219919949808,35,3.422348548557088
25170,14.41411512811806,3.7814377804188264,74.90721961692729,2418,53.634908271834696,29,1.8494795955805068
25171,14.330662890287877,3.825064855405478,66.17786751331182,2207,55.99384061402499,31,1.8062529230330642
25181,10.000043396970227,3.978806566512769,216.625310215638,7404,291.8043442233945,35,8.337266977811272
25182,10.284444175013425,4.026178485995451,180.47968655226165,6091,457.6908729321052,34,13.461496262708977
25183,10.160900385450743,3.9460694503163363,167.91968934736022,5632,252.97681421359718,33,7.665964067078702
25184,9.525080453715308,3.5038456539470517,113.11312725808389,3383,83.11334180089952,28,2.9683336357464114
25185,9.445644077481019,3.404855503820063,112.7998735503832,3284,112.69463287481665,28,4.0248083169577376
25187,9.512424419034025,3.398493004398948,106.7143381901905,3159,56.561170859869584,28,2.020041816423914
25189,9.67273641544874,3.806275757263016,115.04943622402503,3712,143.57703480264823,31,4.63151725169833
25190,9.707965690260584,3.5261946362779364,121.9764038616949,3664,174.89047025100777,28,6.246088223250277
25192,10.69246521667897,4.428586172111122,245.0871479762135,9133,5641.673995978484,39,144.65830758919188
25193,10.676559461666917,4.375246857553833,210.14603165146474,7830,218.32848248994728,38,5.745486381314402
25194,10.632812043378017,4.390964172309968,239.75751350636676,8933,246.5258557820449,38,6.4875225205801295
25195,10.226169647258587,4.29293251271076,152.93893041256553,5502,195.41309658706476,37,5.2814350428936425
25196,10.356788098781243,4.225320752392484,132.17883580546962,4743,170.36373839903436,36,4.7323260666398435
25197,10.13447692722865,4.248712645484843,145.53164426817813,5140,187.16658955723523,36,5.199071932145423
25198,10.257300243306338,4.073691510652734,153.07309892755623,5338,2047.9564467972937,36,56.8876790777026
25200,10.732883976970077,4.523967971755787,261.52309097976377,9875,229.99881683265815,38,6.052600442964688
25201,10.656780365590114,4.356901086604811,311.2349052002934,11402,287.23317569290947,38,7.558767781392355
25202,9.648823982640678,3.562763261413594,146.0393618056501,4478,109.96543121117634,29,3.791911421075046
25203,10.018587604853781,3.837180481970213,279.28155030328486,9124,184.52027666921606,32,5.766258645913002
25204,9.50766990549213,3.297584205086364,117.5257820281633,3352,109.1959151166153,27,4.044293152467233
25205,6.656082337253769,2.691826727637446,44.60702949655509,1024,44.06497527594286,21,2.0983321559972787
25206,6.74839203513238,2.828757495931926,43.67554643648294,1025,37.7564501055326,22,1.7162022775242092
25207,6.345894108997364,2.572115261536854,52.07781492607951,1129,28.618734372984296,19,1.5062491775254891
25208,6.270264671468278,2.284101928579694,43.35807141964837,881,157.51607149963198,19,8.290319552612209
25210,6.09359874872211,2.2213318411207927,26.326686852114115,509,37.770761748008034,16,2.360672609250502
25211,5.994467583470937,2.1274689055963885,25.35002519810451,460,28.707697656818706,16,1.794231103551169
25214,6.4944214789431,2.361266585006628,39.527057359007024,808,33.330126467751114,18,1.8516736926528397
25217,6.638715490405808,2.769041597743916,46.26058703071092,1075,50.51871711112082,22,2.296305323232765
25218,6.485093654381047,2.610779193986682,49.7243648420552,1097,45.243439440816516,21,2.154449497181739
25219,6.468263188956694,2.4695527057822626,53.48425313531523,1176,26.30888922611637,20,1.3154444613058185
25220,6.225376431575352,2.145023934339701,26.954433589873826,503,27.80687994294277,16,1.7379299964339232
25221,6.3403831255331795,2.406976968854662,23.784026666615773,478,29.2549020551572,17,1.7208765914798352
25222,6.625691372339315,2.4910248479430495,38.846931836631626,858,27.184283056098874,19,1.4307517397946776
25227,15.660300706247712,4.752402128082464,332.0746343846898,12349,240.24683328516755,44,5.460155301935626
25228,15.765109346508625,4.727909093564601,272.3391645885643,10068,166.6687462507708,44,3.7879260511538817
25229,15.446475314091355,4.414091454691194,150.56953272218547,5187,134.95804563869225,40,3.373951140967306
25230,15.477816085200597,4.5908141301841505,118.51387461961237,4220,122.60686075694575,42,2.91921097040347
25233,15.311144967180734,4.596741198659003,146.1060038469932,5185,119.49428776343859,43,2.77893692473113
25234,15.639098911253651,4.536994087757676,155.73460472048154,5519,230.07091853328768,43,5.350486477518318
25235,15.227837680713792,4.598136596361931,156.65523300209838,5571,101.51594666191974,43,2.3608359688818545
25236,15.517137836212232,4.475418117711157,82.19427171257864,2842,83.002632180405,42,1.9762531471525
25237,15.24052746335339,4.473071261239277,85.21885698252078,2901,91.21110373283463,42,2.171692946019872
25240,15.601092710203812,4.431030341518777,68.79431806705175,2367,92.49160496201785,43,2.150967557256229
25241,15.37042191778198,4.644014502793873,64.15575391612765,2263,109.55825455887341,45,2.434627879086076
25247,15.564736252726673,4.540536096105897,184.47027474762226,6534,185.07957228746181,44,4.206353915624132
25248,15.661031543879142,4.738248511006634,180.3196445915899,6522,230.82167779619243,46,5.017862560786792
25249,15.935940432046225,4.558882560161629,84.44952290671594,2950,116.14292276950118,44,2.639611881125027
25251,15.600943220235703,4.653546731277161,83.34813067975625,2972,96.40517421855968,45,2.1423372048568816
25252,15.644698209551471,4.672458035993193,81.51411850367339,2912,137.10101030714583,46,2.980456745807518
25255,14.843546741208884,5.7945250526562875,343.1543044284633,14852,349.7508482552392,58,6.030187038883434
25256,14.851338890486094,5.656831701173347,247.19089891129755,10592,246.65154839920206,57,4.327220147354422
25257,14.925404712305443,5.5781655977887805,208.4654896409746,8846,213.0579410518248,57,3.7378586149442947
25258,14.327649789025369,4.964753196090473,279.9097065709872,10393,1673.1742979597607,51,32.807339175681584
25259,14.201592559861382,4.903292921139006,261.04104786513767,9619,216.8878628642296,51,4.2527031934162665
25262,14.323832170281062,4.852049318168347,323.6023392798448,11863,550.6646701970947,51,10.797346474452837
25263,14.374787180736059,4.989477546860187,330.82728059381776,12447,274.62769711488215,51,5.3848568061741595
25264,14.507971697502228,5.046697295629112,275.47739274721727,10478,175.555596116507,51,3.4422665905197447
25265,13.800341541175737,4.605767661382927,175.19049555667976,6036,125.31381733102464,47,2.666251432574992
25266,14.060392409674913,4.564377990984837,172.95622661220074,5893,190.86116407753332,48,3.9762742516152776
25269,13.889407897978604,4.658179353606698,117.48097186261887,4063,593.5883141337349,51,11.63898655164186
25272,14.421181104319004,5.112327997397097,287.09382695138555,10943,384.9373459578991,54,7.128469369590724
25273,14.295984761988082,5.271345835082396,302.7749878056974,11813,378.3805532542242,55,6.879646422804076
25275,14.046290578750193,5.168163716582272,168.4159330394279,6387,389.67927924981643,55,7.0850778045421166
25276,13.986779494225695,5.503069112183415,157.65181622848763,6180,326.90601633160276,56,5.837607434492907
25277,14.138433949788048,5.341402686913465,158.4453500394554,6063,344.39514454622207,56,6.149913295468251
25279,13.67299349294867,5.170189986687283,110.97626615371847,4109,244.09083863328465,53,4.605487521382729
25280,9.634881427867464,4.2756666397661505,271.98307922934447,9183,147.60626627276253,38,3.8843754282305927
25281,9.53257856252865,4.104691092617915,284.8919264781176,9459,118.04835528864737,37,3.1904960888823615
25282,9.225189320663405,3.5937801539365144,133.801401674431,3847,103.37393274034325,31,3.334642991623976
25283,9.108682040266864,3.6942102304169766,142.75140969531392,4182,66.13046540384632,31,2.1332408194789134
25286,9.602352984346822,4.365515832619832,308.711081533587,10648,251.32697895026593,39,6.44428151154528
25287,9.5809583169799,4.2321017920945785,280.86048774482975,9478,110.96564747480286,37,2.9990715533730503
25288,9.639553691023618,4.222059584325724,194.8000503556856,6580,121.41553184497178,37,3.281500860674913
25289,9.198511718291389,3.7354909599477133,164.17444287307345,4898,313.64164282872775,33,9.504292206931144
25290,9.126670130595002,3.8454169319566893,149.55858112091124,4580,215.8958660896523,34,6.349878414401537
25293,9.136975001432347,4.008795612474512,165.10313368016588,5213,72.53175110875968,35,2.0723357459645624
25295,9.673698328520526,4.283039201916757,314.40125317159595,10541,368.8938776636322,39,9.45881737599057
25296,9.633839289215212,4.260360069615931,287.0607373427153,9582,130.89555592396553,38,3.444619892735935
25298,9.312339176736769,4.613530122977866,200.39860028205925,6905,283.48155419229863,41,6.914184248592649
25299,9.164522094266381,4.848385753219729,53.789541484489185,1927,100.79611716899828,41,2.45844188217069
25300,9.522763108209187,4.654164631790806,218.7948114995037,7622,161.8398177406943,41,3.947312627821812
25301,9.355418182280975,4.633688793027258,157.79674073201426,5527,155.79169400339427,41,3.7997974147169336
25303,9.252427097678002,3.9318170238889194,89.4027920801372,2736,55.89267455415394,33,1.6937174107319377
25305,9.033513802101822,3.709417187721485,148.96080750871474,4288,58.70205042169688,32,1.8344390756780276
25306,9.184848155759875,3.620737194402584,74.50081770738836,2142,31.964489410075007,31,1.0311125616153227
25309,9.56814168397586,4.208910016536152,266.13901044947653,8922,1820.0093747965266,38,47.894983547277015
25310,9.780638803566552,4.235939018495914,73.19416926961175,2446,112.71381164518343,38,2.9661529380311427
25311,9.655212958671836,4.18295867851482,182.54703058649227,6059,279.1756561119999,38,7.34672779242105
25312,9.139403065754326,3.688874509396446,139.57191407785118,4116,85.54571893875438,32,2.6733037168360743
25313,9.207065358137651,3.6208016938568153,145.82949098966407,4254,314.00038240655044,33,9.5151631032288
25314,9.733960979110414,4.219887234437218,117.55803366743353,3963,55.457503491348156,36,1.5404862080930044
25315,9.662537113523324,4.135473811074124,280.8655149829427,9342,148.02033319658844,38,3.8952719262260116
25316,9.33826004351452,3.8226415351165284,145.57856031535582,4413,96.55498208363214,33,2.9259085479888527
25317,9.245139652491075,3.9775392352451675,164.50975476171087,5112,112.7658634634994,36,3.1323850962083166
25318,5.949709838375363,2.577137369497203,39.4730714808592,812,22.098904837344676,21,1.052328801778318
25319,5.858918694373513,2.404026984256596,40.18145043707438,785,23.9676184336061,19,1.261453601768742
25320,6.458823648197591,2.4858614084231685,13.08110259288159,268,33.03883158737646,19,1.7388858730198136
25321,6.244462650361045,2.51289579421489,18.540727119083325,381,18.008887851488527,20,0.9004443925744263
25322,6.146355657802408,2.867698790131421,18.8131285215829,426,37.34387578362596,20,1.867193789181298
25323,5.945646521146791,2.3284057167364898,25.858725628476602,477,30.3749753615488,18,1.6874986311971556
25328,6.343522770202227,2.722035206048718,43.46196576908396,954,24.551411607041537,21,1.1691148384305494
25329,6.131160108670919,2.585826983462438,48.798135170598925,1009,60.850555500368735,21,2.8976455000175587
25330,6.165359272998591,2.443225661993591,41.87593694689908,853,27.23701292265345,21,1.29700061536445
25331,6.37099558314207,2.625925652857773,48.09426842936011,1036,43.252956753613894,21,2.0596646073149474
25333,5.88728159748248,2.3880377735711886,24.356872124990065,484,35.605574741644375,19,1.8739776179812828
25334,6.159333933235834,2.6761880362673733,24.115050389297053,501,33.47846067211033,20,1.6739230336055164
25336,6.087476202309216,2.3365898453961074,30.688317729112075,589,36.64953868603919,19,1.9289230887389048
25337,5.851533926058772,2.691943725904937,25.710436068189587,537,46.08773264152245,21,2.1946539353105927
25338,6.084986937375649,2.3454718774067014,23.19275425771617,432,23.030013373043616,19,1.2121059670022956
25340,5.957045584527742,2.749708648903764,23.618182982693707,508,23.054601973624425,22,1.0479364533465647
25341,6.009952262938507,2.6841694301023225,12.687119776809116,268,22.647824800221088,22,1.0294465818282312
25342,5.770174452582955,2.621897334503049,19.464985963960334,399,46.61322259156198,21,2.2196772662648563
25343,6.255218843425385,2.8353323171741565,20.07792310830065,442,33.608863083370544,22,1.527675594698661
25344,6.281806980989555,2.6094515505362676,39.49365154069571,823,60.880863734958034,21,2.899088749283716
25345,6.335372968181299,2.6822462496999226,21.609611000313,462,20.22932597519679,22,0.9195148170543995
25356,8.941210554822561,3.5716965423706806,317.217638334012,9019,85.09109268333594,32,2.6590966463542483
25357,9.141106205479277,3.733813525919025,307.4293202494523,9023,107.00334603334491,33,3.2425256373740883
25358,9.057309814143577,3.6615445576620425,286.3788168064343,8283,103.73692977292532,32,3.2417790554039163
25359,8.86766236931604,3.3424730697868617,187.59062691628822,4971,44.39861853442937,28,1.5856649476581917
25360,8.887193903730024,3.3454075877048686,190.77911462240397,5109,68.24874900053895,29,2.353405137949619
25363,9.18182968004964,3.8899585997423167,380.14886072880586,11569,89.61443526725064,35,2.560412436207161
25364,9.309837040166828,3.984219030517649,445.52921462358324,13847,189.16254081808302,36,5.2545150227245285
25365,8.851807004671048,3.5677852468406432,252.3749943825526,7072,78.56042570508542,31,2.5342072808092073
25366,9.13242442896847,3.44580019067793,129.8068284806468,3567,46.025793230076744,30,1.5341931076692248
25368,8.638763142839837,3.550796796982833,130.74147077972705,3631,658.9413187535658,32,20.591916211048932
25370,9.11223646221848,3.4939196903165484,12.32192957399653,324,37.18483303482859,31,1.1995107430589869
25371,9.158178360748543,3.753686751757119,322.3767083428872,9417,106.61280572468156,34,3.135670756608281
25372,8.977410072430015,3.855655591510814,362.4514495553459,10735,171.0171927596976,35,4.886205507419931
25374,8.94702759322617,4.011903392208233,271.44480993424895,8104,536.1225622857079,37,14.489798980694808
25375,8.83734989806367,4.110985594953823,182.92973863920324,5527,166.51164884011615,36,4.625323578892115
25376,8.999364558062798,3.9652809349657594,175.54101102274802,5194,269.25330496155584,37,7.27711635031232
25379,9.221737053160895,4.4022634613337335,345.97601590472556,11440,219.52801367838637,39,5.628923427650933
25380,9.154884976878682,3.6777247401229722,326.6646154827697,9475,324.66642933601406,33,9.83837664654588
25381,8.990936606829337,3.6423366969728526,402.2967745130456,11630,111.27872542886088,32,3.4774601696519025
25382,8.95343677211504,3.490018795492489,193.1077986091317,5320,109.09231423264764,30,3.636410474421588
25383,8.77903433736557,3.595782454640322,154.11379945997487,4304,53.96783421773981,32,1.686494819304369
25384,8.248331310602468,3.2459063413451856,93.53979294039361,2397,54.84947919004882,28,1.958909971073172
25385,8.529518371279668,3.210244180561988,272.2382330276245,6887,69.41058609873946,27,2.5707624481014615
25386,8.490264476052483,3.370602250429366,261.22380683327555,6856,140.62099843357484,29,4.848999945985339
25387,8.582185696641028,3.224623502926126,230.97325642144926,5855,358.0611944865741,28,12.787899803091932
25388,8.373866484205081,3.103960372366503,114.33715129965987,2823,35.42243194094505,25,1.4168972776378022
25389,8.436399629944386,3.1615049936236246,110.22478952043876,2716,180.7661589937536,27,6.695042925694578
25394,8.435795007427526,3.227071912824412,87.3236134193487,2175,43.28160406186536,28,1.5457715736380486
25395,8.686543109618068,3.206504527491361,75.25775773048098,1875,35.09734880499461,27,1.299901807592393
25423,8.869553482160066,2.737137001112464,130.8643781791447,3101,50.33528582855052,21,2.39691837278812
25424,8.708198594803045,2.69135223662177,118.81767102438667,2793,52.503227815856725,20,2.625161390792836
25425,8.953846001308975,2.856974601532234,117.79556974572465,2874,65.52508371153245,22,2.9784128959787477
25426,8.791821165868377,2.8861522948940492,112.2062140540619,2774,259.22847379618094,22,11.78311244528095
25427,8.55585138981865,2.7033838389248177,118.49553743517211,2796,81.47130156798144,22,3.703240980362793
25428,8.917865500388457,2.7366612383627134,139.7821768080602,3338,55.67562430375021,21,2.6512202049404863
25429,8.86730480686684,2.6532703440222933,61.808688071475395,1419,35.11655921290835,20,1.7558279606454175
25430,8.608154148006797,2.6169308682602566,58.60570813829239,1335,62.2409233819327,20,3.1120461690966352
25432,8.566794007979428,2.7948697543299494,61.42923352992258,1452,40.12525248935877,21,1.9107263090170843
25433,8.673331923355612,2.7098248544635832,42.84078905622684,1000,38.261167917878595,20,1.9130583958939298
25434,9.353550338667766,3.176122449138305,195.0313161703917,5279,612.5121789996981,26,23.55816073075762
25435,9.228987861292497,3.253645671630068,195.4491591930033,5422,289.57392443830105,26,11.137458632242348
25436,9.211646036587537,3.206087176047227,214.89581633496022,5969,198.78905729405778,26,7.645732972848377
25437,9.110216029559787,3.196266689712335,201.21908059979103,5558,110.28299017787917,25,4.411319607115167
25438,9.273462890351174,3.083183984792436,99.60604412272262,2668,52.19705774634592,24,2.1748774060977465
25439,8.923004633947315,2.888578573195043,88.67311005657135,2255,70.02009002597246,23,3.0443517402596725
25440,9.056968604457834,3.190531131778963,65.07217601611721,1776,69.66628822782467,25,2.7866515291129867
25441,9.141781820323981,3.147292833532845,90.61022864920972,2444,129.30529103001922,25,5.172211641200769
25442,9.31129795329283,3.2126525258884375,217.83432460681695,6043,214.0276070970088,26,8.231831042192645
25443,10.81526747986302,4.450960698940172,284.68583271378924,10610,275.41256322648604,38,7.247699032275949
25444,10.851481579961982,4.450917460693803,239.9919134944215,9029,230.01476203172015,39,5.8978144110697475
25445,10.85514253010834,4.471713963201262,288.25390505914316,10808,387.2387880432342,38,10.190494422190374
25446,9.826290412461997,3.5918315960253513,147.3823705006674,4522,96.84020581705056,29,3.339317441967261
25447,10.023447096487962,3.5446718822993137,89.6637617171202,2752,105.75734185128243,29,3.6468048914235323
25448,10.276866892666616,4.058088250791651,198.7178618387586,6916,149.37509974276924,34,4.393385286552037
25449,10.451736026044536,4.287989309063612,220.56597715056,7908,176.0626386293945,35,5.030361103696986
25450,10.373363514708098,4.18055299199781,182.34224669038844,6426,168.42927544513904,35,4.8122650127182585
25451,9.678828987122438,3.4849510594771274,112.84464277813838,3359,55.56107067771363,28,1.9843239527754868
25452,9.532636979759559,3.43440732166739,113.17428815847758,3351,84.39421462192325,28,3.0140790936401163
25453,10.04957198386361,3.777440760945861,120.18624285457012,3865,146.93458304147813,31,4.7398252594025205
25455,12.884255486655398,6.832293276122553,2.7210501551560125,139,31.787868279156577,45,0.7063970728701462
25457,12.233191351722628,6.767501932720144,5.3210646416022405,272,63.68092570656968,50,1.2736185141313936
25459,13.73586256216966,6.296048042517497,3.6113848847239907,179,48.09170655095277,39,1.2331206807936608
25462,10.033860082337096,4.2991693042990216,4.4696413155972525,167,41.21374213258683,38,1.084572161383864
25463,8.907558339951148,6.043017290331892,1.6358379994905097,72,11.264738703920186,32,0.3520230844975058
25464,8.994019640090952,3.068925070089441,0.7024502345623712,20,4.997245400311396,10,0.4997245400311396
25465,8.443412239719855,3.097572425583946,3.611378561215426,86,29.289518732985673,24,1.2203966138744031
25466,7.8152367232177244,4.1534100072047035,1.9349754912353436,56,11.094424151160622,27,0.4109045981911341
25467,10.147120741847834,4.371792189293103,5.0109566258977924,168,47.44376793928221,32,1.482617748102569
25468,8.146188600198737,4.593680127854924,3.5654943087107713,124,34.08734350011996,31,1.0995917258103212
25484,10.916870048448077,4.744078577151138,208.934798633582,8098,245.02599149205128,39,6.282717730565417
25485,10.893818306424986,4.555076735153905,263.5822178781877,10053,240.93159517008664,40,6.023289879252166
25486,10.81540534383285,4.59081804362775,268.30322818789864,10320,762.4593338464424,40,19.06148334616106
25487,10.843564608023017,4.585209489251394,271.15373530462807,10450,386.5009301543183,40,9.662523253857959
25488,10.891691918209807,4.662835600026635,276.15658500768404,10681,271.0168582844486,39,6.949150212421758
25489,10.138810524144464,3.588812061631978,162.27916227592968,5033,554.5764448680147,30,18.48588149560049
25490,9.837683241837446,3.674907749998676,120.18396172067003,3755,199.98877662374542,29,6.896164711163635
25491,10.258527876876977,4.358191422939597,228.07023844420473,8298,286.6009037703639,37,7.745970372171998
25492,10.141663308715673,4.091280804032011,225.49367963256358,7804,313.6975243263298,35,8.962786409323709
25493,10.246005931063747,4.053857361001639,218.30597789531524,7511,205.26950125941127,34,6.037338272335625
25494,10.08582326356745,4.084776059345077,180.26411295270762,6271,187.0417398616307,35,5.344049710332306
25495,10.058689403475679,4.056654891005839,250.9909412893106,8664,198.1369898261375,34,5.827558524298162
25496,9.486696279681318,3.4912768762081163,110.35311186751875,3285,176.94476518488133,28,6.319455899460047
25497,9.658395891582735,3.562171468923873,115.60212209460153,3516,60.835477476249146,28,2.172695624151755
25498,9.664715398241196,3.478071171651767,128.00166131920818,3859,181.8688246153229,30,6.062294153844096
25499,11.041591484984492,4.9296634639958015,134.1589018803361,5451,222.6141584619665,44,5.05941269231742
25500,11.100741866771813,4.959261795115948,120.72186362254142,4937,207.5866197473525,43,4.827595808077965
25501,11.155793466163441,4.94815444959822,139.5516014754499,5660,313.2355535796417,43,7.284547757666086
25502,11.00011262841617,4.846148623618989,138.44194107572977,5535,458.4971025698759,43,10.662723315578509
25503,11.21042641748521,4.97252235645173,132.90807822256122,5461,188.61294168000305,42,4.490784325714358
25504,10.041487244812037,4.047911871236608,65.8031953213858,2240,86.1705021554899,32,2.6928281923590593
25505,10.295839557639544,3.7725902386052295,69.81862454465788,2277,52.85033147859484,31,1.7048494025353174
25506,11.005912336298055,4.94228406331281,139.15201208369302,5688,276.97495619682974,44,6.2948853681097665
25507,11.12033932771257,4.694969966525488,162.38425770115717,6325,382.2966951878032,42,9.102302266376267
25508,10.908249750437058,4.837271285351404,141.58379472191726,5713,263.52679942252024,42,6.274447605298101
25509,11.106310320480963,5.002739636858482,136.91383232319956,5652,313.0303054253642,44,7.114325123303732
25510,10.90226207949141,4.931721330612038,48.45770168602553,1976,97.12434517569721,43,2.2587057017604004
25511,11.116223692364477,5.279817868157835,84.27372159615875,3577,134.7716534768798,44,3.062992124474541
25512,10.266331827647116,3.7506627328628537,72.67765510586547,2326,56.22306350240791,30,1.8741021167469303
25513,9.962183884689919,3.9120327000543913,69.76242081696297,2279,59.27748926418905,32,1.8524215395059078
25514,10.119484772181302,4.114812305613793,58.79558173381996,2074,72.94112700765423,34,2.145327264931007
25515,10.973408011633836,4.5946030322062095,16.32939243863455,625,51.610645934616876,38,1.3581748930162336
25516,10.883755090629343,4.623009877309559,111.1956089011605,4251,148.1497717120463,40,3.703744292801157
25517,10.600680595316561,4.5322158476347765,122.129322764194,4663,228.44006451484046,41,5.571708890605865
25518,10.89068677546517,4.692449934371605,134.41148013665466,5244,162.13194459715734,40,4.053298614928933
25519,10.707845680589093,4.493528874784424,127.20508992998346,4815,236.97107127913023,41,5.77978222632025
25520,10.817614473597938,4.651438655035454,133.17932296947336,5167,172.6799736612162,39,4.427691632338877
25532,11.2543984498209,5.034214965243943,133.64936932490215,5574,279.02982850826436,44,6.3415870115514625
25533,11.053908702672326,5.007898595949551,77.70970686877713,3170,166.74011217865618,45,3.7053358261923597
25534,11.010369696177747,5.091196438901035,103.65539584552657,4236,303.77647194313744,43,7.064569114956685
25536,11.274727473421029,5.307607295174595,33.22028868858235,1427,98.08690301673778,43,2.281090767831111
25538,11.059555047910598,5.172074409524449,120.23983570658692,5062,192.94216988367768,44,4.385049315538129
25539,9.8914754362101,4.801608789666832,142.96099591408657,5231,108.09008779764604,42,2.573573518991572
25540,9.749396367922406,4.657944835010541,158.429974933488,5766,404.69081316173595,41,9.870507638091121
25541,9.895512181161791,4.565249481203473,150.1561242710008,5394,242.07840924525493,40,6.051960231131373
25542,9.631097138811839,4.418618152852188,169.20081355737307,5932,108.2718577438533,40,2.7067964435963328
25543,9.600621130293318,4.69487694588732,160.13029891503612,5887,102.47536885191573,40,2.5618842212978934
25544,9.451338484923385,5.079711331882846,146.46977087570693,5583,125.49100192203791,43,2.918395393535765
25545,9.757305406577293,4.757165407503718,124.70981288186823,4569,89.09795565079172,42,2.1213798964474218
25546,9.641573707766437,4.7200093608545615,149.64130772024276,5382,143.9454754389013,42,3.427273224735745
25547,9.873740898068737,4.578654356643389,172.00611354341288,6203,106.88158701456358,41,2.606867975964965
25548,9.747984398404247,4.468798590561588,90.74591316181922,3210,49.64034910327072,40,1.241008727581768
