run,mean,std_dev,amplitude,nevents,chi2,ndf,chi2_ndf
23861,11.692462250681974,4.254064900557505,12.783940400425683,449,38.54958643576599,35,1.1014167553075997
23862,11.653848486581715,4.330744460776444,14.073926817842603,484,69.14205935730811,33,2.095213919918428
23864,11.909366485501716,4.8192181383703865,11.368279526285912,442,55.19819367701828,40,1.379954841925457
23865,11.482272159058903,4.376873379968846,7.085527404922368,262,58.25626849284815,35,1.6644648140813758
23866,11.599985032693423,4.310739917528499,5.093914660555915,178,52.13464221523383,33,1.5798376428858738
23867,11.29836295597141,3.942872848397822,11.215617574291441,381,51.51562387716203,34,1.5151654081518244
23868,11.439958806511054,3.8747832422968753,12.273379658966991,405,46.453597349520805,31,1.4985031403071227
23876,1.2798467010951184,0.6464525112192778,14.00215793070661,173,1.896105475444597,4,0.47402636886114924
23878,-0.8344320410866432,3.5355753335314444,5.922990615738495,129,21.228681472604077,9,2.3587423858448973
23879,2.292508699335796,1.329373828643067,3.2310064788741424,111,11.413581370728984,6,1.902263561788164
23880,-0.7983320574556133,2.142259004996114,6.9197690227966335,102,1.4802605336172585,5,0.2960521067234517
23881,-9.003251275986122,6.808794990575779,14.890002642753917,116,18.828361338604687,10,1.8828361338604687
23882,1.1443252470584855,1.3986045300882026,5.906846192571277,119,8.146357559253886,4,2.0365893898134715
23883,-0.4895024896293182,5.185244588902794,4.8594449152644685,135,22.16351856990848,16,1.38521991061928
23884,1.241149980767736,0.8235539735452289,7.7353987441094105,140,7.009115563102728,5,1.4018231126205456
23885,1.3244008859072747,0.4687937556564085,3.924961253019654,54,0.1781425434028977,1,0.1781425434028977
23886,1.4497135219617967,3.6803762513082146,4.141249252578389,133,30.549590429669635,13,2.349968494589972
23887,-1.0947939134604636,3.591177972173099,6.958141864566407,148,9.641514605193047,10,0.9641514605193047
23888,-147.51877367058503,13.945063965767702,2.217883800695442e+25,110,7.806883086351596,3,2.6022943621171986
23889,1.951319669899182,1.252601168107715,4.2966806213829445,114,10.168866129248846,5,2.033773225849769
23890,0.8208656917678208,0.36327271118768284,5.295623801142459,68,,,
23891,2.4173213722780837,1.4238287796537832,1.251937527661932,46,1.2983100570539738,5,0.25966201141079476
23892,-42.74325977358929,14.62900853465286,874.2045400653428,250,55.96451278846574,18,3.109139599359208
23893,-0.07479505418374155,2.1363982503290733,11.40899997059868,208,10.674298773096279,6,1.7790497955160465
23894,1.2466974834387812,2.5070745110919206,7.126782036027193,216,7.149375288084485,13,0.5499519452372681
23895,0.5239455008081713,3.2747315657476337,8.22497247324864,204,16.498576526634576,11,1.499870593330416
23896,-2.1830290963685113,2.200154357856019,10.555555760562303,107,2.3578970368157686,2,1.1789485184078843
23897,2.473724952308209,4.113882272676232,5.624239114649007,198,26.50483248252523,17,1.5591077930897195
23898,-0.5979276106665943,3.0800577223304124,12.603293473427778,233,28.911676241923484,11,2.628334203811226
23899,-23.561246467832994,10.190360803469876,215.4498662717294,257,30.48357717523945,15,2.0322384783492966
23900,1.5437105126326884,1.9487649630327135,11.891112507657544,284,5.392188732939454,9,0.5991320814377171
23901,1.1610382482880435,0.39685861124808486,3.446430006951595,42,,,
23902,1.1844826577520755,0.5143393949263456,11.461252033220786,144,2.136291156960565,2,1.0681455784802825
23903,0.3996335314662715,2.967716235713402,1.2325042512842748,26,1.9465222505100805,6,0.3244203750850134
23904,0.6428448086670063,0.6993210767620179,15.569835844462165,206,1.649841734401904,1,1.649841734401904
23905,0.9138371499850508,1.1383135838340899,12.20815806489495,198,1.2997738199088966,3,0.4332579399696322
23906,1.2177563628831118,0.870903439935263,8.348726170317999,176,2.884648523721818,3,0.9615495079072726
23907,1.1532180144643929,0.40259543108946333,14.312399737297154,182,2.0909611610365135,3,0.6969870536788378
23908,1.386014196384407,0.4648767925271241,3.5275755259727295,56,0.8111255669438788,1,0.8111255669438788
23942,1.6929156132718446,1.0689058566468277,3.1000958540024355,74,5.727700299755163,5,1.1455400599510326
23943,4.73572405971676,3.7392184568748976,0.6959788669960953,24,5.810591895692861,7,0.8300845565275515
23944,0.8616984901840357,2.9212900501538215,7.231884941532525,185,13.648603488347886,9,1.5165114987053208
23945,1.3671979515263946,1.0705753572228194,5.0576110847598885,110,16.968726495494316,4,4.242181623873579
23946,1.2501461709605086,0.5276000284968335,10.51871529764725,171,1.0166266511370168,2,0.5083133255685084
23947,1.0111658496259461,0.38714637906192806,12.798448470921691,154,1.5357468745669072,1,1.5357468745669072
23948,0.9758246994903889,0.4868069362404708,13.079071583845748,159,0.20680522439136467,1,0.20680522439136467
23949,0.9126305210905861,0.10023477293625763,10.00643564818052,20,,,
23950,0.8143734475687919,1.100159188793163,11.912484705277055,211,2.225207877751498,3,0.7417359592504993
23951,-1.5197527376876647,1.9707195083872664,33.29522773640213,257,3.7100517158174062,3,1.2366839052724687
23952,1.1958127462346906,0.687560090015505,10.326043812831003,200,5.729062476258665,4,1.4322656190646663
23953,1.122295431579811,1.1492763898564828,12.534519533983019,194,14.5487451397764,5,2.90974902795528
23954,0.39724300120544226,4.3281249217741475,3.532817846785545,73,11.443528316195168,15,0.7629018877463446
23955,1.2498174054145088,0.6002545295660529,8.385811078341128,125,0.4725350471567767,3,0.15751168238559224
23956,3.460143387325955,2.2437507729828785,1.4378368225534524,29,4.492251598682806,11,0.4083865089711642
23957,25.82211998764514,6.080634912660076,0.5862751840470486,29,11.311940415201876,16,0.7069962759501173
23960,25.937723761514647,7.89456213158826,1.546506463159139,83,20.84825689989538,42,0.4963870690451281
23961,19.90287023375749,6.02750682662629,0.6803994509396174,38,10.008013566389204,19,0.5267375561257476
23962,17.85414099337405,5.702604799353899,0.4921040234074663,24,8.759600266425503,11,0.7963272969477729
23964,28.4620709247813,9.854456224951772,1.90566070039641,122,20.652012568199282,51,0.40494142290586826
23965,26.471316392842642,7.523048840659095,1.8644143443892456,101,21.120353703105383,43,0.49117101635128796
23966,23.313594954361655,7.998146650729811,2.319104448202835,138,42.91650509611681,52,0.825317405694554
23967,23.5237885590497,6.114975123363469,1.4983373910433746,69,16.990776369710407,29,0.5858888403348416
23969,24.799209751143234,6.554323801456967,2.055253626463573,102,22.5923196696858,42,0.5379123730877572
23970,23.524263766402978,5.533311090432055,2.502775217553461,105,24.896531207174135,48,0.5186777334827944
23972,24.376481562282034,7.66158079586816,1.1233373372887514,59,14.122685257259926,36,0.3922968127016646
23973,24.42205561358912,8.361315506999224,0.3358251108656494,19,10.658901443657726,12,0.8882417869714772
23974,22.09625055533331,7.754360279869745,1.1182674582502257,64,16.727728462442094,32,0.5227415144513154
23975,22.63472884924509,6.590850937946017,0.44435816977964815,23,9.587700547854812,13,0.7375154267580625
23977,20.368851857082163,7.317298032856571,3.643597675520817,190,66.52090160357855,57,1.1670333614662904
23979,18.200626570630096,6.122901774371465,2.794775983221425,131,35.27615459595772,49,0.7199215223664841
23980,21.208408416297527,6.714159762282336,2.020033436564283,102,29.10492767487083,49,0.5939781158136904
23981,18.43617721075411,8.603453791550946,2.633737360789483,161,44.02352548918262,60,0.7337254248197103
23982,20.994564429634128,6.697476808525704,1.1044908826913324,52,18.687564965353644,29,0.6443987919087464
23983,20.81240859309194,6.764893566753806,4.298239069657042,206,47.55288552911899,60,0.7925480921519832
23984,18.867391162001418,6.404095931909763,2.3981154457485085,114,30.56077290320002,44,0.6945630205272733
23985,19.01842504359645,7.0796361008906326,4.051044285420195,207,29.152023013728638,53,0.5500381700703516
23986,21.242059948883213,7.463133496559996,3.9447896653107533,212,73.24395644234363,53,1.3819614423083704
23987,19.130603469722786,5.979855950510061,3.718575323107232,164,46.0531270148153,55,0.8373295820875509
23988,20.40847210594566,7.094219913533244,3.4578619325916864,176,51.66904352993147,56,0.9226614916059191
23989,22.84153465744891,9.73268938744716,3.8936165480177456,259,81.25395842153922,72,1.128527200299156
23990,17.660228536380426,4.87554528032136,3.575369451012645,143,21.780379218714337,39,0.5584712620183163
23991,17.922900411781004,4.148697324609239,1.9270980542493195,64,11.225613454315027,24,0.4677338939297928
23992,21.968784960375764,9.481352770327275,4.093544481768828,261,67.97643713532007,70,0.971091959076001
23993,21.406313448063898,7.3299422498655105,6.885208165141635,360,80.1777724162915,67,1.1966831703924106
23994,21.691979050791577,8.422375961521793,5.693084871922787,333,87.08559080410767,75,1.1611412107214356
23995,21.249850556353394,7.78290091373437,4.708339940243697,268,49.33759752808879,66,0.7475393564861939
23996,19.40337225200739,5.6300820381891175,5.004648677938758,232,42.400314384933225,45,0.9422292085540717
23998,18.55973934884159,4.703955898312918,3.9525423491115683,143,45.76589775083477,37,1.2369161554279666
23999,21.41264216081031,8.215269782787535,2.6373723319490283,148,46.41114378193468,53,0.8756819581497111
24001,20.880175810905726,8.34698168238831,4.347861012096588,251,60.69680098560252,74,0.82022704034598
24002,22.03985478557311,7.6726294454617685,4.896463847948,260,58.61701553852896,69,0.8495219643265066
24003,22.484177207393255,8.498555397275831,4.3329477314594085,254,77.49338577861839,70,1.107048368265977
24004,19.46896235182753,5.07016354367411,4.110161671651464,176,40.26355982806463,41,0.9820380445869422
24005,19.01307582216954,7.516932006936138,3.805575877229306,199,61.37089679379321,64,0.9589202624030189
24006,19.9174263445019,7.322409570257853,3.4291736851922248,179,48.66858250757809,65,0.7487474231935091
24007,19.844091810685,5.529129233783698,4.3037285211220375,192,66.08993616273128,61,1.0834415764382177
24008,19.54411525020555,6.253671415971125,0.8788965785127648,41,19.910703154041958,24,0.8296126314184149
24009,21.052427020414733,7.780599682707331,4.319993469896394,238,82.22733522321056,66,1.2458687155031902
24010,20.604416920477636,7.33478889076465,4.559371658111527,235,61.26742526509059,64,0.9573035197670404
24011,22.277633045625077,9.747499131003012,3.508788589398636,227,80.57185513344717,68,1.1848802225506938
24012,21.517102814723653,8.077443008425922,4.025487430529064,227,74.01903343254499,67,1.1047616930230595
24013,20.90829208737851,8.202297020119735,4.4521414668676345,245,108.48701119630827,70,1.5498144456615468
24014,21.27360374392024,8.021188679366357,4.756765976044593,269,83.87132868900879,66,1.2707777074092241
24015,18.803903389289808,6.450374432766098,3.7477659707848225,188,48.79938650976021,49,0.9959058471379635
24016,15.914452471939837,4.304532413282133,2.521412342834206,90,18.220358991956537,28,0.6507271068555907
24019,20.42978976241939,7.065485841077434,5.351369166807713,281,95.82864518810602,62,1.545623309485581
24020,20.967546653272365,9.14738276469313,4.530234154378489,271,72.35445459352641,70,1.0336350656218058
24021,19.55126776265089,7.473579159071178,5.4257700276273,284,80.39056306046534,71,1.1322614515558498
24022,21.220786167346297,6.816449114149601,5.754237940582728,290,99.69834215357592,67,1.4880349575160585
24023,17.685473892722424,4.174382049835842,1.4035259754716358,50,6.678587399305794,22,0.30357215451389974
24024,17.95059604826451,6.486279621770306,4.48124466499593,229,49.55322166657741,56,0.8848789583317395
24026,16.64347733808364,4.471762095976136,4.068757461360392,152,40.1741563502196,38,1.0572146407952525
24032,20.330733958800362,7.447656833909109,3.2431407639854815,174,37.764537147461546,54,0.6993432805085471
24039,17.150707048630412,5.635609969487734,0.7272888589970016,36,13.363539518094134,21,0.6363590246711492
24040,21.839440536857346,10.09449550004821,2.574283793171489,169,47.17523708961571,64,0.7371130795252455
24041,21.49269431125113,7.886425581289827,3.999622308411327,222,74.16673959839086,66,1.1237384787634979
24042,24.316330681980336,7.6033268132815435,4.157529954808411,218,59.08140790632443,58,1.0186449639021453
24043,17.28333320709349,5.894716657312348,3.2472824153494586,145,23.48673081146734,41,0.572847092962618
24047,21.90553812906342,6.804684185990802,4.09968299960464,213,64.37685886884243,55,1.1704883430698625
24048,22.1023219776494,8.383187649955484,3.164561668921313,191,51.460316674531626,58,0.8872468392160625
24049,19.448013387219227,6.994332085018112,4.1959772975788034,225,61.56967994206759,62,0.9930593539043159
24050,19.490491981689757,7.162934001422257,4.215546550094303,219,59.13037606657537,57,1.0373750187118487
24051,21.112036312535622,9.214784162069613,2.78582004090056,175,54.804687115381114,64,0.8563232361778299
24054,21.177367991912472,8.787173039041352,4.524093876519137,260,74.71684156525559,70,1.0673834509322226
24055,21.853169554318548,10.876815795505559,3.794003288581556,262,122.30818175590036,77,1.588417944881823
24056,21.480219254248606,8.26365083562011,4.813983966708348,275,64.58498058000933,68,0.9497791261766078
24057,21.262769985815186,8.618042741278812,3.7868154888432004,223,57.32320114118942,71,0.8073690301575975
24058,17.632284473335886,5.709607194236015,3.5558287763882754,159,41.61476489809372,50,0.8322952979618744
24059,15.69565900403693,4.667525543882592,2.716666121364794,101,19.72373867523651,29,0.6801289198357418
24060,20.265346322261344,6.853794285108053,5.443126200421091,272,73.41664646926885,61,1.203551581463424
24061,21.33884670729192,9.15093979494677,5.055833827819363,313,87.60674110820625,76,1.152720277739556
24062,20.42133543352448,8.773512567842554,5.040814085507051,292,119.27000763306214,77,1.548961138091716
24063,20.862348593489248,7.125268826979958,5.113434665096298,256,83.27264606388157,61,1.3651253453095338
24064,18.58932153826219,4.864677799223905,5.4535410681095176,231,23.139551973597502,39,0.5933218454768591
24065,18.737659462667008,5.533821694109314,4.101933299727365,182,26.046871991006718,41,0.6352895607562614
24066,18.93476354306339,6.487091074915985,2.6899565899625046,131,30.027398609989177,44,0.682440877499754
24067,20.7620546041693,7.755956926361726,3.8906107089582016,205,85.13700475766261,67,1.2707015635472032
24068,20.16643286657956,7.280243803115247,4.508011702444961,233,65.30349239057146,63,1.0365633712789122
24069,20.572211246145095,7.703781096658102,5.057744991969565,277,78.93806909529481,71,1.1118037900745747
24070,17.78643819453984,5.841966446743494,3.3969994429705257,158,44.7539195886634,40,1.118847989716585
24071,18.9917462075196,6.888323584918359,4.584145620043854,236,66.49613523577005,58,1.1464850902718975
24072,19.81212228031446,6.760725854429343,4.168740779602739,213,52.6845416934997,60,0.8780756948916617
24073,18.61239520498071,5.235479258672681,5.696823404717206,237,84.1551229666857,48,1.7532317284726187
24074,18.00593484845401,7.07224219658911,4.239726672109158,221,63.18663004939724,62,1.0191391943451167
24075,19.634689083827023,7.0471087043927785,3.130601441430153,171,46.70444118809256,62,0.7532974385176219
24076,20.279093305348116,7.772523005434307,3.517857540726266,190,67.56104468182956,63,1.0723975346322152
24079,20.16297107668488,7.953875677207666,3.536300829101008,198,41.21155076558124,61,0.6755991928783809
24080,21.019763716174666,7.925156912818113,3.9751469348095654,233,75.9361992386003,63,1.2053364958507984
24081,19.861869468099375,6.946042352388032,5.369432610729083,269,81.51700341105825,64,1.2737031782977852
24082,18.190055716051358,7.20560302919387,4.5113526057761595,241,115.74640570421491,75,1.543285409389532
24084,18.63821584900072,6.842318266265172,3.09886906271876,166,47.6616372528252,53,0.8992761745816076
24085,18.4139153729849,6.598914845697308,3.467723634694183,182,48.67844609227037,53,0.9184612470239693
24086,19.350578689884397,6.559133053083246,3.6604084771275924,174,63.10611943281626,53,1.1906814987323822
24087,21.2498534409661,8.763903589910685,5.430353575528829,316,86.16934017268346,74,1.1644505428741008
24089,12.734713864572155,5.7192092744637515,8.19888739684816,356,40.941762523173,46,0.8900383157211521
24091,11.235143984915295,5.031500628332253,6.462331803102761,263,73.61822498445466,41,1.7955664630354795
24092,12.458850582254785,5.178802917287683,9.282279467485989,394,47.130597637057946,47,1.0027786731288926
24093,12.47228678297156,5.393696947871562,9.022843371981283,398,80.17454179120908,54,1.4847137368742422
24094,12.987056707423775,5.598336767895665,9.099170218352578,399,87.06679143117901,50,1.7413358286235803
24095,10.757075669714062,3.617861670792643,6.502221839595202,204,27.76994254000217,30,0.9256647513334056
24096,10.179704632331282,3.9805831120463595,4.390532763766075,144,18.5853371138295,29,0.6408736935803275
24097,12.494281258907954,2.9337495615832094,1.2536457546783708,37,8.878798662880897,12,0.739899888573408
24098,11.946177768605219,4.464799233398578,10.505403262062218,396,58.931000372970175,44,1.339340917567504
24099,12.617722123031387,5.483346618700248,9.952303922413197,451,116.50175226688124,47,2.4787606865293883
24100,11.896029331614697,4.866691646511358,8.92928471358576,352,59.6295497771172,44,1.3552170403890271
24101,11.654338381256988,6.104258963899416,8.524922727241224,400,72.73656851972501,52,1.3987801638408657
24103,11.252119920526509,4.772395277931264,7.2266327975955,287,67.68547045187731,40,1.6921367612969327
24104,11.476968034654924,4.928720605657716,14.31535825033126,580,58.557498846218955,43,1.361802298749278
24110,11.611970368392097,5.112040597668382,8.050412405592471,330,97.99178074761494,44,2.227085926082158
24111,12.628706552027156,5.771239969600237,7.439664515641813,327,44.62141899016837,48,0.9296128956285078
24112,13.06894736068373,5.132042903865042,9.534860949895242,397,86.50538296399634,45,1.9223418436443631
24113,12.085989282957845,5.037041216727153,6.138166838445271,251,52.03742823058656,40,1.300935705764664
24116,11.143243368328076,4.664847892533634,7.587572117840569,292,51.334918731132106,37,1.3874302359765434
24117,11.42605354736784,4.662797949697759,8.252955790099696,321,31.1341448078873,42,0.7412891620925548
24120,12.199066836868202,5.395281742213582,11.192205054315156,479,51.56949999115586,47,1.097223404067146
24121,12.364198578746901,5.7062165634616715,9.809650468674254,457,65.58672420920009,50,1.3117344841840017
24122,11.815569062437456,4.934081573737617,11.38688880904747,461,47.93754878246907,43,1.1148267158713738
24123,11.612823803235122,4.481177089281602,11.7947430102513,442,38.522797860946184,43,0.8958790200220043
24125,11.123193637494111,5.054557739569748,4.591237441206414,187,47.863448103789274,38,1.2595644237839283
24126,12.271687242000452,4.983761861835443,9.073605906852272,378,62.960000830229205,44,1.4309091097779365
24127,12.541817941240618,4.611163021337107,9.25954856312396,358,43.41966388499354,39,1.1133247149998344
24128,11.38520952451849,4.969148685767598,10.322144621514603,423,75.10817319960873,44,1.7070039363547438
24129,11.547160487813764,4.710354707712274,9.587078854968537,371,47.4858549967738,44,1.0792239771994045
24130,11.928254895834604,4.946405107906392,10.457475475764678,446,69.29291112747124,47,1.474317258031303
24131,12.886842184085076,6.30564318937158,7.419998506312286,368,41.56768711428915,55,0.7557761293507118
24132,11.348629899206227,4.933731693768111,7.310030465326226,300,43.636268838993686,45,0.9696948630887486
24133,11.913581465144665,4.99077293542083,10.286418136795039,419,79.97256246721484,45,1.7771680548269966
24134,11.771046016353726,3.705721580340959,8.487363590557814,266,32.8395980293492,34,0.9658705302749764
24135,10.762625039902874,3.829089288796774,3.5557057503500933,113,21.81499686492245,28,0.7791070308900875
24138,12.444691419583803,5.776155911069062,11.678906905285098,535,65.53094830586777,56,1.1701955054619244
24139,12.686346157766117,5.43115872372734,13.108258193357758,572,91.32142513676945,54,1.6911375025327675
24140,13.173598465924474,6.189377701600059,12.816446677014843,628,125.1572697262916,56,2.23495124511235
24141,12.911226088282012,5.704808648285964,12.261022243167814,570,90.48327456865741,53,1.7072315956350455
24144,12.044802944729858,5.091243859343577,9.745836481430043,408,54.86260436741722,47,1.1672894546258983
24145,12.457431927059442,4.622686097552557,8.777190345013766,343,50.369615847282056,47,1.0716939541974906
24146,12.31956220470201,5.703667621026455,6.9516161294282455,318,117.42357225739815,49,2.396399433824452
24147,11.8861707764641,5.308087846072029,9.320393751769757,391,89.32904291226386,45,1.9850898424947525
24150,12.43512283738726,5.653350910275556,9.51165331748384,433,59.59842036741992,46,1.295617834074346
24151,12.227867181526273,5.440762875272728,9.511947110070404,407,44.60922610655249,48,0.9293588772198436
24153,12.035329332149908,5.657048432025968,9.089820871259144,404,61.50913989677739,48,1.2814404145161957
24155,11.543315756319702,5.353884162609146,9.636775320983284,402,115.85399704219225,49,2.364367286575352
24156,10.916134220391534,4.968797080997712,6.805841805960493,272,65.47643044166722,41,1.5969861083333468
24157,9.931991956124143,3.8374905038308964,3.53591977847728,120,34.302808342077896,29,1.1828554600716517
24158,11.877255308587246,5.088229203458478,9.586760485234816,385,69.10653898958361,44,1.570603158854173
24159,12.012692523907699,5.366702061404571,9.137847306856258,399,76.21810659718308,45,1.693735702159624
24160,12.876755504226006,6.143219015985126,9.059884642838716,425,46.384333989064935,51,0.9094967448836262
24161,12.438826374022469,5.414772411613158,8.963874223563261,403,59.59197107625395,44,1.3543629790057716
24162,11.932939233131242,5.046758261065264,9.772937404590442,400,44.23922853446052,42,1.0533149651062028
24163,12.181906418815615,4.9774129686942175,9.855567895931483,400,63.36123581967453,43,1.4735171120854542
24164,12.217679806005636,5.128094121567089,10.240561572801614,421,63.42767712709286,45,1.4095039361576192
24165,12.160419448493647,5.210654420754104,10.945768746571101,474,58.827007903595906,46,1.2788479979042588
24166,10.850823311536782,4.576162778364406,5.107477390677826,187,46.449361065823894,34,1.3661576784065852
24167,12.576810233590074,5.956521013638612,7.280959546877779,341,77.17474462390845,48,1.6078071796647595
24168,11.658591085930981,4.887405368656148,10.203882574869745,411,49.617700898126884,42,1.181373830907783
24169,11.405939251642726,4.398334330068332,10.522979698478244,400,61.82492749611914,38,1.6269717762136615
24170,11.85103627908015,5.562005750448747,7.915447029369451,351,87.35912805195248,45,1.9413139567100552
24171,11.369178249924211,4.466533802342775,6.864574054068932,253,33.97144611774187,36,0.9436512810483852
24172,11.501357894547121,4.865253820453184,8.037330241700463,324,53.54141584061049,44,1.2168503600138747
24173,12.47305999932012,5.482911628606068,6.959420454158499,309,71.91513918087412,46,1.5633725908885678
24174,11.25494553432244,4.54948363279228,10.660566348762496,396,41.70880832935135,39,1.0694566238295218
24175,12.034172248605103,5.380262878469539,7.837344691476621,356,100.76434298769412,48,2.099257145576961
24176,12.23931524170441,6.158490321879929,8.233507822895106,381,136.78319367028269,49,2.791493748373116
24177,11.856895985663744,4.020267709009866,9.634628307326901,324,52.01413296981271,36,1.4448370269392419
24178,11.567516531872192,4.622779459460328,9.197141269727684,344,55.371598416848784,42,1.318371390877352
24179,11.704732124497243,5.537774124813884,9.80651518653193,423,84.03021849909544,48,1.7506295520644883
24185,11.345366927901935,4.75175383199606,10.115107209377305,402,50.69808073307732,40,1.2674520183269329
24187,16.687589700507537,5.599696018106819,10.256281099772503,422,75.32229697561941,52,1.448505711069604
24188,17.24722965271173,5.030482793450464,11.160893013230323,433,60.25824923726051,53,1.136948098816236
24189,17.123101231358316,5.059088148383531,10.331952848664724,407,64.76796243582285,54,1.1994067117744973
24190,16.72609151284737,5.598597536027,10.79199604456695,449,96.59605505018848,60,1.6099342508364747
24191,17.45257155545133,5.073386701991368,9.719774113839755,366,76.344947516654,54,1.4137953243824815
24192,17.654172665350078,5.016842990132551,11.508825318321598,438,66.86304449665148,48,1.3929800936802392
24193,16.526813114604373,5.972150541336653,9.033125765070878,396,71.3213222398506,56,1.2735950399973321
24194,17.30034767516019,4.669904117402082,12.21114560969404,429,73.09904525470438,48,1.5228967761396746
24195,17.068612471275937,4.35253166989371,12.869842049767794,451,43.90997086151953,45,0.9757771302559897
24196,16.816786676013475,4.8756167426773995,7.586464777570264,279,111.58064086322554,48,2.324596684650532
24197,16.379994267555162,5.003680381345871,4.1472167964617075,147,54.63829058594552,53,1.0309111431310476
24200,17.475810326073603,7.569899912639042,2.6578457994931486,141,53.87587152845671,50,1.0775174305691342
24201,17.532013350054704,6.495450272560212,12.61049275662798,592,88.79606408482893,63,1.4094613346798242
24203,17.76253671263069,5.847711039546439,20.045802413718388,888,137.17638876560045,63,2.177402996279372
24204,16.76995597705118,5.505081466920792,9.240914560141103,401,83.70883746655608,53,1.5794120276708694
24206,17.496652945937328,5.079306095578685,5.110256872069351,194,50.30807738158344,50,1.0061615476316688
24207,17.12726657053334,4.633665177858857,12.101072382210146,430,46.22339643608967,47,0.9834765199168015
24208,16.27942017802096,5.377793065928881,11.166125139685963,451,85.4180669940804,58,1.4727252930013863
24210,16.629718166118895,5.525866553469254,6.100840212400272,256,76.96321469377602,55,1.3993311762504732
24211,16.898476002050046,5.492157168755923,6.478367906002696,257,62.89182794400098,52,1.2094582296923266
24213,16.214028634686514,7.243512933250878,25.3746630996187,1284,229.57761352628518,72,3.1885779656428497
24214,16.04990390241675,7.466736459631789,19.613425962782944,1030,190.5631167640591,71,2.68398756005717
24215,16.22810690484352,6.619174758635437,29.172899411893322,1407,73.07990253221247,64,1.1418734770658199
24216,16.315364796499203,7.32715496788459,28.17526284873221,1440,179.46560193071525,71,2.527684534235426
24217,16.07261596102102,7.289828473085499,26.316762019128078,1349,170.26634637822696,71,2.3981175546229148
24218,16.48795397257804,6.022379245392452,28.81976525096619,1280,145.91694683719422,68,2.1458374534881504
24219,15.066558836333595,6.322110118682335,21.104875790124623,948,138.92968844335823,63,2.205233149894575
24220,15.349035964052408,5.855898387408426,9.088207845839756,374,107.77077115861431,58,1.8581167441140398
24222,16.228262671876294,5.2138374630458415,24.60220725084523,986,62.119191670912485,56,1.109271279837723
24223,15.236481955398663,7.6790257714589245,10.065502284644628,523,125.41646521489696,69,1.8176299306506807
24224,15.967680098173215,6.55116420192055,20.07945596355503,921,139.26693356417601,67,2.078610948719045
24225,16.137962279021714,6.525233787227273,8.218531186879586,378,86.34544677956971,63,1.3705626472947574
24226,15.43357560900776,7.426728241027359,20.88106463312836,1057,110.52814823813466,66,1.67466891269901
24227,15.918713671660415,5.769014507587682,29.79287353782478,1297,70.64433951565377,59,1.1973616867059962
24228,15.360254595007921,7.07635103499216,18.919597199762787,933,125.47104765303652,66,1.9010764795914625
24229,15.379443711218133,6.7132294482655706,13.860806020511983,653,87.61648863300891,63,1.3907379148096652
24230,15.200249919787613,5.85114556770351,8.064515093625197,329,125.38140834056212,55,2.279661969828402
24232,15.066085366489292,6.228695904980092,9.725698035554768,415,81.30250282822549,57,1.426359698740798
24233,14.838295902315162,6.74429586677665,8.183784702661923,377,80.86792218643296,62,1.3043213255876285
24234,14.440932831303524,6.1280603461569765,9.338046669362894,405,80.1468368958924,62,1.292690917675684
24236,15.325840548766058,7.038987705349574,20.801697582322596,1019,133.80917437484206,67,1.9971518563409263
24237,15.560231542401802,7.374196033216012,18.383764339758546,935,137.26338470767206,69,1.9893244160532182
24238,15.251034431714025,6.917639405331906,22.798688099859675,1088,149.7057099239299,67,2.2344135809541776
24239,15.526212893901867,6.602931711520897,22.816071182592818,1065,172.51848903101617,66,2.613916500469942
24240,15.579775066105077,6.948691245752093,22.50569248061486,1092,121.91075964971023,66,1.8471327219653064
24241,14.757534525418343,5.536841781665817,12.642307780900667,503,115.37390762976307,60,1.922898460496051
24243,15.476989360892626,5.9015444651996445,12.558653499579647,517,122.75595174857688,65,1.8885531038242596
24244,15.593521696553529,6.055156607399238,14.584933615831275,649,150.69106807060882,65,2.3183241241632127
24245,14.787278973340841,6.367919273931657,14.348965841137526,638,114.11916745139493,61,1.8708060237933595
24246,15.467668990769154,5.4364879546429945,15.208779918620566,613,110.52732863511851,64,1.7269895099237267
24247,14.86862055202402,6.676387588976634,12.279609343311934,560,109.78215707527916,62,1.7706799528270831
24248,14.993031178078537,6.950353229890202,12.381315446355703,598,157.10049719176928,65,2.4169307260272195
24250,16.072754463861575,6.657204500921301,26.556288308564437,1295,99.18598096531554,66,1.5028178934138718
24251,15.414537521455793,7.964442213206666,26.74742352698156,1431,116.70920941448213,69,1.6914378176011904
24252,15.493756646633269,7.126902687418802,26.559517555956383,1335,168.13470268597007,70,2.4019243240852868
24253,16.24114870039106,7.185571840817315,28.415832770872584,1432,161.45863899135128,70,2.3065519855907324
24254,16.344870991308476,6.874080224759185,29.057869255265395,1440,173.327749010409,71,2.4412359015550567
24255,16.169061711898,7.6698902657052574,25.40403429692741,1330,234.27949123530868,72,3.2538818227126205
24257,15.713337249887637,6.158441853574898,21.756973655310745,972,154.04547545765786,65,2.3699303916562746
24258,15.619476289267038,6.408217124220975,21.226716346900428,945,121.16600661020793,63,1.9232699461937766
24259,15.496935918265038,6.131403793587573,21.18184036791446,934,168.1529197817248,64,2.62738937158945
24260,15.820332308559065,6.221234860416051,19.40714297114802,886,153.04545361356574,66,2.3188705092964508
24261,15.570603595800373,6.5081160191791225,15.62761680109944,713,118.53186488909255,64,1.852060388892071
24262,15.894447773627139,6.052972009049461,18.309044811773045,808,188.4454161838143,64,2.9444596278720985
24263,15.290470856140093,6.45333153776858,14.014877935067258,631,95.31342200430063,62,1.537313258133881
24264,15.204199748111789,5.928160649186665,7.870713600709276,321,86.92452379069023,60,1.4487420631781704
24266,15.768810768302751,6.492075938632206,18.843223416145598,874,156.2852686260932,65,2.4043887480937416
24267,15.071857241343894,6.423902466305247,9.680297778745288,418,75.60828552070916,61,1.2394800905034289
24268,13.658801782584254,6.625439715762678,8.373052985275628,381,111.02131700265853,58,1.9141606379768712
24269,15.066896553734942,6.036112482459941,8.149909314904162,350,80.11548173343293,61,1.313368553007097
24270,16.024425013907194,6.413825082096086,22.710045335076757,1031,189.09832732155564,66,2.865126171538722
24271,15.631687790512718,6.366411910655786,22.221544915291776,1009,161.82342522741573,67,2.4152750033942647
24273,15.740808570725385,7.058174350373088,23.849313091307856,1158,217.28790229138409,67,3.2431030192743893
24274,15.215993457222547,6.283557223435055,24.72693344139094,1092,161.93806948585993,64,2.5302823357165614
24275,15.392189894242092,6.4127511079082575,24.27346184969766,1094,149.20540651840432,65,2.2954677925908356
24276,14.956788587721645,5.777978129513036,13.888084106791625,578,117.33373371919505,57,2.058486556477106
24277,15.508786517788927,6.4955322933535475,14.35278301461376,629,115.00032575372971,65,1.769235780826611
24278,14.828325378464225,6.109280590011764,16.586360721973318,742,153.62222379728047,62,2.477777803181943
24279,15.133337389180394,6.626198885404127,15.420349755828779,706,105.36332464997716,62,1.6994084620964058
24280,15.175289608908294,6.101625653406568,15.2498653590272,657,114.33498301119789,64,1.786484109549967
24281,15.5808560530961,5.798409430298565,17.699379750056767,730,95.18445588773606,63,1.5108643791704137
24282,14.476263775518976,6.606200242218592,16.81042839167083,774,116.87286843586305,62,1.8850462650945654
24283,14.844287147492697,6.484394761481567,16.081976312898277,725,123.23079350082831,63,1.956044341282989
24310,10.476681057948754,4.929840110161406,17.628202315124714,661,63.662997099804784,45,1.4147332688845506
24311,9.471413277792418,4.96899794413476,18.393461838546777,699,57.381425183491295,45,1.275142781855362
24312,9.973266582676017,5.2384036283485855,19.871447083114976,756,68.83560317141526,43,1.6008279807305874
24313,10.245541173345801,5.36485428848859,24.352087925426765,947,55.76916375310318,45,1.2393147500689596
24314,10.136477163651993,5.38749565581003,16.478848525057412,640,49.36014800430603,46,1.0730466957457834
24315,10.308329417061794,4.565869862136591,16.81542585261428,599,66.42023013096765,40,1.6605057532741914
24316,9.800769359229655,4.936207641299811,16.756046727176876,620,52.487659335534914,44,1.1929013485348845
24317,9.71833090670994,4.929572285104123,17.866964204598652,667,122.44944957660203,44,2.7829420358318644
24318,9.126600565028019,5.478149364059991,2.8195785672685423,108,27.925238621021094,39,0.7160317595133614
24322,10.253717893406677,4.13049868850428,22.768258046805222,770,45.821944538207845,40,1.1455486134551962
24323,10.246936468502874,4.717824782050639,12.472013724854211,461,81.47106782655443,42,1.939787329203677
24324,10.321792825390965,4.913462349058757,20.328908323159133,741,79.43272265049714,45,1.765171614455492
24325,9.786827802605503,4.671697139570993,20.818584043092592,746,81.7735548339095,43,1.9017105775327792
24326,9.982994213218939,6.233274811465687,14.906678046642948,646,100.3685788085517,48,2.091012058511494
24327,9.996401837355215,5.339107014764797,18.014605889159984,697,64.50968536937054,45,1.43354856376379
24328,9.683856270740668,5.003988047905322,19.67088749211417,724,81.16889745888125,44,1.8447476695200284
24329,10.13053450969841,4.412910427675806,20.329249157410764,704,34.294039922080124,40,0.8573509980520031
24330,9.855115087275196,5.126946316638278,15.04509462080791,591,76.17306529686304,43,1.7714666348107684
24331,9.44351754470914,4.395894861713292,8.447754624995927,286,42.62525338360282,39,1.0929552149641748
24332,9.823822004321775,3.959239343785902,7.3244406983714585,224,33.88549987973421,35,0.9681571394209775
24335,9.678225341070366,5.397119032270271,1.4414874118723355,54,10.841781143527575,24,0.4517408809803156
24336,10.358058051080421,5.120630971620047,14.049261689855339,527,32.10810383148056,44,0.7297296325336492
24337,9.939137129600585,4.810524377698534,16.93355437082831,612,72.1598396415773,45,1.6035519920350512
24338,10.262242446594225,5.370288805703036,17.16642710434358,669,81.984218267771,47,1.7443450695270426
24339,10.140463306490707,5.188003035333735,15.829661083863243,609,72.23715909334712,45,1.6052702020743803
24342,10.17285378193459,4.510863823789816,22.287376540586145,801,64.06349201086297,44,1.4559884547923403
24343,9.853040907255545,4.859352743278036,18.556956801125285,699,63.669222148984886,45,1.4148716033107753
24344,9.76682956895048,4.8065670509760245,19.532470085655774,704,53.07988938683196,44,1.206361122427999
24345,10.497945053131362,4.251065628189928,24.076699390669308,822,49.98264574486293,41,1.2190889206064128
24346,10.50176533967523,5.238522578755306,20.526372293049718,799,56.27925365305529,45,1.2506500811790064
24347,10.00494132754687,5.60529005572534,19.642458587962096,792,94.63793925540789,47,2.013573175646976
24348,10.70545445489005,4.475738983430537,21.63936994197984,768,52.962564607675176,43,1.2316875490157018
24349,9.475880352497851,4.719613102489983,7.4840453667639535,259,43.98592065931348,40,1.099648016482837
24352,10.136410122736791,4.0571015190257835,17.426909855780764,563,53.61234552741346,39,1.374675526343935
24353,10.211996013389097,4.6621931094632245,17.470729783223977,618,45.99231871069232,42,1.095055207397436
24354,9.846103667165789,4.650935483987665,15.61891888358211,556,53.321738751902814,41,1.3005302134610441
24355,10.35941399071597,4.771509135041898,14.825355272138584,528,67.31521688803126,44,1.5298912929098014
24356,9.581147992936236,5.180463062231961,12.287205045248651,465,152.84653315973276,44,3.473784844539381
24357,9.780195367177372,4.254561100844074,13.469657319026373,436,38.45701245473325,42,0.9156431536841251
24359,9.59596350110021,4.525717953584229,12.034188046325982,417,53.26846999355764,43,1.2388016277571543
24360,9.77476270353527,4.333208492424979,15.951146201309689,525,84.92593554123445,42,2.022046084315106
24363,9.08837749431669,4.141754017872134,9.360421038694556,297,36.256362336623745,36,1.0071211760173262
24364,9.454716849032167,4.068372686986865,10.482465711561682,338,40.75320755006502,37,1.1014380418936491
24365,9.691935672315285,4.061973677823877,11.935852235413115,388,28.564532128426528,38,0.7516982139059613
24366,9.245970533086364,4.191123684940082,10.926136856659879,355,63.04889195499274,39,1.6166382552562242
24367,9.98868645991491,5.578630036617407,7.328332964710591,296,78.29530843640106,46,1.7020719225304577
24368,9.884194915923349,4.271637036115067,11.490546987826917,378,41.04461392314022,42,0.9772527124557195
24369,9.515325563866247,3.96466590257734,9.89406547189284,305,63.89139488499638,35,1.8254684252856108
24370,9.793969178873551,4.835462571613906,8.745220253129585,299,79.30220812341733,42,1.8881478124623174
24371,10.207548942091318,4.473280085230235,10.554357962867936,361,58.31648287642199,40,1.4579120719105498
24372,8.584457297917217,4.86559700167644,8.252764560222767,283,45.85039657828806,38,1.2065893836391595
24376,10.16222748933551,5.611610442387365,10.773904550742913,432,74.9946465635648,45,1.6665477014125512
24377,10.209319922326582,5.020289455867952,15.988300607007647,614,41.830974763742205,44,0.950703971903232
24378,9.657513210465142,5.544883924943824,13.302438661658872,542,77.72622899403376,45,1.7272495332007503
24379,10.322782500104204,4.533484144340842,19.45400664894401,693,55.7545184026737,40,1.3938629600668426
24380,10.12931406409338,4.850938752482502,17.39524587672427,624,68.16308931578354,43,1.5851881236228729
24381,10.378173526676896,4.771990244249168,19.241335525009017,708,65.19174299431877,43,1.5160870463795064
24382,9.736196907713467,5.109431188944134,18.032313029863367,679,56.37842162667712,44,1.2813277642426617
24383,10.215076664534113,5.232809674036075,17.368840336677295,682,52.49279984127766,47,1.116868081729312
24384,10.006988164082266,4.004586390342978,9.583704098496506,303,60.279954901380314,33,1.8266653000418278
24385,10.530617186088627,5.43155601685461,7.454538084700171,304,41.73871479915329,43,0.9706677860268208
24386,9.837273622453734,5.166561015172571,22.777509877507637,868,144.25269493696663,45,3.205615443043703
24387,10.190739768944049,4.52913398264542,21.185710398063833,757,33.781001754302245,41,0.8239268720561523
24388,10.440202191782507,5.075803580012046,21.287705654672536,821,73.55008159811649,46,1.5989148173503585
24389,10.514316898563294,4.330317494682506,18.886963956433174,644,71.30033214717716,42,1.6976269558851704
24390,10.100305340601004,4.444413535733687,20.111672611869373,682,66.14126260071372,41,1.613201526846676
24396,10.592788494507872,4.503055017714238,20.72534898663233,750,56.02767745185463,44,1.2733563057239687
24397,9.96575603654249,5.569437205106935,18.229942316684298,730,77.9889974470891,45,1.7330888321575357
24398,9.707644770239439,4.995801385543251,12.632407813319382,466,61.873857054418515,42,1.4731870727242504
24399,9.191619177886151,4.8840437599011794,5.219270011254589,192,56.591175775760384,38,1.489241467783168
24400,10.84829447110557,5.114946007576986,11.64518691839012,433,75.24065918461613,46,1.6356665040133942
24401,10.758065330021479,6.097251575188816,11.696531363910482,497,86.120593044672,50,1.7224118608934402
24402,9.745125629150797,5.387734974903616,16.28874893784813,638,68.29650895581507,44,1.5521933853594334
24404,9.942803622397147,5.614108104038543,19.068777135023737,775,61.756006024449185,46,1.3425218700967214
24405,9.510468593893583,3.508913823403791,11.520979786547809,330,35.50656157239544,35,1.0144731877827269
24406,9.646195960689576,4.800155651280087,16.712507934695672,604,52.934006302317705,43,1.2310234023794815
24407,9.831584579578118,5.392928264870665,15.301514613457144,588,69.64278324416959,44,1.5827905282765817
24408,10.194015983139366,5.864741020438448,13.948327680772138,574,83.00353167448603,46,1.8044246016192615
24409,10.339050973048543,5.450049617463206,14.152679129752018,553,54.906025447874505,45,1.2201338988416557
24410,10.25354377273114,4.222201987757164,16.51690329339785,558,56.89260668009964,41,1.387624553173162
24411,9.69308425355844,3.918913905970387,8.341259816271306,260,72.83623423292136,37,1.9685468711600367
24412,10.264287653163676,5.038741540116511,8.390339943052664,305,76.95237657522506,44,1.7489176494369332
24413,9.722823862183898,4.4803797243375945,9.157328245532183,310,48.41587784381389,43,1.1259506475305556
24414,9.297328776895922,5.064647593186202,9.803059407396212,355,48.586633639795394,40,1.214665840994885
24415,10.360592804379879,4.853102174995498,2.5473275978689482,94,18.767904195871456,32,0.586497006120983
24416,10.665472765721137,5.291212824228417,15.249158734658305,602,46.342664167502086,44,1.0532423674432292
24417,9.306748761442607,4.950504205838354,18.781660000307248,704,61.44294405754927,43,1.4289056757569598
24418,10.426119490467633,5.139712339233889,17.779803168535086,684,61.03803176047303,47,1.2986815268185752
24419,10.004508513599697,4.5931913375870455,18.87213355956651,682,67.79829235897013,42,1.6142450561659554
24421,10.983622632815374,5.116327361997494,2.5645488192986448,102,20.07308765423547,35,0.5735167901210134
24422,10.097565028434824,4.796000696968812,12.017352660717062,446,84.20642881710158,42,2.0049149718357517
24423,9.687360436396576,4.451760957046896,8.970695821120211,313,75.13840489794455,40,1.878460122448614
24424,10.03352103965011,5.125402340077116,19.05070975750213,722,63.37251247944924,45,1.408278055098872
24425,9.936623405954716,4.677793502594021,23.000776327197862,833,43.38145471061209,41,1.0580842612344412
24426,10.04979613826655,5.115612516576102,12.938796709255563,476,79.29428498484474,42,1.887959166305827
24427,10.17306339840045,3.6579888860811383,7.605116209186799,222,55.936744689167085,32,1.7480232715364714
24428,-48.15907854452547,13.519908314185699,9525.90422524838,200,75.04054625804419,17,4.414149779884952
24429,0.016046828486967014,0.08757032813311928,4.0,226,,,
24431,-5.338122991297687,6.277315646916832,16.883179089004148,195,22.087128634870012,14,1.577652045347858
24432,-1.2276436336780994,4.937464626171468,9.702670035190621,172,20.326175847468356,14,1.451869703390597
24433,-6.141069434335053,6.459135932889475,22.3721336165023,224,39.08781672889915,13,3.006755132992242
24434,-10.40997674576246,7.2067174813572485,49.563067076263415,234,23.52990481663379,13,1.809992678202599
24435,-10.838840140963523,7.934592693835655,33.0346918721963,199,26.71872352992328,14,1.9084802521373772
24436,-0.6223875673000991,3.986278746624701,10.371419482801604,196,14.946509284382953,12,1.2455424403652462
24437,-5.727957634571904,6.687268553692181,20.0021281986214,223,26.12148638523638,16,1.6325928990772738
24442,0.0004751815056499309,0.005299688252650002,0.0,234,,,
24443,0.0,1.0,0.0,236,,,
24444,1.3073088054822948,3.2474097154965085,9.653079199099025,209,18.22343992464333,11,1.6566763567857572
24446,0.9482407510101378,0.9484998547610617,7.040303533485438,120,0.7549940987771607,2,0.37749704938858036
24447,0.3942223248930437,5.403521966725976,8.886606020019453,209,51.481640128802745,20,2.574082006440137
24448,1.7486810098600005,0.683015071475732,4.373125158427239,78,3.5445824784066096,3,1.1815274928022033
24449,-3.7688726283526557,4.555932114121033,24.643407054969792,226,14.329398589871296,11,1.3026725990792087
24452,-1.8852746040067971,5.268628947493742,14.550738213636729,231,32.400114420775125,14,2.314293887198223
24453,-12.967190958403592,7.66717531267503,65.31456883729881,219,27.6599456745394,13,2.127688128810723
24454,2.0147712555478248,2.391385125132688,5.091703935092568,110,28.589567966398242,10,2.8589567966398244
24461,-3.1592476709515056,2.9194327025944125,15.237444055345671,54,2.6616192243235663,6,0.4436032040539277
24463,-16.942796234560408,7.299586520809912,181.45730199082217,123,46.251740872474954,11,4.204703715679542
24464,-20.699451006114362,8.461654995537064,299.9355209800669,163,28.58297229797474,13,2.198690176767288
24469,-0.27960982529971423,4.652999339634932,7.791717706212094,172,15.272091925306626,14,1.0908637089504734
24470,-3.0829474256901483,5.962277732316636,10.559310528686273,175,29.273638671663754,15,1.9515759114442504
24472,-5.445414415684647,7.074890503146474,9.318840777928102,116,20.039273098482585,16,1.2524545686551616
24473,4.045621201688096,4.783558398013947,1.703872731905563,56,9.222867074430914,19,0.48541405654899544
24474,-3.5872389844623713,6.305497804702057,14.412995964172278,236,32.92252433056389,15,2.194834955370926
24475,1.5742125534270623,4.1817729383502025,7.984481395266707,190,23.08933069629056,16,1.44308316851816
24476,2.6202000332646977,3.3085919138294244,5.554275459951018,159,17.4222628135404,13,1.3401740625800307
24477,-16.001610843648866,9.094497313724336,60.48930934230086,187,37.75222015856142,15,2.516814677237428
24478,-0.6988045958848519,4.622474810998972,11.865126976617042,216,25.07640915272534,13,1.9289545502096415
24479,-1.3150352339364104,4.343248439585363,11.43795923326772,168,14.33667699348743,13,1.1028213071913409
24480,3.489966830758168,3.3294632544927443,3.214282816711572,77,13.947576722672274,14,0.9962554801908767
24485,-75.94054985151284,18.194474056510767,38389.032386423314,89,23.27068656257693,14,1.6621918973269236
24486,-19.20990452325369,9.130064853785091,50.65192100602999,100,17.500805874574393,11,1.5909823522340358
24489,-1.3643016953397022,4.089159050208818,5.905060058807528,94,12.916778557622873,12,1.0763982131352394
24490,1.6318305804594297,2.4042933499334187,6.504972912288525,115,15.00548798346875,10,1.500548798346875
24491,-0.011312955343089834,3.383523128794908,5.418965828573324,99,12.399645760845178,10,1.239964576084518
24492,-3.521639940238895,4.80561115554412,9.482840561793042,104,12.14099044521372,12,1.01174920376781
24499,-2.3281681061742345,4.928944092447304,9.960890106138862,146,16.25901729024371,12,1.354918107520309
24500,1.1306421038241876,3.7897844556217977,7.852369632417587,159,13.947143737658946,14,0.9962245526899247
24501,-27.215816299927482,10.817843282009802,286.29053006892184,174,50.72884101334917,15,3.381922734223278
24502,0.016001181695164915,0.08356953720839186,3.0,227,,,
24503,0.4633309540764082,0.6414676767522264,19.054333359393777,233,,,
24504,2.1550743339281846,2.7896740159003444,9.08430608634393,192,12.769841426468133,12,1.0641534522056777
24505,-8.314286896806827,7.770563514991236,21.962090510395164,192,28.27845940933992,17,1.663438788784701
24506,0.8083064899146774,4.8728768857569245,8.651618331290287,211,34.08142082592635,16,2.130088801620397
24507,0.9080522621822196,4.889507864579737,7.95242434649624,174,27.45887567184618,18,1.5254930928803434
24508,0.014928137240085229,0.06593114024661287,0.0,147,,,
24509,0.09538225440738916,5.002062622248252,10.574036457367086,208,39.2593203736867,17,2.309371786687453
24510,-10.1361678883635,7.749007888304982,26.492563090507478,203,38.621845998054056,13,2.9709112306195427
24511,-1.0580054493481263,5.692947641728537,11.27602815593345,229,40.40428029871326,18,2.2446822388174033
24512,2.773917973773826,2.6330252536117085,4.956010208006042,108,8.168015966500539,12,0.6806679972083782
24513,-0.7615956719400312,4.5364414194880816,8.672452576646487,153,29.431887313813895,14,2.102277665272421
24514,-8.720394950525963,7.4121214787857115,23.934533204714185,180,18.729538414201116,15,1.2486358942800744
24515,-15.094366970677987,9.451828148846271,37.061784607770704,166,21.555464523674466,17,1.2679685013926156
24516,-28.68285309363927,11.849898469758926,222.88100300223203,172,30.660255028012102,17,1.8035444134124765
24517,2.618882339107166,2.9727872499667396,5.129147742949914,131,38.47281177928722,11,3.4975283435715654
24521,-4.3558342108068695,5.209139492905887,19.293258975136517,179,18.821999222315597,13,1.4478460940242768
24522,-1.0383645521671678,4.665148562989067,11.368646751007422,200,27.74773585227034,13,2.1344412194054105
24523,-176.7757874802282,23.977305810293693,7383605915491.556,150,42.07649087133158,13,3.236653143948583
24524,0.7521505175812294,4.307146851566365,9.081204868237151,191,15.422313741011326,14,1.1015938386436661
24525,-5.032976719041476,5.976862835831419,4.884153070779411,69,10.941376601169843,8,1.3676720751462303
24526,-253.8365856303099,25.793321332983965,1.6732612465316447e+22,154,31.708102500622534,10,3.1708102500622535
24527,1.5620548847845517,2.8407361570417176,7.107614296025564,158,35.811458944709074,11,3.255587176791734
24528,-27.477166899457412,10.843258688668781,212.09236767944068,122,28.61174558323037,13,2.2009035064023363
24530,-3.9347834211150636,5.233519016841837,13.397753478646424,145,29.181912643900183,13,2.244762511069245
24531,-10.927332004692705,5.882262190242196,90.64480586250359,146,23.276438183901114,11,2.1160398349001013
24532,-0.2137160761708362,4.540202473988204,7.548501029219953,136,13.40012577949673,14,0.9571518413926235
24533,0.7010959475962295,5.149165038494563,7.232022077501923,165,40.84245384517854,17,2.402497285010502
24535,-12.558270603274789,6.590445668979775,86.41298873625429,152,18.366528728555632,10,1.8366528728555633
24536,19.83633126538014,6.060257591243944,0.313685381392659,13,8.815010416008661,9,0.9794456017787402
24553,16.310864081640794,8.800218816926234,1.5540868879877647,89,21.532496511282798,49,0.4394387043118938
24554,12.587937024491083,7.27428379729989,1.1174621585106408,53,16.83524873694115,27,0.6235277309978203
24555,13.133076272115218,2.672992002298628,0.5720969687483607,13,6.545938557056307,7,0.9351340795794725
24556,14.901147840413369,7.62066720307432,1.5101078351025286,79,18.286435116705224,37,0.49422797612716823
24557,12.818316609758456,7.17643124034603,1.3417205044389908,67,16.917934548041774,32,0.5286854546263055
24558,9.500272633292987,4.744106891306517,2.942669106726855,96,32.33993457675076,35,0.9239981307643074
24559,10.025881788229208,4.982422788572464,2.159173935034251,79,13.663145883430545,35,0.39037559666944416
24560,8.923234274280999,6.501570711927606,2.211944940501091,102,19.3098595048286,37,0.5218880947250973
24561,10.212614625408996,5.5035537423977505,2.9094833559590842,121,24.562508281807524,38,0.6463817968896717
24562,8.941016923420838,2.9200223681803394,3.5655823016836727,89,29.104785521721393,27,1.0779550193230145
24563,7.871037701760898,2.571906595985018,0.7731986846575168,19,3.7710359262654167,7,0.5387194180379167
24564,-0.999391902459845,3.31088245883454,2.4720936760014327,30,3.447875469398968,7,0.4925536384855668
24566,1.561971693868114,3.1933945388849625,1.690023324576762,38,5.894568199568948,9,0.6549520221743275
24567,1.1993446282308198,3.9114000837520733,1.7126772497920606,38,5.246734428928002,8,0.6558418036160002
24569,4.043185268332216,3.2990287858352905,0.5811067127658981,13,3.546441127626106,6,0.5910735212710176
24578,20.437526362721897,13.044100609502802,0.1667947352901234,12,9.068436136649215,9,1.0076040151832462
24582,22.366073559419732,6.076663410129412,0.5358215011646447,20,9.000841087032214,15,0.6000560724688142
24583,19.052034538758473,1.1509651625107995,1.679174620253455,19,8.84400790118213,12,0.7370006584318441
24584,17.653905432550086,7.5106033648122645,0.7097616757007893,41,13.423367525790384,24,0.559306980241266
24588,19.23402985567744,4.635478607057435,1.0180177286886773,36,7.378346508997696,17,0.4340203828822174
24589,12.445645212346474,4.9634156232470685,2.017835320401116,77,19.436652834149296,34,0.5716662598279205
24590,12.117902966573903,5.522482560387899,2.026491046762704,89,15.899005263215795,34,0.4676178018592881
24591,11.059548244008127,4.862079700222993,2.4219670568880347,96,22.38647753654702,33,0.6783781071680915
24592,12.803421684343324,8.159888146747331,1.5086638171920166,86,21.639676885785157,39,0.5548635098919271
24593,10.453448902882924,5.366809902258363,2.3602087590896716,92,23.601220864602453,36,0.6555894684611793
24594,9.718280703376891,5.316534372349227,1.7435521714676423,73,16.834586511356594,33,0.510138985192624
24595,10.349016024467746,3.5408261328193964,1.945189304285906,65,16.224660343619185,23,0.7054200149399645
24596,11.698337030869505,4.386882412552088,3.3221234619504934,122,27.64586238661602,30,0.921528746220534
24597,11.48877802370345,5.035496459598478,3.5015668075075586,141,33.827700937501874,39,0.8673769471154327
24598,0.6879323475701308,1.6364697580122898,4.505246117646923,66,2.9017578979176917,6,0.4836263163196153
24599,1.1793557552165816,0.4078915976347906,4.058003064977148,47,0.007978603696575095,1,0.007978603696575095
24600,1.546724951877526,1.219877980868044,3.6078227235370455,62,6.776003654622494,5,1.3552007309244989
24601,8.78012526900924,3.466296206209028,3.0889525866540466,83,21.606234571110054,27,0.8002309100411131
24602,10.2996882199632,3.194350775515083,3.8247796807029806,109,33.0038918139635,33,1.0001179337564696
24603,7.617706983475541,6.873299589511292,2.5464193094364136,110,30.24949443332703,37,0.8175539036034333
24604,9.492241370634927,5.581686550767245,3.4201061670535506,134,31.58956545827668,39,0.8099888579045302
24605,9.62171369268204,3.5558703658381026,5.009972585620712,152,47.110396359243964,38,1.2397472726116832
24606,-5.308635323646176,3.904660079966896,9.085854695700101,32,2.8501811905249865,6,0.4750301984208311
24607,-21.17727828926192,3.967248738338475,24344495.00322999,28,1.8603121366105912,2,0.9301560683052956
24609,-0.9179202288156841,4.0496616639302365,2.0579229182246173,37,5.411810224629348,5,1.0823620449258695
24610,-10.60192042046721,5.162362293130038,42.53050168454842,40,2.7622531113305677,5,0.5524506222661135
24611,9.922208463232879,4.276754478942328,4.791560926920703,162,28.383242593470015,38,0.7469274366702635
24612,9.585493068130729,4.751263482635315,45.82536419800226,1604,140.34832963878665,43,3.2639146427624803
24613,9.745518366735745,4.750439942667541,45.692448419899655,1599,90.1260981667433,42,2.145859480160555
24614,9.62093847625946,4.585651779538111,44.01974049306128,1548,91.8519277592535,41,2.2402909209574022
24615,9.523580546065347,4.588687698666837,43.7177177019874,1502,78.60531401763032,42,1.8715550956578648
24616,9.737425190491482,4.812340262794571,44.157278724517305,1589,95.736597546781,42,2.279442798732881
24617,9.374086769785684,4.701610168368093,45.417550835562686,1572,99.38127601852182,40,2.4845319004630455
24618,9.83560542643724,4.65708775303276,41.97344589589249,1484,105.98625964983417,42,2.5234823726150992
24619,9.827610988153003,3.692961922329131,8.86175667437462,264,53.09474373261647,37,1.4349930738544991
24620,10.305741456201826,3.4858999638867063,2.2540956789279316,62,14.89614643169846,20,0.744807321584923
24621,9.936798198848381,4.111635669044728,28.58833896891737,883,46.153665247153555,37,1.247396358031177
24622,9.759691742604735,4.86148639031171,10.885960513929637,380,77.23967309126829,40,1.9309918272817073
24627,9.854358085797966,4.596667821516232,20.345951673470797,682,65.14310955707072,42,1.5510264180254931
24628,9.179822882549459,4.068045119268462,19.03032149026291,588,80.3042904375565,38,2.113270800988329
24629,9.490521005125483,3.7197133837217584,26.04134192431335,771,32.1673944613195,37,0.8693890394951217
24630,9.524449927820598,3.730374165522162,21.678769218711277,646,29.563670136941255,35,0.844676289626893
24631,9.591947060684756,3.9224959397332118,29.662108812826016,906,41.39495550590285,36,1.1498598751639681
24632,9.444400753791676,3.7941804676074056,29.39929907118383,886,60.32914535588883,36,1.6758095932191344
24633,9.460400482133442,4.802495592232769,7.370306299854785,252,74.97579544979054,38,1.9730472486786983
24634,9.418056445752315,3.7529750355956435,28.732509573498398,851,40.486742026018035,34,1.190786530177001
24635,9.473102007176134,3.595483307621887,19.85462485674569,569,42.47173465906763,32,1.3272417080958634
24636,9.42033152509355,4.194898616861072,10.485775018859195,327,63.42118592536435,36,1.7616996090378985
24641,9.317974708552079,4.001890036978207,9.38579099329163,291,49.73911089272096,39,1.2753618177620758
24642,9.325639260867428,4.228717762386681,13.719111755062945,437,36.957774525557824,36,1.0266048479321617
24643,9.409916643796297,3.8441051049713617,11.170277621097394,333,33.76079045940435,32,1.0550247018563859
24646,9.101463428285024,4.349064302813344,31.399558900679807,1035,91.3421126445635,39,2.342105452424705
24647,9.231246598479682,4.585392406235376,28.77318014039873,948,55.913678323388844,39,1.433684059574073
24648,9.416574111999061,4.406192627638846,25.511508701922637,836,87.9790049391669,40,2.1994751234791723
24649,10.287389158623363,4.097372494293195,27.890813578185423,871,48.37682125860169,40,1.2094205314650421
24650,9.65566369107497,4.212446740302226,29.492934563179425,945,82.01628697084973,40,2.0504071742712435
24651,9.745546040152602,3.932716606771991,12.91795228805093,384,48.11599808478601,37,1.300432380669892
24654,9.218473604389517,4.276927328283356,17.723725971989687,562,62.449442182782526,39,1.601267748276475
24655,9.285295049880549,4.25497031367121,19.920637516008686,630,50.727613881969255,38,1.3349372074202435
24656,9.204360794631743,4.442454019997835,19.2731767231586,623,79.80143535279389,39,2.046190650071638
24657,9.529936692246435,4.273617891472509,17.600591166000626,551,64.42061785466682,38,1.695279417228074
24658,9.326101048515431,4.91849434998611,15.677678785628922,550,64.06760561028746,42,1.5254191811973203
24659,9.028267714163603,4.554194027669159,19.508216289867025,654,62.164285081133485,39,1.5939560277213713
24660,9.083903879043012,4.790034370747761,10.59701527512966,360,34.19228778534845,39,0.8767253278294473
24661,9.668219976474075,4.620453311031908,17.13664466803758,579,84.52007024045443,42,2.0123826247727243
24662,9.479114113624224,4.346781161712357,19.243684702641957,621,47.32799815390388,39,1.2135384142026635
24666,9.873912789827344,4.050549513773799,65.66410312912843,2093,54.091027862245305,38,1.4234481016380343
24667,9.992066126672704,4.711703228291788,40.41341578478035,1414,63.92584960612165,42,1.5220440382409917
24668,9.79036681384755,4.624108021490391,46.84969208509772,1617,77.26760833732338,42,1.8397049604124613
24669,9.612756780301318,4.562966634678788,49.15969600583981,1718,48.992743079618805,41,1.1949449531614342
24670,9.697325693193774,4.959697620295673,39.32888430624901,1440,43.29674903184595,42,1.030874976948713
24671,9.813142865996985,4.437903018199005,45.311797764276186,1519,118.22413963441804,40,2.955603490860451
24672,9.531376363144798,4.137672396028675,41.151274357271866,1292,53.995861583057206,37,1.4593476103528975
24673,9.503241742781968,3.8915873484317056,16.626771570407985,488,76.97305095686964,32,2.4054078424021763
24674,9.927173872806609,3.79113426981597,46.0852678707893,1408,51.58166734402347,35,1.4737619241149564
24675,9.86380186529505,4.150421361829325,34.495092475124075,1131,36.89710435765393,35,1.0542029816472551
24676,9.71227898279561,4.464136277938331,28.507250358403116,961,43.80346093936046,39,1.1231656651118067
24677,9.872272674351809,4.270323970564065,30.832190107002553,1010,51.459802636787835,38,1.3542053325470482
24678,9.332388974482988,4.459438182830315,27.083655194854252,913,46.52427000322466,38,1.2243228948217015
24679,9.545305786871962,4.507879146373329,27.719629348601146,947,45.25969780177769,40,1.1314924450444424
24680,9.540323202972482,4.060110625921161,40.67061503532997,1289,71.03995529018238,37,1.9199987916265506
24681,9.146858395628033,3.874645903626379,23.794194075638163,704,49.51274184876184,36,1.3753539402433845
24682,9.5339217750678,3.688255270086758,10.713284421410608,309,40.12645590892689,29,1.3836708934112723
24683,9.522418144553038,4.782610776017797,8.106560246725703,273,45.80036968458472,41,1.1170821874288956
24684,9.314671759364122,4.165176915121299,11.597502143673674,365,83.08235129811696,39,2.130316699951717
24685,9.294454917909059,3.9123965983451297,13.503347682338736,398,37.33724001154657,37,1.009114594906664
24686,9.316481133637577,3.3850564092983957,13.313570225807448,348,48.97461255572968,37,1.3236381771818833
24687,9.202729578476827,4.348539104617568,18.896093021511245,600,55.98961063001824,39,1.4356310417953395
24688,9.171912693802613,4.515943396353625,20.111750194477747,655,62.417916362049404,41,1.5223882039524246
24690,10.4260628292962,3.844819024676103,16.394982260833405,533,37.89482909503645,31,1.2224138417753694
24691,10.928557526987722,3.7332620621703154,12.572969048419237,408,55.9510992038628,30,1.8650366401287601
24692,9.500520532749789,4.155184755511929,14.282207335671968,479,33.983845772132696,33,1.0298135082464452
24693,10.223787260067262,3.4999793199857794,15.130112376695362,458,72.17788995409452,28,2.5777817840748045
24694,9.941588859939655,3.8259243299554457,16.9642761304545,537,47.46769149355625,29,1.6368169480536638
24695,10.133661927557682,3.4346845808338067,19.882358567806254,593,44.95904394467253,27,1.6651497757286122
24696,10.205559228747969,7.268937819517412,0.7358706777059497,35,12.109081791459404,18,0.6727267661921892
24697,10.15808843182255,3.6025602764640743,15.891482451731385,475,71.37680479745786,30,2.3792268265819287
24698,9.358474625896248,3.7369065208716052,15.283518248488107,483,53.4406947941247,31,1.7238933804556356
24699,9.554965432603913,3.595379616978264,15.783063909729407,481,41.35420587346243,32,1.292318933545701
24701,10.238489281035916,3.6705598793731653,17.871339365424898,564,31.6746474125875,29,1.092229221123707
24702,9.353154137325598,2.8350988132244876,15.016083293816747,374,35.22665118701303,24,1.4677771327922098
24703,9.346133054549135,3.349423322530183,8.352385645832035,238,45.72173155358728,25,1.8288692621434912
24707,9.13777847336393,3.8804631133555607,8.110679675318906,254,48.355874326963544,30,1.6118624775654515
24708,9.34613151669129,3.461790079737986,8.289184841534235,243,33.281973743907024,26,1.2800759132271933
24709,9.647967227611062,2.906137598978024,10.178185389021326,253,25.2207172031818,22,1.1463962365082636
24710,8.614065110537204,2.327883184183594,6.401235287604799,137,18.24936483269385,18,1.013853601816325
24713,10.139458378740692,4.070386928899168,18.240912580296797,613,41.18777140364784,31,1.3286377872144464
24714,10.05089650262015,3.7780731182361977,21.225577519514626,674,53.950348994184466,31,1.7403338385220795
24715,9.821169484818848,3.897916916436776,18.971001804194326,638,48.691161447093585,32,1.5215987952216745
24716,10.32107966655713,3.3996279761033765,22.36537815447688,645,65.09990690257796,28,2.32499667509207
24717,10.650193747965622,3.776174648286328,19.34854498096292,605,34.14119406505567,28,1.219328359466274
24718,10.163875031674081,3.8694479244083477,19.771547376331505,621,36.3367334345031,31,1.172152691435584
24719,10.437760139610027,3.828115467591465,16.95556626454528,534,45.15002350524688,30,1.5050007835082293
24720,9.451849034546468,2.966566811706435,15.991642776179347,408,43.13203272887875,23,1.8753057708208152
24721,9.389824508424395,2.9845658472326537,15.585076386478105,401,45.24365518238236,24,1.8851522992659318
24722,10.077602842705366,3.6031603831753993,14.550773652266367,419,48.21535489555947,26,1.8544367267522874
24723,9.522181972514296,3.4556342853007878,12.83643011948302,386,64.19372490441093,28,2.2926330323003903
24724,9.334332839004436,2.5594706565727265,7.686578735457733,166,11.438480300286816,20,0.5719240150143408
24725,9.334067680488342,2.523982620936625,8.148858959731605,190,31.85593485828012,20,1.592796742914006
24726,9.21393664663827,3.539416244240854,5.328323920818314,158,27.312989957571695,26,1.0504996137527576
24727,8.516563050935664,2.4867057282642984,5.534639423706688,125,37.82032052800964,22,1.7191054785458926
24728,8.853545397231686,3.331158779840384,6.106028066880148,167,24.043102223186455,24,1.0017959259661022
24729,9.516235207289563,3.306887323940788,6.322823688408764,177,22.780289865651607,24,0.9491787444021503
24730,9.457573461823612,2.986723113529417,8.122137880887104,215,16.17853512674795,24,0.6741056302811645
24731,9.32788419144485,3.173652416809494,9.860866821315529,267,19.96631283121608,24,0.83192970130067
24732,9.565838250942305,2.424064979521645,11.575681666207057,249,24.313322843091665,19,1.279648570689035
24733,9.584873170902954,3.597132005057016,3.522032858992891,99,40.083534272684474,21,1.9087397272706892
24734,9.670852855868995,2.72616451480508,9.418543693344144,220,24.996251764544176,19,1.315592198133904
24736,8.888946924682282,2.402833121153455,11.462675482411967,245,14.875956613854793,17,0.8750562714032232
24737,9.980823293296064,3.6206143729732805,4.126036537658835,120,20.629240146688172,26,0.7934323133341604
24738,9.653345438607278,2.74203106012427,11.803630544661393,286,25.21883243292733,21,1.200896782520349
24739,8.54323111230295,2.6951374410175335,12.264315286531161,289,13.599016878237432,21,0.6475722322970205
24740,9.059547517043987,2.9512651421398033,11.081587336773357,288,38.324793496957625,24,1.5968663957065676
24741,9.281786710983065,3.0398249109097586,10.032743992560123,261,27.006132596542717,23,1.174179678110553
24742,8.704016637737078,2.784244845830325,12.640721242303258,318,18.749510181425393,21,0.8928338181631139
24743,9.886187576320033,2.751349469385702,11.785640795288113,282,22.29872670188975,20,1.1149363350944874
24744,11.160389657207297,3.8345235815408087,1.4292846622735609,44,6.615642655848249,20,0.3307821327924124
24745,10.055504250333302,2.725620496466269,7.054802658847539,171,16.103062966912855,21,0.7668125222339455
24746,9.212782988941903,2.7889037871654008,10.880315197875552,274,26.809900477693994,22,1.2186318398951814
24747,9.701293770984055,3.105516922975562,6.870244027399149,173,21.830640791797403,23,0.9491582952955393
24748,8.906957646184436,2.6991529642247314,3.7622517581823502,82,15.658849286667973,17,0.9211087815687042
24755,9.176497274863598,2.7691977525671074,5.520566585638065,124,23.836956754121882,20,1.1918478377060941
24756,9.319491612675522,2.801550280663151,7.048262036679488,163,28.74857455510762,17,1.6910926208886836
24758,8.577783772821972,2.569750090395337,6.56222204679576,152,37.43920109566389,21,1.7828190997935185
24759,9.20305204930895,3.0038652317212318,2.259712895742424,64,13.886494772617802,14,0.9918924837584144
24766,9.164097264447701,2.9084000324305923,10.561695053190988,253,21.816249113990857,22,0.9916476869995844
24767,9.575091793519876,2.985499892199811,10.94937965508034,276,21.385961319512596,22,0.9720891508869361
24768,9.68675464763372,2.402172217039484,11.345188939196902,245,22.552679091115703,18,1.2529266161730945
24769,9.801174293650615,3.807941312576463,3.3793586371370092,103,28.788748069140436,28,1.0281695738978727
24770,9.140634441597292,3.0601788808210584,17.275368210282277,462,24.28412625602629,24,1.0118385940010954
24772,8.928770245750249,3.0477337480667543,10.570708281386253,269,48.44264917881142,23,2.106202138209192
24773,8.506158948229137,2.250867460934158,6.884215587918593,145,26.53439357651767,19,1.3965470303430352
24774,9.433725962491645,1.9428606726791613,4.8030848580004735,88,10.28586214815449,15,0.6857241432102993
24775,8.758981107743425,2.8498705073951984,5.411543444754068,132,52.38025673852831,22,2.380920760842196
24776,9.335385570875879,2.8262888431705635,4.9932045378835515,121,35.51907895843249,20,1.7759539479216244
24777,10.889572201205667,3.3690234193086392,4.39261644070665,118,20.147682833191638,22,0.9158037651450744
24778,9.155183942754642,2.067232324855813,3.4791299478872464,65,22.70738797598488,15,1.5138258650656586
24779,9.463836077817385,4.162389484859699,18.644611614256643,554,54.019141876054725,37,1.4599768074609385
24780,9.037620072523067,3.7713090336411113,13.751420396775616,385,60.944781936782995,35,1.7412794839080856
24781,8.579169039866038,3.432381394694316,20.407869966844974,524,59.375708740837624,34,1.7463443747305183
24782,8.745990222287334,3.763880818051503,21.373420775949434,587,37.243608192522224,34,1.095400240956536
24783,9.05985537115056,3.739085928116259,16.988026910380587,470,44.60668323611899,35,1.274476663889114
24784,8.127623954735085,3.9916065578373705,19.533531838441906,566,69.73034587311184,35,1.992295596374624
24785,8.862522769130878,3.615508718289324,17.495828982477377,479,77.64330299241912,36,2.156758416456087
24786,8.683781045775365,3.654914831895313,15.787766176706317,422,63.780835926838265,34,1.8759069390246548
24787,9.111832861244288,3.6140609899196314,20.55599302185599,566,44.48671574498421,33,1.3480822953025517
24788,8.997310686573018,3.740116468997336,15.777069669811217,433,26.142699690412066,34,0.7689029320709431
24789,8.865316947314309,4.032513788071574,15.590558730636918,448,42.93625631831173,34,1.262831068185639
24790,9.003007410219169,3.67524845977968,12.8109962352147,348,52.423810680313395,35,1.4978231622946685
24791,8.0699675796066,2.9123301328727913,7.324060230659744,176,17.858345774189875,24,0.7440977405912448
24794,8.324184459851105,4.290359626335168,3.445629547814837,105,27.563112446943776,32,0.861347263966993
24795,9.217341515762666,4.190403861667389,5.370249695211724,154,45.14154976962686,37,1.2200418856655908
24796,10.924560103726106,0.7773720450860958,1.6856224222790157,20,8.498194619820508,7,1.214027802831501
24797,8.636924574662915,4.415288495663861,5.75365001319313,180,33.187403880930546,36,0.9218723300258485
24798,8.914474153028312,3.625303342061764,7.5133214549849825,199,37.24127337768288,33,1.12852343568736
24803,9.476523994910448,3.5602063926536283,15.507698135737218,432,34.19320654808573,32,1.0685377046276792
24804,8.685361835076794,3.7622387994627076,17.373065051653604,490,38.9299003475568,35,1.1122828670730516
24805,8.330041208270877,3.848013158544022,20.751339283291674,593,49.15828026661806,34,1.44583177254759
24806,9.393828065472142,3.9862953102941376,16.62100345380059,487,48.67656825883496,36,1.352126896078749
24807,8.951112018607448,3.545973703113964,19.290967565618708,505,48.890183445313895,35,1.3968623841518255
24808,8.65398463212509,3.700109342814104,20.845404560542367,561,84.10378930392979,33,2.5485996758766603
24809,9.600911669241524,3.658711733508507,18.915436771826148,527,54.82078495953442,38,1.4426522357772216
24810,9.121612210275154,3.6643935336243714,18.58354613049363,503,66.86187484365382,35,1.9103392812472522
24811,8.738923751145645,3.549263915507381,14.727445242006706,384,46.17114827555985,34,1.3579749492811721
24812,9.221303600246998,3.5199051591187973,15.054178656853063,402,24.315646276747064,32,0.7598639461483457
24813,8.238979770664612,3.9684265386154904,4.132123613712659,118,23.653222816411102,30,0.7884407605470367
24814,8.948271934546462,3.784283406164927,7.1342147269178975,190,63.0077776478071,34,1.853169930817856
24815,9.20794546145365,4.330093393855477,6.947150357499794,212,31.72230901834126,34,0.933009088774743
24816,8.384023019601251,3.883512054652647,6.776605191984121,189,33.93945269215999,33,1.0284682633987876
24817,8.962080509286658,3.932533189291968,7.012892276122312,205,41.16840275019056,38,1.083379019741857
24818,-12.71077121404665,6.360000083095082,27.178246497787,90,4.711284334513699,6,0.7852140557522832
24819,9.100717085636237,2.719675966487234,4.473291634572565,108,24.206535932957745,25,0.9682614373183098
24821,8.281448436579135,3.1238683970315293,1.21614895932388,27,6.861161209828566,14,0.4900829435591833
24822,7.594718201562449,1.5545359864288852,1.4492149294203187,25,8.048329978874817,7,1.1497614255535453
24823,10.613490388869293,4.028050160262934,1.2601440579007233,38,10.795881523136632,19,0.5682042906914017
24824,1.4874977240304101,0.32226077989829616,2.029919075113947,32,1.0040216988430504,1,1.0040216988430504
24825,8.081522211558203,1.9659766260153704,1.663070596728765,29,7.210104910464201,15,0.4806736606976134
24826,1.029559339508021,4.330202811138255,1.1185230046280163,46,4.65345135176752,7,0.664778764538217
24827,9.533913202131064,1.8528418426960978,1.6824001248540486,28,8.9676278110109,12,0.7473023175842416
24828,7.023232999091007,0.6469146344672028,3.0991079196556477,44,9.512779716604893,9,1.0569755240672103
24829,9.428576145283262,2.3988991863301727,0.8265743277131649,20,4.636207788565383,8,0.5795259735706729
24830,7.336472930824055,3.194071484896797,0.7511352875198253,20,3.8081268522469065,12,0.31734390435390886
24831,6.97662013383479,3.236243248360873,0.7792894376556305,21,6.328575863269743,7,0.9040822661813918
24832,5.975324175833,1.2705028046785964,2.0882463337279837,27,4.8912267557275495,6,0.815204459287925
24861,10.530270911378723,3.431575451135309,2.244641330044374,68,15.041831917402423,20,0.7520915958701211
24862,9.446732058750069,4.11630563288678,1.7584842655391608,61,11.439286808367882,21,0.5447279432556135
24863,9.791926672246694,3.595969042168366,1.8403482226063095,56,10.536785923995854,18,0.5853769957775474
24864,9.347877705515485,3.7031176104329506,2.393173002334272,76,13.472385587017348,26,0.5181686764237441
24865,9.988202178795564,4.320226129998297,3.028363749383148,96,29.60410381903868,31,0.9549710909367316
24866,9.297382269421371,3.47234513946897,3.6829104382804254,97,40.65330139248053,28,1.451903621160019
24867,9.16767352662224,3.9352306877846073,3.8863743685980148,115,31.969586724862168,35,0.9134167635674905
24868,9.6377559551501,3.673026066885815,2.304827514323762,61,16.922871136122957,27,0.6267730050415911
24870,8.245673058663794,3.1028668590486777,3.1578424826722062,88,16.93579194223489,24,0.7056579975931204
24871,9.249322539047693,4.187355860354452,3.3379762826016584,104,40.62728804890426,34,1.1949202367324783
24872,9.195582835364922,4.535133909342728,2.881336300869877,98,23.64365034253951,33,0.7164742528042275
24873,7.48575329436069,4.808314268599272,2.920210354135521,102,28.695344632673525,31,0.9256562784733395
24874,4.788837647588567,0.12650096732927885,7.466586167808279,23,6.000000001809049,5,1.2000000003618099
24877,18.795126251355587,6.569003841195135,25.097378824951516,1238,74.30085125956695,65,1.1430900193779532
24878,19.37037409997589,7.453135051293578,124.60207179731098,6856,212.19825978943143,74,2.867544051208533
24879,18.800635148264558,6.865356990421427,25.734184282511112,1314,106.07585693305907,69,1.5373312598994069
24880,18.59852090327416,6.64412770504766,175.34863904744103,8788,221.37678632772315,66,3.3541937322382296
24881,18.788299840555805,6.679350465169466,176.62561798884477,8878,199.54539392477406,66,3.0234150594662736
24882,17.782416705985842,5.6063791965471,124.74100432793468,5472,154.28447898465558,56,2.7550799818688496
24883,16.906737595237896,5.001996756471569,63.972667460471364,2502,120.80388744223539,49,2.465385458004804
24886,17.75108970197853,5.813635097041932,107.97620910903296,4850,108.67949282102711,57,1.9066577687899493
24887,17.833907051252172,5.4797704701669945,91.00593252959018,3943,101.78553686665296,53,1.9204818276726974
24888,18.11316318588879,5.809224517607452,104.00259791892812,4656,111.93628748586183,57,1.9637945172958216
24889,17.229639329948316,5.283889511033895,96.51557962882914,3971,126.89596367086502,52,2.440306993670481
24890,16.512242877186456,5.135827932338978,54.075894528928686,2130,70.11707298895988,48,1.4607723539366642
24893,16.478066769362016,5.496270122935531,46.22211459318767,1851,94.88614268308106,54,1.757150790427427
24894,16.594833910419112,5.2670386862515794,54.20376302680856,2197,188.41661736341192,55,3.425756679334762
24897,17.29748159520661,6.299694701234273,75.7005827315775,3523,165.88342602612803,63,2.6330702543829845
24898,17.408946044453526,5.970430887182814,194.38898594508885,8814,399.8111738934714,60,6.66351956489119
24899,16.64184856081502,5.288833989161638,59.39903846825236,2399,94.95190461886042,51,1.8618020513502045
24902,17.30213612134355,5.451513821461264,39.61896405409991,1650,115.45409631375196,57,2.0255104616447714
24903,17.40732467419017,6.061385541112347,100.90850927502191,4604,200.82935734045728,63,3.187767576832655
24907,16.779934517538177,6.466435285076605,118.83376265486307,5654,210.95248811022077,67,3.1485445986600116
24908,16.569607986289626,6.293946048104003,138.483515882515,6536,237.62693540659382,65,3.6557990062552896
24909,15.582305562484699,5.362124735458302,75.14820079374887,2998,147.65842181857926,57,2.5904986283961273
24910,15.361795865486364,5.028592413009079,75.69116894286914,2889,60.04352121923418,51,1.17732394547518
24913,16.521083305753642,6.295803817956987,149.06998809761626,7023,173.28715530969387,65,2.665956235533752
24914,16.55248843461637,6.498723778563989,58.04975289915407,2804,138.26204976306153,68,2.0332654376920813
24915,16.17670893508234,6.386194458625711,95.52962245789442,4540,147.77611418206763,65,2.2734786797241173
24916,16.338756255093774,6.545382687220387,89.69505761802185,4367,162.70154085823683,65,2.5031006285882587
24917,15.329340900137982,5.860785943817671,11.912119722562808,522,102.83852954095413,58,1.7730780955336918
24920,15.78797798177557,5.6489436628280165,107.64604231716335,4565,141.89353941009955,59,2.4049752442389756
24921,15.148047066174323,5.36684255753133,52.742104339160846,2064,88.91719977527083,55,1.6166763595503788
24924,15.417040283389873,6.3751297407704985,87.73084877253868,3951,492.7523270735975,65,7.5808050319015
24927,16.260863544124422,6.344311060312861,51.943310833523526,2476,103.31531871992414,66,1.5653836169685476
24928,16.21702108735268,7.095681626344263,139.94324791157254,7018,541.0528137237222,71,7.620462165122849
24929,15.684028509670876,7.560395118136691,85.42869991111549,4425,426.19433001839064,70,6.088490428834152
24930,15.36647712108911,5.943317622211419,68.40356728619383,2900,261.2107935544387,61,4.282144156630142
24933,15.751326707019173,7.013202309114578,97.5022807265374,4793,438.94441634832924,69,6.361513280410569
24934,15.489943770236097,6.913473130330509,86.95977168760894,4209,316.99044283024494,68,4.661624159268308
24935,15.885407700987086,6.468171217427736,90.48741842079299,4267,304.6943366011491,67,4.547676665688792
24938,16.06368747516488,6.634595369000732,133.82298101415017,6549,309.43942674992905,68,4.550579805146016
24939,16.519796452846624,6.5274917263951995,58.93833233134494,2861,83.98048939527395,65,1.2920075291580608
24943,16.526796152026748,6.221785477937011,155.3081748839417,7265,161.2581639297181,63,2.559653395709811
24944,16.391047347741267,6.164535874727298,148.30374892854772,6880,196.56073655488598,64,3.0712615086700934
24945,16.31831510335341,6.915002027189096,92.78646190288745,4651,204.29073247921173,69,2.960735253321909
24946,15.118130720879282,5.123475120883218,80.13231193275396,3087,178.18603042938804,53,3.362000574139397
24947,15.317262379372714,5.556145266937564,72.43243801073754,2991,132.71521883182754,58,2.2881934281349574
24948,16.178125355395327,6.4590116759615235,165.05051334348934,7894,255.3902885914641,67,3.8117953521114045
24949,16.498556958689967,6.362744719695156,153.19353029826794,7296,159.75751588835743,64,2.496211185755585
24950,15.331258273684636,5.588266805307894,108.51059015061391,4526,117.67866240015611,56,2.1014046857170734
24951,14.898487512120772,5.185595755403476,62.99319274524278,2370,119.33236192366344,56,2.130935034351133
24952,15.097461320616375,6.576792012453964,103.9188586417695,4787,358.5386650010297,64,5.602166640641089
24953,16.43483024070676,6.327536247048165,146.3864405068859,6862,209.96272599923807,67,3.133772029839374
24954,16.172369590119594,6.885786075093676,134.69585436261374,6683,252.02737886777805,68,3.7062849833496774
24955,15.19492936314944,5.691541846975388,72.26014818355706,2988,188.741790796399,60,3.1456965132733163
24956,15.741671415515563,6.871293865785959,54.76331538208152,2663,226.1627771349087,69,3.2777214077523
24957,15.892794679153502,6.341239739788344,49.706050322210196,2312,121.13543680035978,64,1.8927412000056216
24958,15.763430727921623,6.956855258492644,88.96610548966774,4374,338.8529066608737,68,4.983130980306966
24959,15.480587245337915,6.9106471755251695,92.6499475611747,4531,437.43753411331727,69,6.3396744074393805
24960,9.633550974029891,4.827226099365187,13.3475225449606,495,62.1585948548789,43,1.4455487175553232
24961,10.232582161790607,4.731717628594949,80.81867169091127,2937,60.53220194801713,40,1.5133050487004283
24962,9.89628214039178,4.378505923409417,75.5100270094003,2621,55.5470109811522,39,1.4242823328500565
24964,10.023298210904295,4.625031125642089,82.05931129458119,2956,78.80974779463448,40,1.970243694865862
24965,9.875487869278825,3.9634204179183583,53.08438320146,1675,46.15139949046471,34,1.3573941026607268
24966,9.515025088072562,4.223565349477659,40.7352891554567,1313,61.78450099124959,36,1.7162361386458218
24969,10.135267167885676,4.793777680009954,91.34400181766046,3423,84.21388271870097,42,2.0050924456833563
24970,9.870720905167616,4.353163527384709,107.4822392989129,3766,143.46802289976335,40,3.5867005724940837
24971,9.916767682133973,4.5647864237990605,99.76521773952932,3586,105.7480923951366,41,2.579221765735039
24972,10.017457723383059,4.663890973865883,101.30243423897544,3671,97.51494390202501,41,2.378413265903049
24974,9.630384891615742,3.9047304489420243,53.85912292746896,1667,44.35864440374961,34,1.3046660118749884
24975,9.7220197748493,3.9189677111801555,53.8564913907255,1673,38.39592788812419,34,1.129291996709535
24981,9.75391386603053,4.446622212628512,66.68712705213738,2337,77.85250274898794,39,1.9962180192048191
24982,9.796628722906176,4.119198127123519,76.45552781735417,2513,51.965829087815116,36,1.4434952524393088
24985,10.01826187830152,4.2899015009129435,104.27526096120255,3573,458.9803077212835,39,11.768725839007269
24986,9.90051780161794,4.283498558420091,102.58278651642101,3520,271.3859102978602,40,6.784647757446505
24987,10.314799081231202,4.461491972796284,90.58477437791036,3189,263.86933401846034,41,6.435837415084398
24988,9.675898661603535,4.030278838961396,42.794731683340416,1335,37.74968657241032,37,1.020261799254333
24991,9.807512874345507,4.538646006668517,70.34951540309271,2492,102.80529013939173,40,2.5701322534847932
24992,9.986747177225121,4.3847388871787665,69.30945393013543,2392,103.3095662694023,40,2.5827391567350575
24994,9.91217970695308,4.652045892270145,70.01769888282486,2500,87.4118757403358,42,2.0812351366746618
24995,10.25868030481656,4.476984213278523,64.82324610546519,2331,59.86499701850821,40,1.4966249254627053
24998,10.05476073628115,4.565240455774926,86.37080405095845,3091,170.63630915944304,40,4.265907728986076
24999,9.700188034462563,4.513842186470254,84.37204407020852,2994,85.90157461465262,40,2.1475393653663155
25000,9.183264842623476,4.041073282925899,41.958359648324475,1324,50.98003176912212,35,1.456572336260632
25001,9.70001489215316,3.98860636015676,39.66286562471588,1240,56.14869566512983,32,1.7546467395353071
25002,9.417604606396878,4.169030910817751,51.39190479568256,1677,55.039596559556635,35,1.572559901701618
25003,9.59409636172655,4.11489765792244,46.65710418928679,1482,98.47533148186275,35,2.813580899481793
25004,9.419878529515266,4.211635118418146,71.58174700339072,2391,71.13332182408477,38,1.8719295216864413
25005,9.85040303758136,4.0563277478770186,69.13695263191123,2236,52.01650963653718,36,1.444903045459366
25006,10.139641571358428,4.256741960336498,70.00150502551038,2430,62.86209159954304,39,1.6118485025523857
25007,10.00839301148267,4.582201458908606,81.54723674143644,2913,94.39630898833718,40,2.3599077247084295
25008,10.389972504735328,4.312146145906758,10.733339626019308,382,35.73025127137811,38,0.9402697702994239
25010,22.252282140415396,7.994370290791934,42.630109279590044,2415,123.46056433522645,75,1.6461408578030194
25011,21.81903881679709,7.486607638870969,46.01566095074816,2495,125.25866078197413,74,1.6926846051618125
25012,18.36993164648556,4.798568787774268,33.429844365995926,1357,43.69186626162021,43,1.016089913060935
25016,21.133608887801337,6.902297121213053,22.762829688685184,1189,73.13834321879247,64,1.1427866127936324
25017,20.98577297473415,7.347621247696648,42.996222930314254,2321,91.17407866777387,68,1.3407952745260863
25018,20.719363099483722,7.121486782142975,17.95655573712443,977,90.91760302742648,65,1.3987323542680996
25019,19.09213199829735,5.6137663241185045,29.607252268334094,1382,52.55177473041597,51,1.0304269554983523
25020,17.972518571227077,4.306206921253115,19.611581860518626,738,73.92759642765166,36,2.053544345212546
25026,19.26238403562261,5.497007833439915,25.428711564963766,1138,64.59613528187785,49,1.3182884751403643
25027,18.892787644083377,5.210125388128254,24.902762321947694,1063,48.325699500789256,47,1.0282063723572181
25030,22.02174787027427,8.040095714582444,36.92493970299354,2109,136.8159254616917,74,1.8488638575904284
25031,20.932764227549402,7.632953112029762,21.34978859257868,1185,84.51829011697336,71,1.1903984523517375
25034,22.063902465996506,7.364352188685855,18.94237770429974,1030,98.29129359842666,71,1.3843844168792487
25035,18.149754043833383,5.083947672140865,23.00879717034911,975,61.6416271397195,43,1.4335262125516164
25038,20.936200437675943,6.753397600616683,24.768586115601057,1266,104.05807795622485,62,1.6783560960681427
25041,20.754963843336053,6.627819675860894,25.242178594637842,1281,98.99640845503394,60,1.6499401409172323
25044,18.46093364144764,6.2887305389578305,68.660103171615,3307,122.71015077952018,59,2.079833064059664
25045,18.10164477170114,6.240358458015884,74.09951242514238,3575,278.4806249845117,60,4.6413437497418615
25046,16.056951489830176,4.498235026371398,43.456846495031414,1640,54.58735232885386,40,1.3646838082213466
25049,17.34972298983628,5.817330136628009,67.61898659467454,3119,176.6939003355719,58,3.0464465575098605
25050,17.603264421499045,6.054326467917522,71.40568130198977,3419,144.91121427928596,57,2.5423020048997538
25051,17.777882480508207,6.02198048516676,40.761915715551574,1922,112.38300277590096,56,2.0068393352839458
25052,16.085261908083265,4.999520834538923,47.74089528638089,1953,73.36787299661766,43,1.7062296045725038
25053,15.333687778133271,4.4599530357995185,25.385811485735548,930,61.475352717136545,34,1.8080986093275455
25056,17.09865516186198,5.259071389274361,52.56817811417582,2240,115.58559937990678,49,2.358889783263404
25059,17.652319140055997,6.251570997837191,62.48902249247521,3043,148.86492957603818,59,2.5231343995938675
25060,17.636648388538347,6.096539200560626,66.45933907027786,3135,114.13687020747223,57,2.002401231710039
25061,17.478313546905177,5.514078183641813,59.913904531416186,2642,70.83677957391347,50,1.4167355914782696
25062,17.744245647767663,5.944720554142258,34.73381015706322,1634,117.0750897711314,55,2.1286379958387527
25063,17.689249297823658,5.81995811778897,18.504930681632718,838,96.75994635658684,52,1.8607681991651315
25064,17.418134592002524,6.009525742593141,24.697926290015037,1182,74.46395705867496,55,1.3538901283395448
25065,17.901466508645072,6.099298199813829,74.62658277364379,3558,119.14177990537628,58,2.0541686190582116
25066,17.53776242821018,6.171550948319697,69.18087109462917,3332,122.03162663185292,56,2.1791361898545163
25067,18.002893822154963,6.032089506528145,68.59380199331343,3216,406.50263600930526,58,7.00866613809147
25068,15.963508005923023,4.512749653509159,46.49142347544529,1747,58.8025446960353,38,1.547435386737771
25069,17.985309259292507,6.321254765517183,65.53197006990047,3167,137.5781710364193,58,2.3720374316624016
25070,18.027997602535688,6.252982076989515,59.72150174563656,2887,77.91753865960389,59,1.3206362484678627
25071,17.790223707992023,5.796381702463464,75.64311687476966,3450,124.14665038241591,54,2.2990120441188133
25072,16.598613637390173,5.096277154254346,46.626976604555274,1907,67.589403844882,41,1.6485220449971218
25073,15.134611693888505,3.9898388352474883,30.84278472724186,1043,35.230073194809435,33,1.0675779756002859
25074,16.593670069942544,5.137904051614575,34.43457494256098,1449,92.64306130434557,45,2.0587346956521237
25076,10.100166238357437,3.7042397056101115,63.264635539024084,2043,63.02601236722547,31,2.0330971731363054
25077,9.981509885015575,3.812616657844734,59.76067541268336,1953,68.22835793793554,32,2.1321361855604857
25078,10.131940595681954,3.8682545699961177,64.91008369156312,2113,59.21898565003552,31,1.9102898596785651
25079,9.941337831356211,3.497355562867018,38.79903498629939,1176,31.717378809465455,28,1.1327635289094806
25080,9.532654618070442,3.565354570196285,36.58273015922404,1117,46.12710403955109,29,1.590589794467279
25083,10.16042176120809,3.7745611626802518,44.322988972226796,1432,211.7994925132789,33,6.41816643979633
25084,10.397044374798027,4.275431998595287,80.29386284898047,2862,160.32593477625608,36,4.453498188229336
25085,9.97231227311018,3.998940322340462,50.61640335206909,1714,277.57339573430977,33,8.411315022251811
25086,10.35491903536182,4.173499393365171,68.29241696744124,2423,76.81171735540973,34,2.259168157512051
25087,9.610639354166773,3.4866139523662874,27.62386360402478,831,36.8950460571301,27,1.366483187301115
25088,9.72641441749343,3.4760503856653973,30.076599606077824,889,31.590402644888318,29,1.08932422913408
25091,9.906091280466567,4.290702125715478,7.085362527707405,253,29.888509032308868,36,0.8302363620085796
25092,10.293301207214439,3.9245750002420707,48.77858468952937,1626,84.70118603842215,32,2.646912063700692
25093,10.132076578825789,4.001641499922379,51.253632822041794,1706,54.408609442240206,33,1.6487457406739456
25096,10.612552564965535,4.408435007036002,83.23381109278148,3072,86.35267553053814,37,2.3338560954199496
25097,10.786314201581538,4.439972190423699,80.53188150206744,2968,74.60280674410866,38,1.9632317564239121
25098,10.916989268978512,4.266279876151467,85.73613645226105,3135,87.76337169152494,37,2.371983018689863
25099,10.085336053365149,3.7611248135806914,41.51228228765776,1294,49.744275174087946,29,1.7153198335892395
25102,10.515210081382206,4.209196601856724,92.65953985784442,3269,181.9278861413042,36,5.053552392814006
25103,10.981957201518748,4.352345551399973,66.94242984934668,2424,75.37975132131939,37,2.0372905762518756
25104,10.553042606285965,3.876701197657115,64.03224733868979,2152,80.31775353951478,35,2.294792958271851
25105,10.824981434626002,4.37797665529071,62.48402172028302,2282,113.31545341919396,37,3.062579822140377
25108,10.753968944999434,4.104019716448998,75.85241007144273,2663,81.33135509109891,35,2.323753002602826
25109,10.375557748646765,4.065507703268681,80.77248081672299,2762,226.64857188022262,35,6.475673482292075
25110,10.6021819724078,4.415387066103271,76.59625331517084,2806,97.6960913274956,38,2.5709497717762
25111,9.576953548900445,3.355746226156648,52.38991569779338,1506,65.58585297415058,28,2.342351891933949
25112,9.710133077030441,3.8079786037756005,47.135223449099996,1489,235.21078232397377,31,7.587444591095928
25114,10.662264521019466,4.5455514852070005,90.65842520350994,3432,485.2619978950085,39,12.442615330641244
25115,10.781721100819917,4.562092974076919,92.46327260904711,3467,149.3476721031393,38,3.930201897451034
25116,10.784845635018963,4.32494329771276,89.48320556545637,3225,79.59859070544098,37,2.1513132623092157
25117,9.741314390315809,3.410736684063562,40.09891297469894,1212,47.483669014445084,29,1.6373678970498304
25119,9.647174807613757,3.607458218282465,46.45767658402807,1410,50.86245906839394,29,1.7538778989101358
25120,10.396353624290592,3.795531726758416,52.63573902413906,1692,93.1304714470519,32,2.910327232720372
25121,10.066872964422735,3.805283110545678,53.50696191012458,1725,134.29105936500451,32,4.196595605156391
25122,17.304142414650165,4.180792724669282,65.60780711122864,2364,70.03549931776772,34,2.059867626993168
25123,17.17782701126001,4.928269769517441,54.667941665216944,2198,52.84229247926309,42,1.2581498209348354
25124,16.28148534921919,3.993773239907634,55.805149167851404,1908,45.69426246750245,31,1.4740084666936273
25126,15.116307799582179,4.30370272625694,3.122071577113999,115,30.383006898106647,30,1.0127668966035548
25127,16.56465325242354,3.9241296549805496,44.6557509528547,1512,43.93051266564109,30,1.4643504221880363
25128,16.464828742055584,4.025580556293772,43.56518767879257,1485,50.30850223694539,31,1.622854910869206
25129,16.716121027578133,4.011648307875402,47.60085088431105,1615,81.79709388330818,32,2.5561591838533806
25130,16.20603339731156,4.201424315711898,2.096094401605335,74,14.53885781618692,27,0.5384762154143304
25131,16.347011154722086,3.6173013308860735,32.66742720100225,1055,54.65161920065808,29,1.8845385931261407
25134,17.121610046960754,3.8306769306063693,26.48813769951563,884,63.7483950350915,30,2.1249465011697164
25135,16.32576857992036,3.645051449784706,28.161066083725235,924,30.859044025929006,29,1.064104966411345
25138,15.652378727682834,4.569296742328341,142.0253478112186,5434,102.55086635037215,39,2.6295093935992857
25139,15.886932119144866,4.802432279217763,156.45168149405356,6201,128.6893375358217,42,3.0640318460909928
25140,16.312307618957092,4.880183354435664,163.9613316248336,6501,127.0530256197598,42,3.0250720385657095
25141,14.887751195403844,3.957424884990506,113.9573260164181,3825,67.39986866580895,32,2.1062458958065298
25146,14.592824142524318,3.930200774018732,86.92841097778252,2902,57.06362196691821,31,1.8407619989328456
25147,14.781669848224887,3.92261038664788,23.282834776055104,768,75.42460530865299,32,2.357018915895406
25148,14.885727828579116,4.021800502566765,77.50138737751071,2604,107.71021793312269,32,3.365944310410084
25149,14.454895729544612,3.859558106015458,71.70061163915763,2356,50.594509627723404,31,1.6320809557330132
25150,14.654305864127393,4.050354529307661,91.86635489881716,3126,62.73437567531921,32,1.9604492398537252
25151,14.365390092065788,3.455221260572333,58.6636179479335,1753,98.20600193963904,28,3.5073572121299654
25154,14.03097260621992,3.8931229926770663,50.76153231187676,1646,64.88485819576596,30,2.1628286065255318
25157,14.844099829182895,3.9244745837146344,43.110038798187574,1423,88.8035945515683,32,2.7751123297365092
25158,14.949676283064791,4.019719827152705,73.51001012578612,2485,43.03600313823507,32,1.3448750980698458
25162,15.004646837851404,3.952397073964338,126.96234718995062,4311,64.21176867215999,32,2.0066177710049997
25163,14.742080377958098,3.985045936526809,71.09483126952172,2419,49.66857629541994,32,1.552143009231873
25164,14.598856829876533,3.8398736105769617,69.7695960601764,2297,55.71884930396904,30,1.857294976798968
25165,14.522542630680094,3.7939348806563498,81.17802403296575,2628,64.42911822616631,32,2.013409944567697
25166,14.7296670480663,3.980585019021595,67.53137680262927,2283,181.24243428474776,31,5.84653013821767
25167,14.53959321061166,3.922187513175795,92.17901771326791,3060,51.651333464291774,31,1.6661720472352186
25168,14.81303159021285,4.044232299555083,100.6785299204651,3405,91.07337877167039,32,2.8460430866146997
25169,14.62838312938671,4.021693148518235,87.33482526985532,2972,76.32867057712272,32,2.385270955535085
25170,14.142305794165216,3.6478461099052346,57.72975821447563,1782,68.15672869815779,28,2.434168882077064
25171,14.05247297513422,3.4714775880202082,51.52368906636133,1543,46.18306719364885,27,1.7104839701351426
25181,9.721289264743712,3.6953913620932823,169.82905116781433,5378,2335.998948847346,31,75.3548048015273
25182,10.039806069648925,3.700209855548889,141.62981496966114,4427,88.96204006551262,30,2.9654013355170874
25183,9.91366516162103,3.5915427441724526,134.4871859927261,4143,73.90715996804067,29,2.548522757518644
25184,9.354278822478955,3.308405728870565,89.9276214316533,2558,56.90508430689278,26,2.1886570887266457
25185,9.203636043835933,3.1639147138461157,88.8065308470351,2406,173.52069820542863,26,6.6738730079011015
25187,9.402998566426781,3.2704454348867813,83.93805465021362,2391,57.066404032000094,26,2.1948616935384653
25189,9.554326600237387,3.6028610830947314,91.50242102371979,2778,55.62156913922258,28,1.986484612115092
25190,9.418750826325631,3.406109687619675,93.38371259940708,2699,71.5224627241652,27,2.6489801008950074
25192,10.319584943651895,3.9781893999783215,193.1611804530503,6516,125.72219899048301,34,3.697711735014206
25193,10.371270903604332,4.0555766658325405,163.59244347516045,5632,178.38658895235454,34,5.2466643809516045
25194,10.28468125093546,3.902098485657496,193.08701258958445,6421,231.176763948249,33,7.005356483280273
25195,9.894761913642483,3.8701972612610955,120.66907833549894,3938,82.11715856285205,31,2.648940598801679
25196,9.942198422758377,3.6943538880285245,105.93522244169702,3378,246.0754201799044,31,7.937916779996916
25197,9.705586908339239,3.684119081915089,118.0206406187374,3674,91.61235423313082,30,3.0537451411043603
25198,9.939650425011092,3.6776766717578484,122.44719372403952,3858,120.7381106386618,31,3.894777762537477
25200,10.359022560164675,4.1254732764285915,203.2847649676564,7063,180.29428510718503,35,5.151265288776715
25201,10.424475933133749,4.06233251547101,240.39955615448446,8211,504.85887044320356,35,14.424539155520101
25202,9.516783268903021,3.3898672926811373,115.00622356653753,3327,196.32897939534175,28,7.011749264119348
25203,9.832573655552617,3.5511040023683473,219.40218543568562,6664,127.72923829566341,29,4.40445649295391
25204,9.387718100339837,3.132043486656025,93.48595964643539,2533,60.04472719380001,25,2.4017890877520003
25205,-6.944712004887147e-06,0.00024970426415421554,0.0,2429,,,
25206,0.0003514232877382745,0.012370288595019431,0.0,2453,,,
25207,-13.09949801729665,8.732383516221056,579.5286731925981,2621,184.1083080173013,17,10.82990047160596
25208,0.00027427406189021493,0.006773449372376446,0.0,2053,,,
25210,1.2680573863508193,3.4953411695553176,50.21069946937663,1021,59.75068380631396,12,4.979223650526163
25211,-2.5663239400754394,5.403045449070653,70.7701300436558,981,75.82707248287778,14,5.416219463062698
25214,-11.65651300038768,7.939070816600574,421.7298848363795,1944,133.33624997724436,15,8.889083331816291
25217,-5.930997735970987,6.898473736801083,216.0431576774038,2372,116.33111577512769,17,6.843006810301628
25218,0.000403725014246443,0.0111383161406442,0.0,2669,,,
25219,-9.019342446704023,7.471655637107858,391.46526129594093,2747,160.2152258129606,16,10.013451613310037
25220,-3.608535136349289,5.728749436015435,82.72417376703005,1051,79.15584653155852,14,5.653989037968466
25221,0.19168329884976848,3.9975196678989438,47.97461627051411,942,63.505117819691606,12,5.292093151640967
25222,-29.701613886333917,11.57981731389897,4714.929034334621,2211,273.26151017387957,17,16.074206480816446
25227,15.663860299159346,4.973715941805361,249.17233732720157,9498,304.6495010422957,47,6.481904277495653
25228,15.780876465619611,4.82223433364379,210.05697859002055,7816,196.59769446644438,47,4.182929669498817
25229,15.483113523785109,4.559123607585296,113.93746052168102,3988,149.15434442962058,43,3.4687056844097808
25230,15.410518526610499,4.7695107279036595,89.74350937404098,3286,152.5078987904683,46,3.315389104140615
25233,15.309168570529398,4.773788732138448,111.19661098113801,4021,161.0294056684476,47,3.4261575674137785
25234,15.635251912260149,4.647270553168576,119.17297544339988,4246,183.18150618268783,45,4.070700137393063
25235,15.276178458777267,4.749603141948085,119.39091963983904,4313,103.65017396705646,46,2.2532646514577492
25236,15.497870790049234,4.709156054472686,60.81358895582888,2168,105.96220211908528,45,2.3547156026463396
25237,15.389623605408747,4.518861020670202,67.12182375220686,2284,87.5489974389738,44,1.989749941794859
25240,15.651475342250329,4.486246604977625,53.8495733174056,1856,124.68268970310497,46,2.7104932544153253
25241,15.513448837131,4.785550286548066,49.97087297252879,1762,251.263099610978,48,5.234647908562041
25247,15.527097409487201,4.693109787838433,141.83728972454844,5077,227.4644351092986,48,4.738842398110387
25248,15.735545871872699,4.923738472280238,136.1683504359076,5016,244.85821193128908,49,4.997106365944675
25249,15.909594299529694,4.741586188556095,63.746726060827676,2256,97.43093796420216,48,2.029811207587545
25251,15.47105151623781,4.821245883184003,63.58356503407108,2295,101.74957180831346,50,2.034991436166269
25252,15.699221002379064,4.745757760813142,61.841740135350896,2215,340.70447414419937,51,6.68047988518038
25255,14.538238031355984,6.3635359406301735,253.51050663390467,11465,699.7849596241808,61,11.471884584002964
25256,14.59907042756556,6.193432758894318,184.0854399350146,8203,524.9376537379459,61,8.60553530717944
25257,14.554508950184873,6.323032606295413,150.9441504530416,6819,475.7196043388361,61,7.798682038341576
25258,14.31120590803616,5.3427799879948275,209.48077955795176,8045,930.3199349086595,57,16.32140236681859
25259,14.148096726098203,5.241670591648338,196.6677422796064,7488,476.6919166116997,56,8.512355653780352
25262,14.192575908266392,5.148896269565325,244.0942041929248,9181,507.2285636068749,56,9.057652921551337
25263,14.242386338535576,5.438168336070131,247.2982386923147,9664,492.33524487197536,56,8.791700801285275
25264,14.342191889672598,5.479392307505859,205.0744174616452,8125,1323.076793052035,57,23.211873562316406
25265,13.84803278540111,4.753504328012645,138.20911589490981,4803,178.41385912475434,51,3.498310963230477
25266,14.02031701405135,4.804759432903939,132.41632227591776,4630,216.26318825046062,52,4.158907466355012
25269,13.849132438344789,4.838978000138628,92.4155085578206,3241,233.79842765574455,54,4.329600512143418
25272,14.297453187723413,5.498875304217505,216.39179339628305,8554,568.3483565011064,57,9.971023798265024
25273,14.148567129269548,5.65031225428568,228.26850426577195,9186,567.6988574194564,58,9.787911334818215
25275,13.993563201087841,5.28662694884725,130.45982505109248,5003,367.9683773397104,57,6.45558556736334
25276,13.901713169401527,5.667630418629118,121.35624755824693,4835,369.9846409231927,58,6.379045533158496
25277,14.1562582164625,5.565017256734744,119.46497444011995,4697,290.0675272420701,58,5.001164262794313
25279,13.554593910182815,5.302096015776205,85.7831918035911,3229,443.50052834779206,55,8.063645969959856
25280,9.4332211914414,4.515194695078618,203.94292823996832,6997,217.21962019844412,40,5.430490504961103
25281,9.432042286495456,4.222681382359906,216.08034030269974,7222,135.57054883818398,38,3.567646022057473
25282,9.154699808288644,3.565725872027963,105.1652210130908,2972,49.2042228722391,31,1.5872329958786806
25283,9.168268064670755,3.8022642447138506,111.56691972854854,3300,51.930446607961954,32,1.622826456498811
25286,9.440702689255083,4.471310039113479,235.84442281006318,8108,1908.4810183642164,40,47.71202545910541
25287,9.449139842338635,4.333274639388301,214.52974874671403,7249,104.38005659610005,39,2.676411707592309
25288,9.542346989431387,4.320067156236471,145.65212954477343,4958,97.75941169292707,38,2.5726160971822916
25289,9.059659970494204,3.9154889959295347,122.43376771078425,3747,88.85093857263534,35,2.5385982449324382
25290,9.048065586638533,3.942526891288089,113.90788971517838,3531,96.27978141520279,35,2.7508508975772226
25293,8.915080947242421,4.365730875773204,123.34240823669757,4040,135.97311066552055,38,3.578239754355804
25295,9.466645296480616,4.545458837397808,235.27765268471742,8005,270.3936702910842,41,6.594967568075225
25296,9.350483014330818,4.433289127928266,219.04583566925413,7353,165.36867353556747,40,4.134216838389187
25298,9.236049204690945,4.708797515308305,153.92068788251095,5299,201.19303867598433,41,4.907147284780105
25299,8.864544514453867,4.986541676101355,40.41326324364107,1465,120.25478278814337,41,2.9330434826376433
25300,9.396389531583376,4.827056512508011,163.304140112076,5748,148.39645393181164,42,3.5332489031383725
25301,9.273690592691661,4.879829015406336,117.53477708833333,4194,153.66126330253744,42,3.6586015072032723
25303,9.184905647953988,4.02830188785933,70.87025092327984,2168,49.177592688146014,34,1.446399784945471
25305,9.015108563726395,3.880056146472245,112.94589567840124,3315,113.92555163518855,35,3.2550157610053874
25306,9.069416512465844,3.740956728560957,56.93276010578278,1656,36.2488870991084,33,1.098451124215406
25309,9.467397934887785,4.410512151688196,197.8469461518599,6746,336.72666955225134,40,8.418166738806283
25310,9.346887083337997,4.5321627557330375,54.51710397094249,1863,76.98440143232422,41,1.8776683276176638
25311,9.548253279974505,4.335388046051865,138.51125075257636,4604,92.67633643255148,39,2.3763163187833714
25312,9.10196736974824,3.6864431786535183,110.03727705270208,3210,74.93593753067584,33,2.2707859857780557
25313,9.1753754840485,3.647325841832966,113.36359939318442,3293,56.71487680209181,33,1.7186326303664183
25314,9.549621898637232,4.306875304149922,89.71206960190146,3031,46.778697116292975,37,1.2642891112511614
25315,9.54586556536424,4.213233413186634,213.8705470055065,7104,225.28547261474893,40,5.632136815368723
25316,9.224740010233525,3.9663343166646055,110.0020854230248,3406,104.59753212085997,35,2.988500917738856
25317,9.188053455568289,4.168228607966401,126.56977810329228,3979,104.05041103786797,38,2.7381687115228415
25318,-7.509854188321546,5.920128015645997,288.5145631632268,1678,102.83337030346397,11,9.348488209405815
25319,-2.8424709353952418,5.135467421890491,127.47992294828146,1644,150.97126545778173,13,11.61317426598321
25320,-8.841287986719466,7.036620292665757,86.94537156020864,558,60.71523264988623,13,4.67040251152971
25321,-130.63650469257956,19.24518354735824,856396102384.133,846,132.53778814301035,12,11.044815678584195
25322,1.2506450186493365,2.7827317600150736,44.12297927333022,848,25.43749128222664,10,2.543749128222664
25323,2.4070383184804096,2.8938318187153516,38.96213515603765,882,64.0855056556179,12,5.3404588046348245
25328,-6.4178941252857715,5.7798966962641165,278.6156060435057,1966,97.06129609083187,12,8.088441340902657
25329,-2.8945351260530163,5.524250740372827,150.3341720073472,2179,141.32563697499248,14,10.094688355356606
25330,-2.0839000676355828,5.231774705818397,109.22919950562384,1768,110.79940786555706,14,7.914243418968361
25331,-21.642749791238693,9.417292626407802,2560.183498385249,2213,303.08601669153285,14,21.649001192252346
25333,-2.8736401079384177,5.072035048931256,75.35444952513043,990,126.954319035367,13,9.765716848874385
25334,0.43576871355275254,3.268256570348995,52.27345010632104,967,58.48689276858144,11,5.316990251689222
25336,-8.04125320610849,6.588386700205585,212.06998095446943,1311,108.2258154206582,13,8.325062724666015
25337,1.0762783735823065,3.1076644235014608,50.432026216656645,1010,54.67531857376751,11,4.970483506706137
25338,-0.5261023403309514,4.519849157667618,46.77672883420827,870,75.19610358636078,13,5.78431566048929
25340,-2.0411658226984564,4.896598097326496,70.57496823653986,1053,58.40222527417406,13,4.4924788672441585
25341,-0.3911271183636653,4.2804223102732175,30.935632935807966,563,22.91522629448454,13,1.7627097149603492
25342,0.0006343016859516334,4.153677338556397,40.669448804110345,789,64.14620706845936,12,5.345517255704947
25343,-17.216750822076744,7.81750972598055,1069.4093086055466,962,50.887956236616006,12,4.240663019718
25344,-23.381926313105176,9.161121341690087,3704.0805930933475,1712,99.52276455194345,12,8.293563712661955
25345,-10.190180844086527,7.373553990408604,178.981839792537,967,74.96763960679645,14,5.354831400485461
25356,8.86808306407772,3.744025498699708,242.1417763807778,7039,104.55472908847636,34,3.0751390908375402
25357,9.081044658526581,3.8998670516683362,232.95592282115604,6923,98.6693225352358,35,2.8191235010067373
25358,9.053777756662496,3.827043543121238,218.01377739826074,6414,99.41593748674777,35,2.8404553567642217
25359,8.836463951289298,3.3717658663139254,148.27730822189943,3923,43.3838931164463,29,1.4959963143602173
25360,8.895586060511727,3.467117660524462,146.58247519579422,3995,93.76214994415801,31,3.024585482069613
25363,9.019345645547402,4.2550760827715965,281.8351258000466,8852,201.88221582900198,37,5.45627610348654
25364,9.131182730227355,4.247271377238984,337.0521718951837,10684,253.74941924102413,38,6.677616295816424
25365,8.79794443447064,3.6685678151609795,195.12238945580918,5532,68.2821114576336,32,2.13381598305105
25366,9.102545840044822,3.525817884555671,102.0113409734447,2806,42.50447044864692,31,1.3711119499563522
25368,8.657318435184013,3.726992294726882,100.63265103143112,2877,62.2207342291668,33,1.8854767948232365
25370,9.21619377770467,3.5861357106257614,9.501935765095848,254,36.65648236193313,33,1.1108024958161555
25371,9.019623301395688,4.077134229875472,239.14471596908956,7221,655.4122663708196,37,17.71384503704918
25372,8.895034489962573,4.060275487990608,276.1655760111041,8332,249.29520418690197,37,6.737708221267621
25374,8.983211184632072,4.100133147598435,211.8873408260353,6369,218.9552566523721,37,5.9177096392533
25375,8.792571356487109,4.217900640197335,142.29658224255695,4313,249.0911591364402,37,6.73219349017406
25376,9.016031574817687,4.1547330192395995,133.02521686151238,4026,128.5162517266872,37,3.4734122088293833
25379,9.12411312724623,4.609433797438103,260.8983165776258,8765,286.0958122565405,40,7.152395306413513
25380,9.100485627411048,3.8094589769994593,252.98723552696407,7389,144.27941507688587,35,4.122269002196739
25381,8.992137909739395,3.7437584068666236,309.03070246562254,9002,97.34827475218908,33,2.9499477197633057
25382,8.884992761984174,3.5794806417764904,150.5442835127176,4181,67.81830465623905,31,2.1876872469754534
25383,8.698438446652906,3.655277738014768,122.02962400280916,3422,57.558697086803065,33,1.7442029420243352
25384,8.205503139646316,3.2373429074121525,74.25139691494965,1890,40.179448483706,28,1.4349803029894999
25385,8.580045618063506,3.302403507879551,213.39799775058282,5462,65.88190577504886,29,2.2717898543120296
25386,8.493266360666288,3.4616510282826956,205.37427321067298,5421,79.24148417604493,30,2.6413828058681643
25387,8.611989523628408,3.2350573343838587,182.66996680919578,4618,70.08794104621958,29,2.4168255533179166
25388,8.328635960705178,3.1797299160008836,89.51127150232327,2234,93.64719889658681,27,3.46841477394766
25389,8.409118942433338,3.235438464066149,87.10614683990785,2164,171.98863576158658,27,6.369949472651355
25394,8.436391117872576,3.3164548025871627,68.51547211541018,1739,48.079762241720935,30,1.6026587413906979
25395,8.768138788233777,3.3582698362119965,59.116224258654356,1502,32.76197237447152,29,1.129723185326604
25423,8.913635497796557,2.7016085600485256,104.11936980916013,2414,53.4436763231994,20,2.67218381615997
25424,8.656180284086764,2.702107094975728,91.58000174866402,2131,73.8348816953933,21,3.5159467473996813
25425,8.85115290291537,2.743982831025752,94.29480903673281,2198,59.65615685575309,21,2.8407693740834805
25426,8.647653899431342,2.8360779337164357,89.19162479328638,2139,43.918031126577475,21,2.0913348155513085
25427,8.453413509452604,2.576172341020602,97.21737388658937,2189,42.00517514236529,19,2.2107986917034363
25428,8.749144951677605,2.5982477102736627,113.84841722240405,2581,102.23830804650888,20,5.111915402325444
25429,8.91028843186897,2.6496120420897546,50.275681603501155,1132,28.072600436982253,20,1.4036300218491127
25430,8.612517854324624,2.5849366397000897,47.5966561816423,1067,148.97040998759616,20,7.448520499379808
25432,8.606720825900988,2.7774234254635504,49.46026319199976,1152,39.956392077705395,21,1.9026853370335903
25433,8.627425554800565,2.6150218092657225,35.18853487827228,794,40.28849071057979,19,2.120446879504199
25434,9.228514314288768,3.0828687130706114,151.9107743619313,3944,185.12595062007256,24,7.713581275836357
25435,9.147069089932037,3.127391250824671,155.63907877829232,4125,164.77140093992676,24,6.8654750391636155
25436,9.074598993853678,3.1304908516183314,170.63133801182232,4566,109.30342604111203,24,4.554309418379668
25437,8.963290093135075,2.984594102652308,163.72519638304,4228,144.5664777930134,24,6.023603241375558
25438,9.178463135021513,2.9782590642215867,80.74994971617734,2073,272.7574964970709,23,11.85902158682917
25439,8.786046696174026,2.6605897978257844,73.1742384804897,1711,174.24817112433962,21,8.297531958301887
25440,8.939225688627388,3.0861514650647175,52.32635176411546,1371,33.1940809556486,23,1.4432209111151566
25441,8.994123547957884,2.983797659429333,74.98306805812855,1923,80.41432716364992,23,3.4962750940717355
25442,9.237865425008167,3.0538103670647665,172.43040489669693,4569,116.04534064150022,24,4.835222526729176
25443,10.515428140591998,4.083386230122262,222.89908144345884,7647,192.6278595231284,35,5.50365312923224
25444,10.505301529836494,4.124174266067704,187.87525462883417,6567,147.30717627215063,35,4.208776464918589
25445,10.63457886557544,4.151538456799268,224.40992156849103,7821,634.3345885439468,35,18.123845386969908
25446,9.556901735791703,3.463110846841686,115.23379175656069,3370,140.23835624570046,28,5.008512723060731
25447,9.929648228378,3.4059796788684342,70.16039052467043,2054,70.17312745448619,27,2.5990047205365254
25448,10.141887510534124,3.75499533316432,156.12484185430594,5045,159.15608719095718,32,4.973627724717412
25449,10.167669939611987,3.9538431658556883,174.81151880831433,5859,636.4241764803256,33,19.285581105464413
25450,10.09187548755046,3.9317959169427503,142.64301338313578,4716,115.53257349033068,32,3.6103929215728336
25451,9.53525760003115,3.3951958885200404,89.36578540156131,2555,168.37612104843873,27,6.236152631423657
25452,9.467209888889274,3.261679275814298,90.08925888037587,2511,65.49407881851414,27,2.425706622907931
25453,9.810781581054849,3.5691309239214672,95.61086514071592,2898,417.3419774201862,28,14.905070622149507
25455,10.152416454260518,4.4034750180688915,2.1589461563608623,76,19.996663751910045,25,0.7998665500764018
25457,10.0183156794737,3.9601061251653222,4.602072363900135,151,35.527009300684114,30,1.1842336433561371
25459,9.59457725424694,3.91134508667281,2.6648418061248758,90,23.440597788659133,25,0.9376239115463654
25462,8.890482195207328,2.984870858714864,3.6312777126675586,90,17.20102559230478,21,0.8190964567764182
25463,7.070459690192371,2.523214417020941,1.574768162992529,34,5.718802692741289,11,0.5198911538855717
25464,10.20544012914726,2.8234725500912603,0.7605012427434008,17,4.589985412496945,10,0.45899854124969447
25465,8.068512695765229,3.415509081428824,2.850040848009138,72,25.324119075086916,24,1.0551716281286214
25466,7.664489542547047,4.7273766129168076,1.40574408177673,45,8.171223832904582,23,0.355270601430634
25467,10.604057190101464,3.9745241944290304,4.307354262192653,136,38.092269422982966,30,1.2697423140994322
25468,8.509679452035094,4.3882563490700495,2.7015104590987447,94,18.569413614923775,28,0.6631933433901348
25474,-7.861189987929743,6.9658132418781085,4.060397025754699,30,5.722689964947797,10,0.5722689964947797
25484,10.534625866510057,4.329363372464273,163.8117048339323,5834,235.10858835434462,36,6.530794120954017
25485,10.605662211773021,4.123932023880009,208.29676001266483,7258,161.6315464860499,36,4.489765180168053
25486,10.55333989049797,4.208165326090311,213.0589964378385,7622,186.7461447661425,36,5.187392910170625
25487,10.488698690885476,4.208966796322216,211.00880453092336,7546,170.13047317362245,36,4.725846477045068
25488,10.62763681811393,4.31195055126106,215.31494454521754,7761,148.57984025792805,36,4.127217784942446
25489,10.074378460688672,3.526329058326935,124.49337238126847,3749,70.67878096911153,28,2.524242177468269
25490,9.717470183885151,3.5247340823610864,94.78325518364247,2832,70.7676902152265,28,2.5274175076866605
25491,9.888299935098543,3.8855670138707747,185.09521282512165,6078,496.27809305948506,33,15.038730092711669
25492,9.8691335432858,3.73677114187649,180.23672636261597,5707,105.42316470119789,31,3.4007472484257386
25493,9.889781359788099,3.734273927344853,172.02747218614115,5462,119.91817877942484,31,3.8683283477233816
25494,9.879291870864343,3.7643646864185256,143.88836768117235,4572,301.9220179677341,32,9.435063061491691
25495,9.86904923256981,3.696163591934193,200.45963381708796,6323,169.69151585325616,31,5.47391986623407
25496,9.231853483959963,3.3573683770710696,88.12410811170436,2489,61.99170706102717,26,2.384296425424122
25497,9.53975153411876,3.414301219124514,91.24475861899487,2662,58.844641278201685,27,2.1794311584519144
25498,9.562673536614051,3.3189841424767876,99.72467830643637,2848,445.5872798513967,28,15.913831423264169
25499,10.728180682888524,4.428484053404135,83.61152276930588,3097,94.44844037447083,38,2.48548527301239
25500,10.680061117670114,4.58482389113995,73.13194880483836,2812,121.73705112665291,39,3.121462849401357
25501,10.797758503117223,4.499057044327716,84.26106210979704,3123,146.7130604142196,39,3.7618733439543486
25502,10.602004991490837,4.486597219642642,86.46755381900601,3206,822.5288613329072,39,21.090483623920697
25503,10.765253609925928,4.444808896655404,83.49296169066281,3085,138.72678431159912,39,3.557097033630747
25504,9.864825819513065,3.727611686879874,41.99051772959048,1331,106.35871168051145,29,3.6675417820866016
25505,10.26789668849462,3.6529882773386304,43.416890468120535,1358,49.18406640665724,29,1.6960022898847322
25506,10.559137185278805,4.511656287529894,85.51967533399944,3209,110.8971710905904,39,2.843517207451036
25507,10.748886872260261,4.134981907925151,101.49393285905998,3554,217.8713600037513,36,6.0519822223264255
25508,10.666240828380845,4.41123659949997,88.60138448020247,3244,102.63167714820568,37,2.773829112113667
25509,10.562383501186254,4.500519348495957,85.39850471240779,3234,130.0172777071223,39,3.3337763514646745
25510,10.647472841707012,4.710565543132517,29.841792111444644,1148,71.68011901219776,40,1.792002975304944
25511,10.82701917859527,4.948297087781168,51.3515470761392,2052,81.46720292876485,41,1.9870049494820694
25512,10.037183995801533,3.8361932952790907,43.82469338443524,1392,44.631093866334645,30,1.4877031288778215
25513,9.71408867228416,3.620414881387971,45.49849154935677,1387,38.501057280837216,29,1.3276226648564557
25514,9.99564385906424,3.9584805246759993,35.88547567300936,1204,52.98205492202501,31,1.7090985458717745
25515,10.616849548492482,4.7650956193245895,9.128284233749236,355,46.85867199494417,39,1.2015044101267736
25516,10.637154968423573,4.353504718573458,66.32645224529556,2406,76.32484183072202,36,2.120134495297834
25517,10.35822160484988,4.119591687128737,76.25734016270123,2650,143.174667418041,37,3.869585605893
25518,10.64486709658451,4.287026862625984,82.25860129917636,2939,73.70717825784926,36,2.0474216182735905
25519,10.36156139324577,3.955360960883895,80.7084411493267,2699,82.41090406002007,35,2.354597258857716
25520,10.476756220265926,4.309227360710447,83.46035541013475,3015,158.1263116595939,37,4.273684098907943
25532,10.794404317582815,4.478487493435188,81.62026328383048,3084,127.95875911381366,39,3.2809938234311193
25533,10.748050934722963,4.48297571019476,48.461923861480585,1799,279.5866886265965,40,6.989667215664913
25534,10.658850464124221,4.524368094468563,65.06553679478723,2409,80.59934820144801,37,2.1783607622012977
25536,10.747865864962872,4.870184361235278,20.03580084629666,790,66.13105370691875,40,1.6532763426729686
25538,10.566112184415543,4.51623912249918,75.82916411770864,2845,103.58262264054937,39,2.6559646830910095
25539,9.49026326861476,5.304231462633938,83.05483062187308,3154,116.8179182651581,44,2.6549526878445024
25540,9.47138816351424,5.344917045165307,89.61206416422799,3465,253.932229758167,44,5.771187039958341
25541,9.689613509208106,5.429215613395609,83.15774363852023,3235,161.1247080452006,44,3.661925182845468
25542,9.431469920435982,4.891928183980564,98.50401846665022,3596,160.5304648954831,43,3.733266625476351
25543,9.28309421585113,5.019426158993616,96.43983955684809,3600,111.04999126666183,42,2.644047411110996
25544,9.07260791773916,5.2937308996965085,87.66834486434657,3366,134.36455729590998,44,3.0537399385434085
25545,9.370098601158796,5.317273177663856,72.30939308822568,2768,273.4999899187266,44,6.2159088617892415
25546,9.448941754803387,5.228097736339933,86.34434498577635,3248,148.3410008285404,43,3.4497907169428
25547,9.506245164903026,5.1269059823379335,99.59522306807986,3754,148.6585643312236,43,3.4571759146796186
25548,9.465523773865042,5.054481053313458,51.06432942240854,1904,107.81978022874581,43,2.5074367495057164
